﻿importDateUTC,language,externalLink,eiosLink,title,originalTitle,summary,translatedDescription,description,categories,mentionedCountries,locations,mentionedPersons,mentionedOrgsEntities,source,sourceName,sourceCountry,sourceSubject,sourceType,id,emmId
2022-11-15T13:11:17.599Z,English,https://punchng.com/kano-flood-kills-13-displaces-13226-official/,https://portal.who.int/eios/#/items/398167419/kano-flood-kills-13-displaces-13226-official/full-article,"Kano flood kills 13, displaces 13,226 – Official",,"No fewer than 13 persons lost their lives while 13,226 persons were displaced during the recent flooding. The Executive Secretary of the Kano State Emergency Management Agency, Saleh Jili, disclosed this while briefing newsmen in Kano late Monday. He also said that a total of 14,364 farmers lost their farm produce during the disaster.",,"No fewer than 13 persons lost their lives while 13,226 persons were displaced during the recent flooding that ravaged Kano State. The Executive Secretary of the Kano State Emergency Management Agency, Saleh Jili, disclosed this while briefing newsmen in Kano late Monday.",Floods; Natural Disasters; Refugees and Internally Displaced Persons,Nigeria,"Kano in Kano State, Nigeria; Wudil in Kano State, Nigeria",,State Emergency Management Agency,punchng2,The Punch,Nigeria,General News,webnews,398167419,punchng2-8f5020e5620e8594dd9d7b186711309a
2022-11-15T12:56:14.394Z,English,https://gphin.canada.ca/cepr/showarticle.jsp?docId=1012811648,https://portal.who.int/eios/#/items/398165936/mpumalanga-confirms-cases-of-measles-16m-ago/full-article,Mpumalanga confirms cases of measles 16m ago,,"THE Mpumalanga Department of Health is on high alert as measles breakout hits the province.
Three laboratories have confirmed measles cases were detected in the Ehlanzeni district.GPHIN_relevance=0.906",,"THE Mpumalanga Department of Health is on high alert as measles breakout hits the province.
Three laboratories have confirmed measles cases were detected in the Ehlanzeni district.",Measles,South Africa,"Mpumalanga in Mpumalanga, South Africa",,,gphin,gphin,Canada,Medical,wire,398165936,gphin-a386418178f22022b0d14f586500400d
2022-11-15T11:39:17.704Z,English,https://punchng.com/kano-flood-kills-13-displaces-13226-official/,https://portal.who.int/eios/#/items/398160737/kano-flood-kills-13-displaces-13226-official/full-article,"Kano flood kills 13, displaces 13,226 – Official",,"No fewer than 13 persons lost their lives while 13,226 persons were displaced during the recent flooding. The Executive Secretary of the Kano State Emergency Management Agency, Saleh Jili, disclosed this while briefing newsmen in Kano late Monday. He also said that a total of 14,364 farmers lost their farm produce during the disaster.",,"No fewer than 13 persons lost their lives while 13,226 persons were displaced during the recent flooding that ravaged Kano State. The Executive Secretary of the Kano State Emergency Management Agency, Saleh Jili, disclosed this while briefing newsmen in Kano late Monday.",Floods; Natural Disasters; Refugees and Internally Displaced Persons,Nigeria,"Kano in Kano State, Nigeria; Wudil in Kano State, Nigeria",,State Emergency Management Agency,punchng,The Punch,Nigeria,General News,webnews,398160737,punchng-8f5020e5620e8594dd9d7b186711309a
2022-11-15T06:19:03.284Z,English,https://gphin.canada.ca/cepr/showarticle.jsp?docId=1012809735,https://portal.who.int/eios/#/items/398140640/more-deaths-from-nigeria-lassa-fever-eruption/full-article,More deaths from Nigeria Lassa fever eruption,,"This is one death less than half the number of casualties documented this time last year. Of all confirmed cases, 71 percent are from the states of Ondo (33 percent), Edo (25 percent) and Bauchi (13 percent) The predominant age group affected is 21-30 years.",,"from EMEKA OKONKWO in Abuja, Nigeria Nigeria Bureau ABUJA, (CAJ News) AT least 176 people have died from the rising outbreak of Lassa fever in Nigeria this year.This is one death less than half the number of casualties documented this time last year.
The figures provided by the Nigeria Centre for....",Fever; Lassa Fever,Nigeria,"Abuja in FCT, Nigeria; Edo in Tokyo, Japan; Bauchi in Bauchi, Nigeria",Emeka Okonkwo,Nigeria Centre,gphin,gphin,Canada,Medical,wire,398140640,gphin-32fbf3fedb3ab6a00f5ad203b60b442f
2022-11-15T02:44:09.632Z,English,https://gphin.canada.ca/cepr/showarticle.jsp?docId=1012808177,https://portal.who.int/eios/#/items/398128298/respiratory-illness-running-rampant-at-hsc-childrens-shared-health-patient-volumes-at-the-health-sciences-centre-childrens-hospital-emergency-departme/full-article,Respiratory illness running rampant at HSC Children's: Shared Health Patient volumes at the Health Sciences Centre Children’s Hospital emergency department are up to “unprecedented levels” due to an early start to the respiratory virus and influenza seas…,,"According to Shared Health, there were 201 patient visits to the children’s ED on Sunday, which is the highest patient count the department has seen in the last several years.GPHIN_relevance=0.827",,"According to Shared Health, there were 201 patient visits to the children’s ED on Sunday, which is the highest patient count the department has seen in the last several years.",Influenza virus not identified,Burkina Faso,"Centre in Centre, Burkina Faso; Centre in Centre, Haiti; Centre in Centre, Cameroon; Centre in Centre-Val de Loire, France",,,gphin,gphin,Canada,Medical,wire,398128298,gphin-75ea88d6560b6cf6a82901669c209784
2022-11-14T19:59:07.318Z,English,https://www.wattagnet.com/articles/46174-first-avian-flu-cases-confirmed-in-algeria-reunion?v=preview,https://portal.who.int/eios/#/items/398108756/first-avian-flu-cases-confirmed-in-algeria-reunion-wattagnet-industry-news-trends/full-article,"First avian flu cases confirmed in Algeria, Reunion - WATTAgNet Industry News & Trends",,"In the past month, highly pathogenic avian influenza (HPAI) has been reported for the first time in Algeria and Réunion. For the French overseas territory of Réunion, the H5N1 virus serotype has been detected. Affected were two flocks…",,"In the past month, highly pathogenic avian influenza (HPAI) has been reported for the first time in Algeria and Réunion. For the French overseas territory of Réunion, the H5N1 virus serotype has been detected for the first time ever in poultry at the start of October.",Avian influenza; H5N1,Algeria; Réunion,Algeria; Réunion,,Industry News,google,google-ansa,United States of America,General News,webnews,398108756,google-d4c88b43012d6f20a2b38a94374af642
2022-11-14T19:51:03.026Z,English,https://gphin.canada.ca/cepr/showarticle.jsp?docId=1012805740,https://portal.who.int/eios/#/items/398108335/floods-ravage-joburg-and-parts-of-tshwane/full-article,Floods ravage Joburg and parts of Tshwane,,364 people from Nancefield who were affected by this weekend’s heavy floods in Gauteng. Some used buckets to mop up their drenched floors when Sowetan visited the area yesterday. Joburg housing MMC Mlungisi Mabasa said his department is assessing the damage from the floods.,,"Emergency services ready to relocate residents
Emergency services ready to relocate residents whose homes have been damaged
Mpho Koka
It was the screams for help from her neighbours that woke Paulina Khoza, 30, and her 18 months old childup in her room at Nancefield Hostel in Soweto that saved her from the flood at the weekend.",Floods; Natural Disasters,South Africa,"Soweto in Gauteng, South Africa; Jo'anna in Gauteng, South Africa; Centurion in Gauteng, South Africa",Robert Mulaudzi,Emergency,gphin,gphin,Canada,Medical,wire,398108335,gphin-5edea0a519fbaedd049b61fd325096c2
2022-11-14T17:22:09.120Z,Russian,https://gphin.canada.ca/cepr/showarticle.jsp?docId=1012805116,https://portal.who.int/eios/#/items/398098255/south-africa-has-recorded-an-outbreak-of-h5n2-avian-influenza-reuters/full-article,South Africa has recorded an outbreak of H5N2 avian influenza - Reuters,В ЮАР зафиксирована вспышка птичьего гриппа H5N2 - Рейтер,,"An outbreak of highly pathogenic H5N2 avian influenza was recorded on a farm in eastern South Africa. This was reported on Monday by Reuters, citing the World Organization for Animal Health.
According to the data she received from South Africa, 58 birds were found on the farm that died from the H5N2 flu.","Вспышка высокопатогенного птичьего гриппа H5N2 зафиксирована на ферме на востоке ЮАР. Об этом сообщило в понедельник агентство Рейтер со ссылкой на Всемирную организацию по охране здоровья животных.
Согласно полученным ею из ЮАР данным, на ферме обнаружены 58 птиц, которые погибли от гриппа H5N2.",Avian influenza; Influenza HXNX Animal,South Africa,South Africa,,,gphin,gphin,Canada,Medical,wire,398098255,gphin-0817931ff91a4f4e30fe80a94d5909a9
2022-11-14T06:17:20.769Z,English,https://timesofindia.indiatimes.com/city/allahabad/23-fresh-dengue-cases-reported/articleshow/95498632.cms,https://portal.who.int/eios/#/items/398050823/23-fresh-dengue-cases-reported/full-article,23 fresh dengue cases reported,,"Sangam City reported 23 fresh dengue cases on Sunday taking the caseload to 1,246 so far this year. Health officials claimed that 1,179 patients have recovered while 67 others are undergoing treatment and seven have died. Officials advised citizens to take all precautionary measures to check the breeding of mosquitoes around their surroundings.",,"Prayagraj: Sangam City reported 23 fresh dengue cases on Sunday taking the caseload to 1,246 so far this year. Health officials claimed that 1,179 patients have recovered while 67 others are undergoing treatment and seven have died so far. A senior health official said the patients who tested....",Dengue Fever; Elderly,Cabo Verde; India,"Allahabad in Uttar Pradesh, India",,,timesofindia,Times of india,India,General News,webnews,398050823,timesofindia-f5c5c15f24e1f42d55a62bccfe64d4fa
2022-11-13T06:28:08.416Z,English,https://dailynews.co.zw/measles-outbreak-kills-over-700-children-malaria-claims-150/,https://portal.who.int/eios/#/items/397991221/measles-outbreak-kills-over-700-children-malaria-claims-150/full-article,Measles outbreak kills over 700 children… malaria claims 150,,"Measles outbreak kills over 700 children… malaria claims 150. “In our ongoing campaign on measles we managed to vaccinate 25 984 children out of a target of 30 376 which translates to 86 percent of our target population,"" says the country's health minister.",,"“In our ongoing campaign on measles we managed to vaccinate 25 984 children out of a target of 30 376 which translates to 86 percent of our target population.""

Measles outbreak kills over 700 children… malaria claims 150.

BY NYASHA DUBE AND TAMARY CHIKIWA A MEASLES outbreak in April killed over....",Children-Youth; Malaria; Measles; Vaccination,Zimbabwe,,,International Federation,dailynews-co-zw,DailyNews,Zimbabwe,General News,webnews,397991221,dailynews-co-zw-ef438d101fa6bb868a955ae1e39915b1
2022-11-12T06:20:11.957Z,English,https://gphin.canada.ca/cepr/showarticle.jsp?docId=1012793531,https://portal.who.int/eios/#/items/397931952/hcmc-records-29-dengue-deaths-this-year/full-article,HCMC records 29 dengue deaths this year,,"The Ho Chi Minh City Center for Disease Control (HCDC) said that in the past week, the number of dengue fever cases decreased by 21.7 percent compared to the average of four weeks ago. 29 people succumbed to the disease this year. From the beginning of the year until now, the city has recorded 72,091 cases of d Dengue.",,"The Ho Chi Minh City Center for Disease Control (HCDC) said that in the past week, the number of dengue fever cases decreased by 21.7 percent compared to the average of four weeks ago, but still higher than the same period in previous years. Worse, 29 people succumbed to the disease this year.",Dengue Fever; HFMD,Ghana,"Ho in Volta Region, Ghana",Minh City; Duc City,Centers for Disease Control,gphin,gphin,Canada,Medical,wire,397931952,gphin-b9a1057923fb6b752ed9fb88990e1d08
2022-11-11T20:46:09.839Z,English,https://flutrackers.com/forum/forum/emerging-diseases-other-health-threats-alphabetical-i-thru-z/polio/962565-zambia-moh-detects-polio-virus-in-kitwe-sewer-samples#post962565,https://portal.who.int/eios/#/items/397906600/zambia-moh-detects-polio-virus-in-kitwe-sewer-samples/full-article,Zambia: MoH detects polio virus in Kitwe sewer samples,,MoH detects polio virus in Kitwe. MoH has urged parents to ensure that their children are again vaccinated against Polio. The current virus is different from the one they were previously vaccinated against. Source: https://diggers.news/local/2022/11/1...irus-in-kitwe/,,"Source: https://diggers.news/local/2022/11/1...irus-in-kitwe/

MoH detects polio virus in Kitwe

By Nakaonga Nakaonga,

1th November 2022

THE Ministry of Health has announced that Zambia has recorded a confirmed isolate of poliovirus in Kitwe district.",Poliomyelitis; Vaccination,Zambia,"Kitwe in Copperbelt, Zambia",,Ministry of Health,flutrackers,flutrackers,United States of America,Medical,webnews,397906600,flutrackers-962565
2022-11-11T18:37:15.973Z,English,https://news.google.com/__i/rss/rd/articles/CBMiR2h0dHBzOi8vZGlnZ2Vycy5uZXdzL2xvY2FsLzIwMjIvMTEvMTEvbW9oLWRldGVjdHMtcG9saW8tdmlydXMtaW4ta2l0d2Uv0gEA?oc=5,https://portal.who.int/eios/#/items/397899893/moh-detects-polio-virus-in-kitwe-zambia-diggersnews/full-article,MoH detects polio virus in Kitwe - Zambia - diggers.news,,MoH detects polio virus in Kitwe - Zambia,,Polio -- Zambia. Significance Rating: 4MoH detects polio virus in Kitwe - Zambia ; ;,Poliomyelitis; healthmap,Zambia,"Kitwe in Copperbelt, Zambia",,,healthmap,healthmap,United States of America,Medical,wire,397899893,healthmap-c79dac19aad0a41d461232942d56730a
2022-11-11T15:55:08.644Z,English,https://www.tuko.co.ke/world/africa/482451-un-sounds-hunger-warning-northern-mozambique/,https://portal.who.int/eios/#/items/397889589/un-sounds-hunger-warning-for-northern-mozambique/full-article,UN sounds hunger warning for northern Mozambique,,"The UN's World Food Programme is delivering food assistance to one million people. The WFP warned it would be forced to suspend its aid at the peak of the hunger season in February unless an additional $51 million is urgently received. Cabo Delgado province is the epicentre of a five-year-old jihadist insurgency which has so far claimed 4,300 lives.",,"The UN's World Food Programme is delivering food assistance to one million people affected by the turmoil in the southern African nation.

But the WFP warned it would be forced to suspend its aid at the peak of the hunger season in February unless an additional $51 million is urgently received.",Food Security And Food Aid,Mozambique; Switzerland,"Maputo in Mozambique; Nampula in Nampula, Mozambique",,World Food Program,tuko,Tuko News,Kenya,General News,webnews,397889589,tuko-29203e8dca0ec354f437ab2489823ab6
2022-11-11T08:46:02.007Z,English,https://gphin.canada.ca/cepr/showarticle.jsp?docId=1012787947,https://portal.who.int/eios/#/items/397862701/malaria-cases-rise/full-article,Malaria cases rise,,"Mashonaland Central and Mashonaland East recorded the highest number of malaria cases from October 17- 23. Of the reported cases, 210 (12,7 percent) were from the under 5-year-olds category. Meanwhile, the 2022 cumulative cases for Malaria stand at 92 310 and 151 deaths.",,"THE Ministry of Health and Child Care (MoHCC) said Mashonaland Central and Mashonaland East recorded the highest number of malaria cases from October 17- 23.
In a statement, the Ministry said according to its Weekly Diseases Surveillance report, Zimbabwe recorded 1 650 malaria cases and four malaria deaths during that week.",Acute Jaundice Syndrome; Children-Youth; Fever; Malaria; Pregnant women; Vomiting,Zimbabwe,"Harare in Harare, Zimbabwe",Donald Mujiri,Ministry of Health; World Health Organization,gphin,gphin,Canada,Medical,wire,397862701,gphin-6a6660ae4c2ac40a057999ee4d0ae7d0
2022-11-10T22:21:14.903Z,English,https://flutrackers.com/forum/forum/africa/emerging-diseases-other-health-threats-ah/962470-ethiopia-mysterious-disease-spreads-in-somali-region#post962470,https://portal.who.int/eios/#/items/397838758/ethiopia-mysterious-disease-spreads-in-somali-region/full-article,Ethiopia - Mysterious disease spreads in Somali region,,"People in the Somali region in Ethiopia are infected with an unknown illness. Medical tests on some of the sick people revealed that these people do not contract the deadly dengue fever. The disease is still unknown to medical experts, although its symptoms are said to be similar to other diseases such as the common cold.",,"https://en.wikipedia.org/wiki/Somali_Region

-----------------------

Ethiopia: Mysterious disease spreads in Somali region

BY ADMIN ON NOVEMBER 10, 2022 •

Jigjiga November 09, 2022 (SD) – The government of the Somali region in Ethiopia said that in the last few days, people in the region are infected with an unknown illness.",Dengue Fever; Fever; Respiratory Symptoms; Unknown disease,Ethiopia; Somalia,"Somali in Somali, Ethiopia",,,flutrackers,flutrackers,United States of America,Medical,webnews,397838758,flutrackers-962470
2022-11-10T17:55:24.755Z,English,https://reliefweb.int/report/nigeria/west-and-central-africa-flooding-situation-8-november-2022,https://portal.who.int/eios/#/items/397822429/nigeria-west-and-central-africa-flooding-situation-as-of-8-november-2022/full-article,Nigeria: West and Central Africa: Flooding Situation - As of 8 November 2022,,"As of 8 November 2022, the worst flooding in years affected 5.9 million people in 20 countries in West and Central Africa. Heavy rains and floods continued to take a significant toll on human life, property, farmlands, and livestock, killing 1,132 people. Many of the affected regions were already struggling with high levels of food insecurity, malnutrition, instability, and violence.",,"SITUATION OVERVIEW. As of 8 November 2022, the worst flooding in years affected 5.9 million people in 20 countries in West and Central Africa. Heavy rains and floods continued to take a significant toll on human life, property, farmlands, and livestock, killing 1,132 people, injuring 4,005, and displacing 1.",Floods; Food Security And Food Aid; Natural Disasters,Chad; Democratic Republic of the Congo; Nigeria,Nigeria; Guinea; Liberia; Cameroon; Niger; Central African Republic; Chad; Congo; Benin; Democratic Republic of the Congo,,Civil Protection; Red Cross,reliefWeb,Relief Web,Switzerland,NGO,webnews,397822429,reliefWeb-ec4099e20729094da6dfd1e29dec6c6b
2022-11-10T17:12:09.147Z,English,http://www.africanews.com/2022/11/10/theres-an-urgent-need-to-stave-off-the-growing-hunger-crisis-in-parts-of-east-africa-irc-h/,https://portal.who.int/eios/#/items/397819619/theres-an-urgent-need-to-stave-off-the-growing-hunger-crisis-in-parts-of-east-africa-irc-head/full-article,"""There's an urgent need to stave off the growing hunger crisis in parts of East Africa.""- IRC head",,"Drought in the Horn of Africa has pushed people to the brink of starvation, destroying crops and killing livestock on which their survival depends. Acute food insecurity is rising fast and spreading across the world. An all-time high of 970 000 people are expected to face catastrophic hunger (IPC Phase 5)",,"International Rescue Committee (IRC) President and CEO David Miliband on Wednesday visited displaced communities that have been impacted by drought in a village in the Somali region of Ethiopia. During the visit, the former UK Foreign Secretary said there was an ""urgent need to stave off the growing hunger crisis in this part of East Africa.",Drought; Food Security And Food Aid,Afghanistan; Ethiopia; Somalia; Yemen,Somalia; Afghanistan; Yemen; Ethiopia; Sharm el-Sheikh in Egypt; Egypt; The United Kingdom,David Miliband,United Nations; IRC; Climate Change Conference; International Rescue Committee; World Food Program,en-africanews,Africa news - English version,Gabon,General News,webnews,397819619,en-africanews-a78c8e396483c64de93b9ccdc386a4ce
2022-11-10T15:18:40.542Z,English,https://africacdc.org/disease-outbreak/outbreak-brief-18-monkeypox-in-africa-union-member-states/,https://portal.who.int/eios/#/items/397810029/outbreak-brief-18-monkeypox-in-africa-union-member-states/full-article,Outbreak Brief 18: Monkeypox in Africa Union Member States,,"As of 07 November 2022, 78,379 confirmed cases of monkeypox and 202 deaths were reported from 109 countries/territories globally. The countries reporting the majority of cases are mainly in Europe and the Americas. Since the beginning of 2022, the continent has reported 7,201 cases (6,231 suspected; 970 confirmed) and 174 deaths (CFR: 2.4%)",,"Global Update (non-endemic countries) : As of 07 November 2022, 78,379 confirmed cases of monkeypox and 202 deaths were reported from 109 countries/territories globally. The countries reporting the majority of cases are mainly in Europe and the Americas.",Death and Monkeypox; Endemic; Mpox; Pox,Benin; Democratic Republic of the Congo; Ghana; Morocco; Nigeria,Benin; Mozambique; Liberia; Cameroon; Sudan; Egypt; Nigeria; Congo; Ghana; South Africa; Democratic Republic of the Congo; Morocco,,African Union; Ministry of Health; Member States,africacdc,Africa CDC,Ethiopia,Medical Official,Medical,397810029,africacdc-e7e64c5058fa5a5a97cfd1faf5c6d34a
2022-11-10T13:48:06.907Z,English,https://foreignaffairs.co.nz/2022/11/11/mil-osi-africa-measles-outbreak-cases-increase-to-35-in-limpopo/,https://portal.who.int/eios/#/items/397804502/mil-osi-africa-measles-outbreak-cases-increase-to-35-in-limpopo/full-article,MIL-OSI Africa: Measles outbreak cases increase to 35 in Limpopo,,Limpopo has recorded 14 new laboratory-confirmed measles cases in the province’s two sub-districts. This brings the number of laboratory- confirmed measles outbreak to 35 infections. This comes after the NICD declared a measles outbreak after three cases from two healthcare facilities were reported in the same district in October.,,"Source: South Africa News Agency. Limpopo has recorded 14 new laboratory-confirmed measles cases in the province’s two sub-districts between 8 and 9 November 2022, the National Institute for Communicable Diseases (NICD) reported on Thursday. This brings the number of laboratory-confirmed measles outbreak to 35 infections.",Adverse Events Following Immunization; Children-Youth; Encephalitis; Fever; Measles; Pneumonia; Rash; Respiratory Symptoms; Vaccination,South Africa,Giyani in South Africa; Ga-Kgapane in South Africa,,News Agency; Africa News,foreignaffairs-nz,Foreign Affairs,New Zealand,General News,webnews,397804502,foreignaffairs-nz-07e5c031d6af59a3d3f012e7d4b68f81
2022-11-10T13:34:15.041Z,English,https://ugandaradionetwork.com/story/mbale-registers-first-suspected-ebola-case,https://portal.who.int/eios/#/items/397803719/mbale-registers-first-suspected-ebola-case/full-article,Mbale Registers First Suspected Ebola Case,,"In short According to Dr. Wangisi, they recieved a suspected case of a 16-year-old boy from Kumi district who reported at Mbale Regional Referral Hospital Thursday morning with Ebola-like symptoms including hemorrhaging from his body parts and fever among others.",,"Become a subscriber to read this story in full Become a subscriber to read this story and access the latest stories on our website or to license our photos. More info here . Interested to become a regular client instead?

In short According to Dr. Wangisi, they recieved a suspected case of a....",Ebola; Fever,Kenya,Mbale in Kenya,,Referral Hospital,ugandaradionetwork,ugandaradionetwork,United States of America,General News,webnews,397803719,ugandaradionetwork-b694fb93e1f140e93e34042a85b38aba
2022-11-10T12:03:24.396Z,English,https://sputniknews.com/20221110/cholera-death-toll-in-malawi-soars-to-214-1103964963.html,https://portal.who.int/eios/#/items/397797345/cholera-death-toll-in-malawi-soars-to-214/full-article,Cholera Death Toll in Malawi Soars to 214,,"The present outbreak began in March in the country’s south and has so far affected 27 of Malawi's 29 districts. 79 percent of reported cases and 68 percent of deaths have occurred in only five Malawian districts. More than 7,000 people have been infected so far.",,"The cholera death toll in Malawi has reached 214 as the county experiences the disease’s worst outbreak in a decade.However, compared with October's peak rates, the recent numbers of daily cases have fallen: on Tuesday, 174 cases were reported, compared with more than 200 per day in late October.",Cholera:; Floods; Vaccination; Water shortage,Malawi,Malawi,,World Health Organization,ruvr-en,Sputnik - English,Russian Federation,General News,webnews,397797345,ruvr-en-58e68895f53b5ffb983c53b640251d27
2022-11-10T11:34:13.267Z,English,https://gphin.canada.ca/cepr/showarticle.jsp?docId=1012781001,https://portal.who.int/eios/#/items/397794697/nigeria-records-1601-yellow-fever-cases/full-article,"Nigeria records 1,601 yellow fever cases",,"The Nigeria Centre for Disease Control has reported a total of 1,601 suspected cases of yellow fever from 463 local government areas in 36 states of the federation and the Federal Capital Territory.GPHIN_relevance=0.742",,"The Nigeria Centre for Disease Control has reported a total of 1,601 suspected cases of yellow fever from 463 local government areas in 36 states of the federation and the Federal Capital Territory.",Fever; Yellow Fever,Nigeria,,,Nigeria Centre; Federal Capital Territory,gphin,gphin,Canada,Medical,wire,397794697,gphin-02e898ce1be1725437e68b19f76ac7f4
2022-11-09T20:56:30.683Z,English,https://taarifa.rw/uganda-confirms-yellow-fever-outbreak-three-dead/,https://portal.who.int/eios/#/items/397745515/uganda-confirms-yellow-fever-outbreak-three-dead/full-article,"Uganda Confirms Yellow Fever Outbreak, Three Dead",,Three people have been killed in a yellow fever outbreak in Uganda. The outbreak is in the midwestern and northwestern parts of the east African country. The yellow fever is mostly caused by a type of mosquitoes found in the tropics and sub-tropics. It is transmitted from person to person through mosquitoes and forest monkeys.,,"Ugandan health minister Ruth Aceng on Friday confirmed that three people have been killed in a yellow fever outbreak in the midwestern and northwestern parts of the east African country. Two adult men, who were 18 and 21 and dealing in cutting and trading timber between Uganda and neighboring South....",Adverse Events Following Immunization; Aedes mosquito; Fever; Gastroenteric Symptoms; Meningitis; TravelHealth; Vaccination; Vomiting; Yellow Fever,South Sudan; Uganda,South Sudan; Palau; Moyo in Uganda,Ruth Aceng,Vaccine Alliance; Ministry of Health; World Health Organization; Coordination Group,taarifa,Taarifa,Rwanda,General News,webnews,397745515,taarifa-a516308211fde8aa78f526dfed70e8b3
2022-11-09T19:04:04.931Z,English,https://dailynews.co.zw/harare-on-high-alert-as-cholera-claims-200-in-malawi/,https://portal.who.int/eios/#/items/397731434/harare-on-high-alert-as-cholera-claims-200-in-malawi/full-article,Harare on high alert as cholera claims 200 in Malawi,,By Nyasha Kunyiswa THE Harare City Council (HCC) says it is on high alert over a possible cholera outbreak following reports that...,,"By Nyasha Kunyiswa THE Harare City Council (HCC) says it is on high alert over a possible cholera outbreak following reports that...

To access this post, you must purchase a subscription. Visit https://dailynews.co.zw/subscriptions/ to select a package.",Cholera:,Zimbabwe,"Harare in Harare, Zimbabwe; Malawi",,Harare City Council,dailynews-co-zw,DailyNews,Zimbabwe,General News,webnews,397731434,dailynews-co-zw-c6bdee9cd09fa467639244b721472ffd
2022-11-09T16:40:17.973Z,English,https://www.sundaymail.co.zw/new-four-deaths-1-650-malaria-cases-in-single-week,https://portal.who.int/eios/#/items/397718322/new-four-deaths-1-650-malaria-cases-in-single-week/full-article,"NEW: Four deaths, 1 650 malaria cases in single week",,"At least four deaths and 1 650 malaria cases were recorded in a single week last month, a Weekly Diseases Surveillance report shows. Of the reported cases, 210 (12,7 percent) were from the under five-year-old category. Meanwhile, the 2022 cumulative cases of malaria to date stand at 92 310 and 151 deaths.",,"Online Reporter At least four deaths and 1 650 malaria cases were recorded in a single week last month, a Weekly Diseases Surveillance report shows. In a statement, the Ministry of Health and Child Care said the cases were reported for the period October 17 to 23.",Children-Youth; Malaria,Zimbabwe,"Murewa in Mashonaland East Province, Zimbabwe; Harare in Harare, Zimbabwe",,Ministry of Health,sundaymail,The Sunday Mail,Zimbabwe,General News,webnews,397718322,sundaymail-88b3947609569360303403d853042d8d
2022-11-09T10:41:09.332Z,English,https://www.eyeradio.org/health-experts-want-malaria-declared-national-disaster/,https://portal.who.int/eios/#/items/397696979/health-experts-want-malaria-declared-national-disaster/full-article,Health experts want malaria declared national disaster,,"Health experts are pushing for resolutions to declare malaria a national disaster in South Sudan. The call emerged during the opening of the ongoing national malaria conference in Juba. Malaria has been one of the biggest scourges on humanity for millennia. The disease still kills more than 400,000 people a year in the world.",,"This female anopheles freeborni is taking a blood meal from a human - courtesy. Health experts are pushing for resolutions to declare malaria a national disaster in South Sudan. The call emerged during the opening of the ongoing national malaria conference in Juba. Making an opening remark, the advisor at the conference, Dr.",Anopheles mosquito; Malaria,South Sudan; Sudan,Juba in South Sudan; Sudan,Ahmed Ismail,,eyeradio,Eye Radio - South Sudan,South Sudan,General News,webnews,397696979,eyeradio-8141fd52859773d44f3ea61861a609d6
2022-11-09T09:23:11.950Z,English,https://punchng.com/we-are-traumatised-scared-lagos-flood-victims/,https://portal.who.int/eios/#/items/397691968/we-are-traumatised-scared-lagos-flood-victims/full-article,"We are traumatised, scared -Lagos flood victims",,"Some residents of Abule Egba area of Lagos State have shared their flood-related experiences, citing the impact on their mental health, properties and well-being. A shop owner, Caroline Ibitoye and her daughter, Ayomide, recounted how the flood waters reached their chests, the scramble for something to hold on to in a bid to avoid being swept away. Another resident, Jamiu Lawal, stated that the flood in the area was caused by water released from the dam in Abeokuta, Ogun State.",,"Some residents of Abule Egba area of Lagos State have shared their flood-related experiences, citing the impact on their mental health, properties and well-being. A shop owner, Caroline Ibitoye and her daughter, Ayomide, recounted how the flood waters reached their chests, the scramble for something....",Floods; Natural Disasters,Nigeria,"Lagos in Lagos, Nigeria; Abeokuta in Ogun State, Nigeria",,,punchng,The Punch,Nigeria,General News,webnews,397691968,punchng-dfbbb85dc8254280a1ee0c10b0afe51b
2022-11-09T05:13:22.644Z,English,https://www.nationalaccordnewspaper.com/27m-children-at-risk-from-devastating-floods-840000-displaced-in-nigeria-unicef/,https://portal.who.int/eios/#/items/397682303/27m-children-at-risk-from-devastating-floods-840000-displaced-in-nigeria-unicef/full-article,"27m children at risk from devastating floods, 840,000 displaced in Nigeria – UNICEF",,"UN Children’s Fund (UNICEF) says overwhelming flooding has affected no fewer than 27.7 million children across 27 countries worldwide. The number of children affected by flooding in Chad, Gambia, Pakistan and northeast Bangladesh is the highest in over 30 years. UNICEF says that this year, floods have contributed to the increased spread of major killers of children.",,"UNICEF is among the most recognised social welfare organizations in the world. The UN Children’s Fund (UNICEF) says overwhelming flooding has affected no fewer than 27.7 million children across 27 countries worldwide.

According to the UN agency, the number of children affected by flooding in Chad,....",Children-Youth; Cholera:; Floods,Bangladesh; Chad; Gambia; Nigeria; Pakistan; Yemen,"Nigeria; Yemen; Jacobabad in Sindh, Pakistan; Chad; Bangladesh; Gambia; Nan in Thailand; South Sudan",Paloma Escudero,Global Communications; UN Children s Fund; UNICEF; UN agency,nationalaccordnewspaper,nationalaccordnewspaper,Nigeria,General News,webnews,397682303,nationalaccordnewspaper-62245966619bfc51dc32f706980ba711
2022-11-09T02:11:13.219Z,English,https://gphin.canada.ca/cepr/showarticle.jsp?docId=1012771263,https://portal.who.int/eios/#/items/397675925/flood-benue-records-24-deaths-over-134000-idps/full-article,"Flood: Benue records 24 deaths, over 134,000 IDPs",,"Death toll from recent floods in Benue State has hit 24 even as over 134,000 persons in 44 communities across 11 local government areas have been displaced. Executive Secretary, State Emergency Management Agency (SEMA), Dr. Emmanuel Shior disclosed this while briefing journalists during the monthly distribution of relief materials to IDPs in the state.",,"From Scholastica Onyeka, Makurdi
Death toll from recent floods in Benue State has hit 24 even as over 134,000 persons in 44 communities across 11 local government areas have been displaced.
Executive Secretary, State Emergency Management Agency (SEMA), Dr.",Floods; Natural Disasters; Refugees and Internally Displaced Persons,Nigeria,"Makurdi in Benue State, Nigeria",Emmanuel Shior,State Emergency Management Agency; Federal Government,gphin,gphin,Canada,Medical,wire,397675925,gphin-2aacf33494744d2dbb0297c952d9dac7
2022-11-09T00:56:12.479Z,Portuguese,https://gphin.canada.ca/cepr/showarticle.jsp?docId=1012769552,https://portal.who.int/eios/#/items/397672753/malaria-cases-increase-in-nampula/full-article,Malaria cases increase in Nampula,Aumentam casos de malária em Nampula,,"More than 2 million people have caught malaria in Nampula province this year, representing a 10% increase. There were also 49 deaths due to the disease.","Mais de 2 milhões de pessoas apanharam malária na província de Nampula, este ano, representando um aumento de 10%. Houve ainda 49 mortos devido à doença.",Malaria,Mozambique,"Nampula in Nampula, Mozambique",,,gphin,gphin,Canada,Medical,wire,397672753,gphin-4e11646f6f2391624ddf5a93827416fc
2022-11-08T21:50:08.383Z,English,http://apanews.net/en/tv/senegal-acces-un-projet-pour-booster-les-pme,https://portal.who.int/eios/#/items/397666895/sngal-accs-un-projet/full-article,Sénégal : ‘’Accès’’ un projet...,,No single cholera case in last five years - Ghana VP. Zulu King Misuzulu inaugurated. Burkina Le Capitaine Ibrahim Traoré signe la Charte de la... 11-October-2022 to 10:41 Tchad : Prestation de serment du Général Mahamat Idriss Deby. Côte d’Ivoire : Procédures et avantages de the promotion des.,,19-October-2022 to 10:58 Ghanaian leader cuts sod for 4-tier Suame interchange 12-October-2022 to 12:07 No single cholera case in last five years - Ghana VP 26-October-2022 to 10:34 Press focuses on assurance of positive outcome in discussion... 30-October-2022 to 10:46 Zulu King Misuzulu....,Cholera:,Ghana,Ghana,Idriss Deby; Ibrahim Traore,,apanews-en,African Press Agency,Senegal,General News,webnews,397666895,apanews-en-74b1165e69e7025dc6e5aca8554ad13c
2022-11-08T20:26:07.660Z,English,https://gphin.canada.ca/cepr/showarticle.jsp?docId=1012769467,https://portal.who.int/eios/#/items/397661641/gauteng-records-over-1-000-positive-cases-of-malaria-this-year/full-article,Gauteng records over 1 000 positive cases of malaria this year,,"Gauteng health department has announced that the province has recorded 1 103 malaria cases and 11 deaths over nine months this year. This is according to Gauteng Health and Wellness MEC Nomantu Nkomo-Ralehoko, who encouraged travellers...GPHIN_relevance=0.766",,"The Gauteng health department has announced that the province has recorded 1 103 malaria cases and 11 deaths over nine months this year.
This is according to Gauteng Health and Wellness MEC Nomantu Nkomo-Ralehoko, who encouraged travellers ...",Malaria,South Africa,"Gauteng in Gauteng, South Africa",,,gphin,gphin,Canada,Medical,wire,397661641,gphin-43378038e332939ae3bfa6938afed80f
2022-11-08T17:44:26.585Z,English,https://www.independent.co.ug/kakumiro-uneb-scout-evacuated-for-presenting-ebola-symptoms/,https://portal.who.int/eios/#/items/397652869/kakumiro-uneb-scout-evacuated-for-presenting-ebola-symptoms/full-article,KAKUMIRO: UNEB scout evacuated for presenting Ebola symptoms,,"The scout had been deployed at Kings Way Primary school in Igayaza town council, to monitor the Primary Leaving Examinations-PLE, which started Tuesday morning. He complained of severe headache, general body pain, and fever, and started bleeding through the mouth. Suspect was evacuated to Mubende hospital.",,"Suspect was evacuated to Mubende hospital. Kakumiro, Uganda | THE INDEPENDENT | A UNEB scout has been evacuated from Kakumiro district to Mubende hospital after presenting with Ebola-like symptoms. The scout had been deployed at Kings Way Primary school in Igayaza town council, to monitor the....",Ebola; Fever,Uganda,Mubende in Uganda,,The Independent,independent-UG,The Independent,Uganda,General News,webnews,397652869,independent-UG-be70c8819bb96aa2af92e1a5729e7dac
2022-11-08T15:47:10.955Z,English,https://www.citizen.co.za/news/south-africa/two-bloemfontein-primary-schools-closed-heavy-rains-november-2022/,https://portal.who.int/eios/#/items/397645623/two-bloemfontein-primary-schools-shut-their-doors-due-to-heavy-rains/full-article,Two Bloemfontein primary schools shut their doors due to heavy rains,,"Free State Department of Education has temporarily closed two primary schools in Bloemfontein due to flooding and heavy rains. Caleb Motshabi and Sedibeng Sa Thuto Primary School were severely affected by the level 4 disruptive rains that led to flooding across low-lying areas, roads and informal settlements. The department’s spokesperson, Howard Ndaba said they took the decision because the conditions were disruptive to learning.",,"Screengrab of a man helping young pupils cross a river by throwing them to another man across the water in the Free State.

The Free State Department of Education has temporarily closed two primary schools in Bloemfontein due to flooding and heavy rains.",Floods; Natural Disasters; School Closures,South Africa,"Bloemfontein in Orange Free State, South Africa",Howard Ndaba,State Department; Emergency,citizen,The Citizen,South Africa,General News,webnews,397645623,citizen-471f0c23d082af033f7466ecb630f7a3
2022-11-08T15:25:04.106Z,Portuguese,https://novojornal.co.ao/internacional/interior/ebolauganda-antecipa-fim-do-ano-lectivo-para-evitar-novas-infeccoes-e-tentar-conter-surto-110756.html,https://portal.who.int/eios/#/items/397644446/ebola-uganda-anticipates-order-of-the-school-year-to-avoid-new-infections-and-try-to-contain/full-article,Ebola: Uganda anticipates order of the school year to avoid new infections and try to contain...,Ébola: Uganda antecipa fim do ano lectivo para evitar novas infecções e tentar conter...,,"""The government considered and adopted a proposal of the ministry of health to reduce the third six months in two weeks to unblock schools that may increase the vulnerability of children to infeções by MVE [disease by ebola virus],"" said the minister of education, Janet Museveni, cited by Lusa.","""O Governo considerou e aprovou uma proposta do Ministério da Saúde para reduzir o terceiro semestre em duas semanas, a fim de descongestionar as escolas que possam aumentar a vulnerabilidade das crianças às infeções por MVE [Doença por Vírus Ébola] "", afirmou a Ministra da Educação, Janet Museveni, citada pela Lusa.",Children-Youth; Ebola; Malaria; Vaccination; Vomiting,Ecuador; Uganda,"Kampala in Uganda; Ecuador; Liberia; Conakry in Conakry Region, Guinea; Sudan; Nigeria; Sierra Leone; Mubende in Uganda; Wakiso in Uganda",Janet Museveni,World Health Organization,novojornal,Novo Jornal,Angola,General News,webnews,397644446,novojornal-6c7a63c4f11e3d0623eb86c6dfb72bc3
2022-11-08T15:11:01.638Z,English,https://gphin.canada.ca/cepr/showarticle.jsp?docId=1012767481,https://portal.who.int/eios/#/items/397643876/ugandan-schools-ordered-to-close-early-as-ebola-spreads/full-article,Ugandan schools ordered to close early as Ebola spreads,,"Ugandan Minister of Education, Janet Museveni has ordered an early third term closure of the country’s pre-primary, primary and secondary schools. As of November 3, the total of cases of confirmed infections in the country were 131, and 48 deaths. 23 children have been infected so far, of which 8 have died.",,"Uganda’s Minister of Education, Janet Museveni has ordered an early third term closure of the country’s pre-primary, primary and secondary schools in order to curb the spread of Ebola.
The schools were meant to start their holidays by December 9, but due to the Minister’s order, they will have to start as early as November 25.",Children-Youth; Ebola; Fever; HaemorrhagicSyndrome; Hemorrhagic fever; School Closures; Vaccination; Vomiting,Rwanda; Uganda,"Mubende in Uganda; Kigali in Kigali, Palau; Kampala in Uganda; Sudan",Janet Museveni; Tedros Adhanom Ghebreyesus,World Health Organization,gphin,gphin,Canada,Medical,wire,397643876,gphin-80e0f44cd43a56ecbdb90219d219fcbf
2022-11-08T14:44:07.760Z,English,https://reliefweb.int/report/mozambique/mozambique-climate-action-fact-sheet-november-2022,https://portal.who.int/eios/#/items/397642011/mozambique-climate-action-fact-sheet-november-2022/full-article,Mozambique: Climate Action Fact sheet - November 2022,,"Mozambique is among the most adversely affected countries globally by climate related hazards such as cyclones, tropical storms, floods and drought. Displaced populations are disproportionately exposed and vulnerable to climate-related shocks. UNHCR supports the inclusion of all refugees and IDPs in national services and systems.",,"Attachments Mozambique hosts more than 29,000 refugees and asylum-seekers, while more than one million people remain displaced internally due to violence perpetrated by non-state armed groups and the devastating impacts of climate change, including cyclical extreme weather events.",Cyclonic storm; Floods; Natural Disasters,Mozambique,Mozambique; Gombe in Nigeria,,United Nations High Commissioner for Refugees,reliefWeb,Relief Web,Switzerland,NGO,webnews,397642011,reliefWeb-ba5ced85b518515ea235530ce6e197fc
2022-11-08T13:57:05.288Z,English,https://www.timeslive.co.za/news/south-africa/2022-11-08-in-pics-more-rain-hits-gauteng/,https://portal.who.int/eios/#/items/397638571/in-pics-more-rain-hits-gauteng/full-article,IN PICS | More rain hits Gauteng,,"Gauteng woke up to more rain on Tuesday morning, with some roads flooding. TimesLIVE photographer Alaister Russell went out on the streets in Johannesburg to capture these images. A pigeon bathes in a puddle in Newtown, Johannesburg, during rainy weather on November 8 2022.",,"A pigeon bathes in a puddle in Newtown, Johannesburg, during rainy weather on November 8 2022, Image: Alaister Russell/The Sunday Times.

Gauteng woke up to more rain on Tuesday morning, with some roads flooding. TimesLIVE photographer Alaister Russell went out on the streets in Johannesburg to capture these images.",Floods; Natural Disasters,South Africa,"Jo'anna in Gauteng, South Africa",,Sunday Times,thetimes-za,The times - from South Africa,South Africa,Unknown,webnews,397638571,thetimes-za-2ec3c8cc197ef3d8c4a30a3c0750e12b
2022-11-08T11:57:09.856Z,English,https://radiotamazuj.org/en/news/article/2-suspected-ebola-patients-discharged-from-nimule-hospital,https://portal.who.int/eios/#/items/397631258/2-suspected-ebola-patients-discharged-from-nimule-hospital/full-article,2 suspected Ebola patients discharged from Nimule Hospital,,Two patients who were suspected to have contracted Ebola and isolated at Nimule Hospital in Eastern Equatoria State were discharged over the weekend. The two patients were later referred to get treatment for malaria and trauma counseling respectively. A surveillance team and trained personnel from Juba have been deployed along the border points to screen and manage Ebola cases.,,"Two patients who were suspected to have contracted Ebola and isolated at Nimule Hospital in Eastern Equatoria State were discharged over the weekend. According to health officials, the two patients were later referred to get treatment for malaria and trauma counseling respectively.",Ebola; Malaria,South Sudan,Juba in South Sudan,,,radiotamazuj,Radio Tamazuj,Sudan,General News,webnews,397631258,radiotamazuj-67568dc213ac4aaaf008357a61250547
2022-11-08T10:44:10.877Z,English,https://www.dw.com/en/new-ebola-case-confirmed-in-congo/a-61569485,https://portal.who.int/eios/#/items/397626508/new-ebola-case-confirmed-in-congo/full-article,New Ebola case confirmed in Congo,,"A 31-year old man died of the infectious disease in the city of Mbandaka, the capital of DRC's Equateur province. The patient began showing symptoms on April 5, but did not seek treatment for more than a week. He was admitted to an Ebola treatment center on April 21 and died later that day.",,"The WHO hopes that the vaccination campaign will help curb the spread of Ebola in Democratic Republic of Congo Image: Al-hadji Kudra Maliro/AP/picture alliance.

A new case of Ebola has been reported by authorities in Congo , just four months after the end of the last outbreak.",Communicabledisease; Ebola; Fever; Vaccination,Congo; Democratic Republic of the Congo,"Congo; Kinshasa in Kinshasa, Democratic Republic of the Congo; Mbandaka in Équateur, Democratic Republic of the Congo",,World Health Organization,deutschewelle-en,Deutsche Welle (english),Germany,General News,webnews,397626508,deutschewelle-en-99313c951c8569584ebc5108291f46f5
2022-11-08T07:51:06.250Z,English,https://www.coronaheadsup.com/news/did-a-lab-leak-cause-west-africas-ebola-outbreak-of-2014/,https://portal.who.int/eios/#/items/397619371/did-a-lab-leak-cause-west-africas-ebola-outbreak-of-2014-coronaheadsupcom/full-article,Did a lab leak cause West Africa's Ebola outbreak of 2014? - Coronaheadsup.com,,"Tulane and Metabiota at Kenema do not meet international standards for biosecurity. 29,000 people were infected and more than 11,000 died in West Africa's Ebola outbreak of 2014. An extensive look into the origins of the 2014 Ebola outbreak.",,"Did a lab leak cause West Africa’s Ebola outbreak of 2014?

“Both labs [Tulane and Metabiota at Kenema] do not meet international standards for biosecurity.” An extensive look into the origins of the 2014 Ebola outbreak in which 29,000 people were infected and more than 11,000 died.",Ebola,Sierra Leone,"Kenema in Eastern Province, Sierra Leone",,,ebola,Ebola alerts,xx,Medical,Medical,397619371,ebola-5227e363e3909f552072313cfb547759
2022-11-07T21:00:14.807Z,English,https://gphin.canada.ca/cepr/showarticle.jsp?docId=1012762403,https://portal.who.int/eios/#/items/397596102/a-malaria-outbreak-in-ethiopia-came-from-an-invasive-asian-mosquito/full-article,A malaria outbreak in Ethiopia came from an invasive Asian mosquito,,"In early 2022, malaria cases in the Ethiopian city of Dire Dawa surged, with more than 2,400 people sickened. The spike in infections was the work of an invasive mosquito species that’s spreading across Africa. In Africa, the primary malaria vector is Anopheles gambiae. A. stephensi was first reported on the African continent in Djibouti in 2012.",,"In early 2022, malaria cases in the Ethiopian city of Dire Dawa surged, with more than 2,400 people sickened. The spike in infections was the work of an invasive mosquito species that’s spreading across Africa, scientists report.
The finding, presented November 1 in Seattle at the annual meeting of....",Anopheles mosquito; Malaria; Plasmodium; Tropicalmedicine,Australia; Djibouti; Ethiopia; India; Netherlands; Somalia,"Dire Dawa in Dire Dawa, Ethiopia; Djibouti; Australia; Somalia; Addis Ababa in Addis Ababa, Ethiopia; Netherlands; India; Nigeria",Teun Bousema,Armauer Hansen Research Institute; American Society; James Cook University,gphin,gphin,Canada,Medical,wire,397596102,gphin-ca2e33d8c57f613ea93c357523f8f9f9
2022-11-07T14:07:20.491Z,English,https://www.biorxiv.org/content/10.1101/2022.11.03.514981v1,https://portal.who.int/eios/#/items/397571178/investigating-the-zoonotic-origin-of-the-marburg-virus-outbreak-in-guinea-in-2021/full-article,Investigating the Zoonotic Origin of the Marburg Virus Outbreak in Guinea in 2021,,"In 2021, a patient died from Marburg virus (MARV) disease in Guinea, which was the first confirmed case in West Africa. Prior to this outbreak, MARV had been found in bats in the neighboring Sierra Leone. In Guinea, this virus has never been found before.",,"Abstract. In 2021, a patient died from Marburg virus (MARV) disease in Guinea, which was the first confirmed case in West Africa. The source of the outbreak has not been identified. It was revealed only that the patient had not traveled anywhere before the illness. Prior to this outbreak, MARV had been found in bats in the neighboring Sierra Leone.",Marburg Hemorrhagic Fever; Travel; TravelHealth; Zoonoses,Guinea; Sierra Leone,Guinea; Sierra Leone,,,biorxiv,biorxiv,United States of America,General News,webnews,397571178,biorxiv-05840ea1e93a2b9c49ac00636df241d2
2022-11-07T14:01:08.844Z,English,https://ugandaradionetwork.com/story/amuru-registers-174-new-cases-of-tuberculosis,https://portal.who.int/eios/#/items/397570839/amuru-registers-174-new-cases-of-tuberculosis/full-article,Amuru Registers 174 New Cases of Tuberculosis,,"The cases were registered during a community screening testing and treatment exercise conducted in September and October this year. In short Geoffrey Ocan, the District Health Secretary told URN that the cases were reported to him during the screening exercise. Apaa Health Centre II is one of the health facilities struggling to test for TB. Photo by Emmy Daniel Ojara.",,"Become a subscriber to read this story in full Become a subscriber to read this story and access the latest stories on our website or to license our photos. More info here . Interested to become a regular client instead?

Apaa Health Centre II is one of the health facilities struggling to test for TB.",Tuberculosis,Burkina Faso,"Centre in Centre, Burkina Faso; Centre in Centre, Haiti; Centre in Centre, Cameroon; Centre in Centre-Val de Loire, France",,,ugandaradionetwork,ugandaradionetwork,United States of America,General News,webnews,397570839,ugandaradionetwork-d172fcbb78980dc0e3b14fc4c3c9a06a
2022-11-07T13:58:01.844Z,English,https://clubofmozambique.com/news/mozambique-malaria-spraying-to-cover-1-7-million-homes-this-rainy-season-228219/,https://portal.who.int/eios/#/items/397570719/mozambique-malaria-spraying-to-cover-17-million-homes-this-rainy-season/full-article,Mozambique: Malaria spraying to cover 1.7 million homes this rainy season,,"The Mozambican government will spray over 1.7 million households to prevent an increase in malaria cases during the current rainy season. “The insecticides we will use are proven by the World Health Organization. Their effect on mosquito mortality happens in the medium and short term, in a minimum period of six months,” said Deputy Health Minister Farida Urci.",,"The Mozambican government will spray over 1.7 million households to prevent an increase in malaria cases during the current rainy season, an official source announced on Monday. “The insecticides we will use are proven by the World Health Organization.",Malaria,Mozambique,"Maputo in Mozambique; Inhambane in Inhambane Province, Mozambique",Farida Urci,Mozambican government; World Health Organization,clubofmozambique,Club of Mozambique,Mozambique,General News,webnews,397570719,clubofmozambique-1ef692224aec8b81e902bfc0c1d9106c
2022-11-07T13:50:15.010Z,English,https://gphin.canada.ca/cepr/showarticle.jsp?docId=1012759914,https://portal.who.int/eios/#/items/397570165/moh-cautions-against-unauthorized-rdts-for-ebola-on-the-market-uganda-radionetwork/full-article,MOH Cautions against Unauthorized RDTs for Ebola on the Market :: Uganda Radionetwork,,"Dr Henry Mwebesa, the Director General of Health Services said they received an alert that several private health facilities are testing people using RDTs yet these are not authorized for confirmation of the viral hemorrhagic disease. Dr Henry M webesa said that PCR is the ONLY authorized testing method for Ebola.",,"Dr Henry Mwebesa, the Director General of Health Services said they received an alert that several private health facilities are testing people using RDTs yet these are not authorized for confirmation of the viral hemorrhagic disease.


https://twitter.",Ebola,Uganda,Uganda,Henry Mwebesa; Director General,,gphin,gphin,Canada,Medical,wire,397570165,gphin-2f14af54f526913b5e84476497567516
2022-11-07T11:44:15.290Z,Portuguese,https://www.noticiasaominuto.com/mundo/2107588/pulverizacao-contra-malaria-em-1-7-milhoes-de-residencias-em-mocambique,https://portal.who.int/eios/#/items/397562403/pulverisation-against-malaria-in-17-million-homes-in-mozambique/full-article,Pulverisation against malaria in 1.7 million homes in mozambique,"Pulverização contra malária em 1,7 milhões de residências em Moçambique",,"The mozambique's inseticidas that we shall be using are evidenced by the World Health Organization. Their effect on the mortality of mosquitoes happens in the medium and long terms, a period of at least six months "", stated the deputy minister of health, Farida Urci cited today by daily news.","""O Moçambique s inseticidas que vamos usar são comprovados pela Organização Mundial da Saúde. O seu efeito na mortalidade dos mosquitos acontece a médio e curto prazo, num período mínimo de seis meses"", declarou a vice-ministra da Saúde, Farida Urci, citado hoje pelo diário Notícias.",Malaria,Mozambique,"Maputo in Mozambique; Inhambane in Inhambane Province, Mozambique",Farida Urci,World Health Organization,noticiasaominuto,noticiasaominuto,Brazil,General News,webnews,397562403,noticiasaominuto-2f0432cec2d684395083f80135214adb
2022-11-07T11:35:20.105Z,English,https://news.google.com/__i/rss/rd/articles/CBMiUmh0dHBzOi8vdWdhbmRhcmFkaW9uZXR3b3JrLm5ldC9zdG9yeS9hbXVydS1yZWdpc3RlcnMtMTc0LW5ldy1jYXNlcy1vZi10dWJlcmN1bG9zaXPSAQA?oc=5,https://portal.who.int/eios/#/items/397561799/amuru-registers-174-new-cases-of-tuberculosis-uganda-radionetwork-uganda-radio-network/full-article,Amuru Registers 174 New Cases of Tuberculosis :: Uganda Radionetwork - Uganda Radio Network,,Amuru Registers 174 New Cases of Tuberculosis :: Uganda Radionetwork,,Tuberculosis -- Uganda. Significance Rating: 3Amuru Registers 174 New Cases of Tuberculosis :: Uganda Radionetwork ; ;,Tuberculosis; healthmap,Uganda,Uganda,,,healthmap,healthmap,United States of America,Medical,wire,397561799,healthmap-9550376acdca7a2ebc39371d913ed8dc
2022-11-07T11:32:11.737Z,English,https://independent.ng/integrated-measles-campaign-cross-river-govt-who-targets-761951-children-for-measles-vaccination/#respond,https://portal.who.int/eios/#/items/397561584/leave-a-comment-on-integrated-measles-campaign-cross-river-govt-who-targets-761951-children-for-measles-vaccination/full-article,"Leave a comment on: “Integrated Measles Campaign: Cross River Govt, WHO Targets 761,951 Children For Measles Vaccination”",,"The Cross River State Government, WHO, UNICEF and other partners are targeting atleast 761,951 children between 9-59 months for measles vaccination. “We urge all parents, especially mothers to ensure their children are vaccinated and they should also be our ambassador by informing others around them to benefit from the exercise:” he said.",,"The State Coordinator of the WHO in the state, Doctor Salisu Ibrahim explained the programme which would last for 7 days, urging parents, mothers and care-givers to come out, and bring out their children for the vaccination as well encourage their neighbours to do the same.",Children-Youth; Measles; Refugees and Internally Displaced Persons; Vaccination,Nigeria,"Cross River State in Cross River State, Nigeria",Director General,UNICEF; World Health Organization; Development Agency,independent-ng,independent,Nigeria,General News,webnews,397561584,independent-ng-b8cbd117e95e5a49432f862304a06dbe