﻿importDateUTC,language,externalLink,eiosLink,title,originalTitle,summary,translatedDescription,description,categories,mentionedCountries,locations,mentionedPersons,mentionedOrgsEntities,source,sourceName,sourceCountry,sourceSubject,sourceType,id,emmId
2022-11-07T05:24:07.653Z,English,https://diggers.news/local/2022/11/07/who-urges-zambians-to-be-on-high-alert-for-cholera-outbreak/,https://portal.who.int/eios/#/items/397546669/who-urges-zambians-to-be-on-high-alert-for-cholera-outbreak/full-article,WHO urges Zambians to be on high alert for cholera outbreak,,"WHO country representative Dr Nathan Bakyaita said the active movement of people between Malawi and Zambia placed Zambia at risk of a possible outbreak. “We are aware of the devastating cholera outbreak in our neighbouring country and we are commiserating with them. Let us all be aware in Zambia,"" he said.",,"THE World Health Organisation (WHO) has urged Zambians to be highly cautious and look out for possible signs of cholera, owing to the onset of rains and the outbreak being recorded in neighbouring Malawi. In an interview, WHO country representative Dr Nathan Bakyaita said the active movement of....",Cholera:,Malawi; Zambia,Malawi; Zambia,Nathan Bakyaita,World Health Organization,diggers.news,Zambia Diggers News,Zambia,General News,webnews,397546669,diggers.news-d5036d98547c24a1243680c4038abd2e
2022-11-07T03:50:05.764Z,English,https://gphin.canada.ca/cepr/showarticle.jsp?docId=1012757671,https://portal.who.int/eios/#/items/397544371/how-to-protect-your-children-against-malaria/full-article,How to protect your children against malaria,,"The mosquito is the primary vector of malaria, a serious and sometimes fatal parasitic disease. Mosquito populations and mosquito-borne diseases have increased globally as a result of global warming and climate change. Malaria is primarily transmitted in low-altitude areas of northeastern South Africa. Disease transmission can be reduced by using mosquito nets and insect repellents to prevent mosquito bites.",,"Did you know that the most dangerous predator on the planet isn't a shark, lion, croc, or hippo? It's a mosquito!
With summer just around the corner, and some families making plans to spend their December holidays in areas where malaria occurs, we take a look at what malaria is and how you can protect yourself and your children from this disease.",Communicabledisease; Influenza virus not identified; Malaria; Pregnant women; TravelHealth; Vaccination; Vector-borne diseases; Vomiting,South Africa,"Mpumalanga in KwaZulu-Natal, South Africa",,,gphin,gphin,Canada,Medical,wire,397544371,gphin-337134f0e5bd0514dbd497579b49cd96
2022-11-07T03:42:04.427Z,English,https://timesofindia.indiatimes.com/city/allahabad/37-new-dengue-cases-surface-tally-now-over-1k/articleshow/95345598.cms,https://portal.who.int/eios/#/items/397543977/37-new-dengue-cases-surface-tally-now-over-1k/full-article,"37 new dengue cases surface, tally now over 1K",,"Sangam City reported 37 fresh dengue cases on Sunday taking the caseload to 1,087 so far this year. Health officials claimed that 1,005 patients have recovered while 82 others are undergoing treatment while six have died so far. Officials advised citizens to take all precautionary measures to check breeding of mosquitoes around their surroundings.",,"Prayagraj: Sangam City reported 37 fresh dengue cases on Sunday taking the caseload to 1,087 so far this year. Health officials claimed that 1,005 patients have recovered while 82 others are undergoing treatment while six have died so far. A senior health official said that patients who tested....",Dengue Fever; Elderly; Fever,Cabo Verde; India,"Allahabad in Uttar Pradesh, India",,,timesofindia,Times of india,India,General News,webnews,397543977,timesofindia-180f0e0e94ac89271a8a0753f5537040
2022-11-06T17:49:04.359Z,French,https://gphin.canada.ca/cepr/showarticle.jsp?docId=1012755585,https://portal.who.int/eios/#/items/397527696/south-africa-health-official-urges-people-to-be-vigilant-against-malaria/full-article,South Africa: Health official urges people to be vigilant against malaria,Afrique du Sud : une responsable sanitaire exhorte la population à la vigilance contre le paludisme,,"JOHANNESBURG, Nov. 6 (Xinhua) -- A health official in South Africa's Gauteng province on Sunday urged those who have recently been to or returned from malaria-endemic areas to seek treatment when they develop symptoms.
Nomantu Nkomo-Ralehoko, Gauteng's Executive Board Member for Health and....","JOHANNESBURG, 6 novembre (Xinhua) -- Une responsable sanitaire de la province sud-africaine du Gauteng a appelé dimanche ceux qui sont récemment allés ou revenus de zones où le paludisme est endémique à se faire soigner quand ils développement des symptômes.",Endemic; Malaria,Mozambique; Zimbabwe,Mozambique; Zimbabwe; Malawi,,SADC,gphin,gphin,Canada,Medical,wire,397527696,gphin-99fa2c5e00110db5cf44203a3bf4463b
2022-11-06T17:37:02.713Z,English,https://www.ntv.co.ug/ug/news/health-workers-concerned-at-resurgence-of-polio-cases-4003610,https://portal.who.int/eios/#/items/397527120/health-workers-concerned-at-resurgence-of-polio-cases-ntv-uganda/full-article,Health workers concerned at resurgence of polio cases - NTV Uganda,,The rotary club of Kampala has revived the kick polio out of Uganda campaign. According to Dr. David Okello the club's Director of Administration a recent survey showed some traces of polio. He spoke at a rotary medical outreach event at Ngandu Rotary Hospital Mukono central division in Mukono municipality.,,"Health workers concerned at resurgence of polio cases.

The rotary club of Kampala has revived the kick polio out of Uganda campaign. According to Dr. David Okello the club's Director of Administration a recent survey showed some traces of polio in the outskirts of Kampala.",Poliomyelitis,Uganda,Kampala in Uganda; Mukono in Uganda,Dr David,,google,google-ansa,United States of America,General News,webnews,397527120,google-d883ebe7f95215b18b1c287317bd686a
2022-11-02T16:20:15.610Z,English,https://gphin.canada.ca/cepr/showarticle.jsp?docId=1012728847,https://portal.who.int/eios/#/items/397286937/south-africa-reports-3rd-crimean-congo-hemorrhagic-fever-case-of-the-year/full-article,South Africa reports 3rd Crimean-Congo hemorrhagic fever case of the year,,"A 36-year-old man from the Cape Winelands District fell ill on 8 October 2022. He was taken to a local hospital on 12 October 2022 with symptoms of fever, chills, headache, nausea, vomiting, abdominal pain, muscle pain, coughing and malaise. Later symptoms included overt bleeding, namely purpura, ecchymosis, petechiae, melaena stool and disseminated intravascular coagulation. The patient is currently recovering. The abattoir worker most likely became infected after coming into contact with infected animal blood and tissues.",,"In a follow-up on Crimean-Congo hemorrhagic fever (CCHF) in South Africa this year, the National Institute for Communicable Diseases (NICD) reported the third confirmed human case in the country in 2022.
The latest case, a 36-year-old man from the Cape Winelands District fell ill on 8 October 2022....",Communicabledisease; Crimean-Congo Hemorrhagic fever; Fever; HaemorrhagicSyndrome; Hemorrhagic fever; Pain; Vomiting,South Africa,"Western Cape in Western Cape, South Africa; Eastern Cape in Eastern Cape, South Africa",,,gphin,gphin,Canada,Medical,wire,397286937,gphin-e63440f43b53df797827f284a8144542
2022-10-28T12:04:13.591Z,English,https://gphin.canada.ca/cepr/showarticle.jsp?docId=1012705296,https://portal.who.int/eios/#/items/396954934/9-members-of-the-public-suspected-of-food-poisoning-after-eating-at-cha-chat-at-mong-kok-restaurant-one-of-them-had-to-be-admitted-to-hospital/full-article,"9 members of the public suspected of food poisoning after eating at ""Cha Chat"" at Mong Kok Restaurant One of them had to be admitted to hospital",,"Nine people, including four men and five women, aged 26 to 36, went to the restaurant ""Cha Chat"" on □ Lan Street in Mong Kok on Friday. All of them had eaten a risotto containing soft-shell crab. Each person developed abdominal pain, diarrhoea, dizziness, fever and weakness.",,"Nine members of the public were suspected of food poisoning after eating at a restaurant in Mong Kok last week. The Centre for Health Protection said that nine people, including four men and five women, aged 26 to 36, went to the restaurant ""Cha Chat"" on □ Lan Street in Mong Kok on Friday, and all....",Food poisoning,Burkina Faso,"Centre in Centre, Burkina Faso; Centre in Centre, Haiti; Centre in Centre, Cameroon; Centre in Centre-Val de Loire, France",,,gphin,gphin,Canada,Medical,wire,396954934,gphin-5988fc0aa363c847f8ceb9d6973e05b5
2022-10-27T17:36:14.706Z,English,https://news.google.com/__i/rss/rd/articles/CBMiZmh0dHBzOi8vd3d3LnZvYW5ld3MuY29tL2EvbXNmLXdhcm5zLW9mLW1lYXNsZXMtY2hvbGVyYS1vdXRicmVha3MtYXQta2VueWEtcmVmdWdlZS1jb21wbGV4LzY4MDgwOTAuaHRtbNIBAA?oc=5,https://portal.who.int/eios/#/items/396902907/msf-warns-of-measles-cholera-outbreaks-at-kenya-refugee-complex-voice-of-america-voa-news/full-article,"MSF Warns of Measles, Cholera Outbreaks at Kenya Refugee Complex - Voice of America - VOA News",,"MSF Warns of Measles, Cholera Outbreaks at Kenya Refugee Complex",,"Measles, Cholera -- Kenya. Significance Rating: 3MSF Warns of Measles, Cholera Outbreaks at Kenya Refugee Complex ; ;",Cholera:; Measles; Refugees and Internally Displaced Persons; healthmap,Kenya,Kenya; United States of America,,,healthmap,healthmap,United States of America,Medical,wire,396902907,healthmap-40268f2fe537c96a608f49ad43c47196
2022-10-27T13:45:10.696Z,English,https://flutrackers.com/forum/forum/africa/emerging-diseases-other-health-threats-ah/961486-drc-haut-lomami-3-people-died-of-an-unknown-illness-in-mulongo#post961486,https://portal.who.int/eios/#/items/396887923/drc-haut-lomami-3-people-died-of-an-unknown-illness-in-mulongo/full-article,DRC - Haut-Lomami: 3 people died of an unknown illness in Mulongo,,"Three people died of an unknown disease in the Mulongo health zone of Malemba Nkulu territory, in the province of Haut-Lomami. A fourth is still admitted to the general hospital. Samples were taken for analysis to determine the nature of this disease. Those affected are all adults.",,"Translation Google

Haut-Lomami: 3 people die of an unknown illness in Mulongo

Published on Thu, 27/10/2022 - 11:39 | Edited on Thu, 27/10/2022 - 11:39

Three people died of an unknown disease in the Mulongo health zone of Malemba Nkulu territory, in the province of Haut-Lomami.

A fourth is still admitted to the general hospital of Malemba Nkulu.",Unknown disease,Democratic Republic of the Congo,Haut-Lomami in Democratic Republic of the Congo,,Google,flutrackers,flutrackers,United States of America,Medical,webnews,396887923,flutrackers-961486
2022-10-27T11:51:04.550Z,French,https://togoweb.net/alerte-des-cas-groupes-doreillons-dans-le-nord-du-togo/sante/,https://portal.who.int/eios/#/items/396880623/alert-grouped-cases-of-mumps-in-the-north-of-togo/full-article,Alert: grouped cases of mumps in the north of Togo,Alerte : des cas groupés d’oreillons dans le nord du Togo,,"These measures are, inter alia, the regular washing hands with soap and water, or with hydroalcoholic solutions. Cover both the mouth and the nose with with paper towels or with the moulded the kink before cough or éternuer, then throw mouchoir immediately in a dustbin.","Ces mesures sont, entre autres, le lavage régulier des mains à l’eau et au savon, ou avec des solutions hydroalcooliques. Couvrir la bouche et le nez avec un mouchoir ou avec le creux du coude avant de tousser ou d’éternuer, puis jeter immédiatement le mouchoir dans une poubelle.",Mumps,Togo,Togo,,,Togoweb,Togo Web,Togo,General News,webnews,396880623,Togoweb-76c62395ab1f2afc99c3df93e0961770
2022-10-26T23:55:05.020Z,English,https://www.wbtv.com/2022/10/25/stanly-county-school-closed-due-respiratory-illnesses/,https://portal.who.int/eios/#/items/396844814/respiratory-illnesses-force-two-stanly-county-schools-to-close/full-article,Respiratory illnesses force two Stanly County schools to close,,South Stanly Middle School and Iredell-Statesville Schools will be closed for the rest of the week. Faculty at both schools say they are working with local and state officials. School officials have not confirmed if these respiratory illnesses are the flu or RSV. Teachers will have access to student work on Oct. 26 and 27. Students will return on Nov. 1.,,Faculty at both schools say they are working with local and state officials and will be closed for the rest of the week. The school is following protocols with the guidance of the state epidemiologist. One South Stanly Middle School parent said her son was diagnosed with the flu over the weekend and did not return to school this week.,Influenza virus not identified; School Closures,Cameroon,"South in South, Cameroon; South in South, Iceland",County Schools,Charlotte-Mecklenburg Schools,wbtv,wbtv,United States of America,General News,webnews,396844814,wbtv-f179a4f463cc3a426ba2b266f5980031
2022-10-26T15:39:12.891Z,French,https://www.republicoftogo.com/toutes-les-rubriques/sante/les-oreillons-sevissent-dans-le-nord-du-pays,https://portal.who.int/eios/#/items/396814508/the-mumps-are-rife-in-the-north/full-article,The mumps are rife in the north,Les oreillons sévissent dans le Nord du pays,,"The mumps is a viral disease characterised by inflammation of the salivary glands located in front of the ears. In 20 to 30% of cases, there is no symptoms and infection goes unnoticed. In contrast, complications are possible, but are exceptional and occur especially among teenagers and adults.","Les oreillons sont une maladie virale qui se caractérise par une inflammation des glandes salivaires situées à l'avant des oreilles. Dans 20 à 30 % des cas, il n’y aucun symptômes et l’infection passe inaperçue. À l'opposé, des complications sont possibles, mais sont exceptionnelles et surviennent surtout chez les adolescents et les adultes.",Communicabledisease; Measles; Meningitis; Mumps; Vaccination,Togo,"Savanes in Savanes, Togo",,,republicoftogo,TOGO - Republique Togolaise,Togo,General News,webnews,396814508,republicoftogo-743c48c1cf9a401469b159f3cb86d9df
2022-10-26T14:55:10.044Z,English,http://apanews.net/en/news/rwanda-refutes-uae-visa-ban-report/,https://portal.who.int/eios/#/items/396811779/rwanda-refutes-uae-visa-ban-report/full-article,Rwanda refutes UAE visa ban report,,The Rwandan embassy in the United Arab Emirates (UAE) dismissed recent media reports claiming that gulf state has issued a visa ban on Rwandan citizens. The embassy said this through their twitter account on adding that the citizens of Rwanda continue to enjoy all categories of UAE visas including a visit visa.,,The Rwandan embassy in the United Arab Emirates (UAE) on Wednesday dismissed recent media reports claiming that gulf state has issued a visa ban on Rwandan citizens. The embassy said this through their twitter account on adding that the citizens of Rwanda continue to enjoy all categories of UAE visas including a visit visa.,Travel Restrictions,Rwanda; United Arab Emirates,United Arab Emirates,,Rwandan embassy,apanews-en,African Press Agency,Senegal,General News,webnews,396811779,apanews-en-b24dd04570f2b2a0c2a87d15eb0838e1
2022-10-22T13:30:17.870Z,Spanish; Castilian,https://twitter.com/i/web/status/1583812501363257344,https://portal.who.int/eios/#/items/396530511/amricanoticias-world-uganda-confirms-three-cases-of-ebola-positive-in-a-hospital-in-kampala-httpst-coytatkroza9/full-article,# AméricaNoticias # world Uganda confirms three cases of ebola positive in a hospital in Kampala https://t. co/ytatkroza9,#AméricaNoticias #Mundo Uganda confirma tres casos positivos de ébola en un hospital de Kampala https://t.co/yTatKrOzA9,,,,Ebola,Uganda,Kampala in Uganda,,,Twitter-radioamericahn,Twitter account of radioamericahn,Honduras,General News,socialmedia-twitter,396530511,twitter-1583812501363257344
2022-10-22T11:32:14.469Z,English,https://twitter.com/i/web/status/1583782719409881088,https://portal.who.int/eios/#/items/396525122/uganda-health-minister3-people-in-kampala-hospital-positive-for-ebola-httpstcoqokdjmi2rl/full-article,Uganda health minister:3 people in Kampala hospital positive for Ebola. https://t.co/qOKdjmI2Rl,,,,,Ebola,Uganda,Kampala in Uganda,,,Twitter-ReutersAfrica,Twitter account of Reuters Africa news,Egypt,General News,socialmedia-twitter,396525122,twitter-1583782719409881088
2022-10-20T09:32:23.400Z,French,https://la1ere.francetvinfo.fr/mayotte/madagascar-les-rats-fuient-les-incendies-et-repandent-la-peste-en-ville-1332608.html,https://portal.who.int/eios/#/items/396371778/madagascar-rats-flee-fires-and-fever-spread-in-city/full-article,Madagascar: rats flee fires and fever spread in city,Madagascar : Les rats fuient les incendies et répandent la peste en ville,,"This resembles a disaster scenario film, and yet this explanation is official, advanced by the malagasy ministry of health. The lamps are scrubland flee rats fields that turn into rats cities. The plague is transmitted by fleas who spend the animal to....","Cela ressemble à un scénario de film catastrophe, et pourtant cette explication est officielle, avancée par le ministère malgache de la santé. Les feux de brousse font fuir les rats des champs qui se transforment en rats des villes. La peste se transmet par des puces qui passent de l’animal à....",Yersinia Pestis,Madagascar,Madagascar,,Institut Pasteur,francetvinfo,francetvinfo,France,General News,TVRadio,396371778,francetvinfo-d23050e623fce5ce18d37000290ec717
2022-10-20T07:04:18.664Z,English,"https://promedmail.org/promed-post?place=8706220,801",https://portal.who.int/eios/#/items/396361030/proeafr-malaria-sudansouth-sudan-abyei-increase/full-article,PRO/EAFR> Malaria - Sudan/South Sudan: (Abyei) increase,,"Malaria cases are increasing among children and women in the disputed territory of Abyei, a local health official said. Floods provide mosquito breeding sites when there are no vector control initiatives in a country. This is an area with constant malaria outbreaks due to floods and the availability of infected mosquitoes.",,MALARIA - SUDAN/SOUTH SUDAN: (ABYEI) INCREASE * A ProMED-mail post  ProMED-mail is a program of the International Society for Infectious Diseases  Date: Mon 17 Oct 2022 Source: Radio Tamazuj [edited] <https://www.radiotamazuj.,Antimicrobialresist; Children-Youth; Floods; Malaria; Pneumonia; Vaccination,Botswana; Burkina Faso; Cabo Verde; Congo; Ethiopia; Kenya; Namibia; Nigeria; Rwanda; South Sudan; Sudan; Uganda; Zimbabwe,"Sudan; Angola; Malanje in Malanje, Angola; South Sudan; Botswana; Mozambique; Cabo Verde; Niger; Nigeria; Congo; Calabar in Cross River State, Nigeria; Democratic Republic of the Congo; Palau; Sierra Leone; Kenema in Eastern Province, Sierra Leone; Ghana; Uganda; United Republic of Tanzania; Kwale in Kenya; Kericho in Kenya; Baringo in Kenya",Mobile Site,Ministry of Health; World Health Organization; Civil Hospital; Abyei Area; Rfi,promed-eafr,promed English-Language posts focusing on Anglophone Africa,United States of America,Medical,Medical,396361030,promed-eafr-a613570a51a1023bbc0ce7851884fecc
2022-10-14T10:58:19.365Z,English,https://gphin.canada.ca/cepr/showarticle.jsp?docId=1012604592,https://portal.who.int/eios/#/items/395949770/news24com-measles-outbreak-declared-in-limpopos-sekhukhune-district/full-article,News24.com | Measles outbreak declared in Limpopo's Sekhukhune district,,"The National Institute for Communicable Diseases (NICD) says there is a measles outbreak in the Sekhukhune district in Limpopo.
The NICD said it detected three cases of measles in one month in the district.GPHIN_relevance=0.746",,"The National Institute for Communicable Diseases (NICD) says there is a measles outbreak in the Sekhukhune district in Limpopo.
The NICD said it detected three cases of measles in one month in the district.",Communicabledisease; Measles,South Africa,Limpopo in South Africa,,,gphin,gphin,Canada,Medical,wire,395949770,gphin-f3d215ae6834857c5dd92c1d8d367fad
2022-10-14T10:34:10.867Z,English,http://www.trt.net.tr/chinese/guo-ji/2022/10/14/nan-fei-bu-fen-di-qu-bao-fa-ma-zhen-yi-qing-1892758,https://portal.who.int/eios/#/items/395947956/trt/full-article,南非部分地区暴发麻疹疫情 - TRT 中文网站,,南非部分地区暴发麻疹疫情&amp;nbsp;&amp;nbsp;TRT 中文网站,,Measles -- South Africa. Significance Rating: 3南非部分地区暴发麻疹疫情&nbsp;&nbsp;TRT 中文网站,Measles; healthmap,South Africa,,,,healthmap,healthmap,United States of America,Medical,wire,395947956,healthmap-27c101ff83d929e79893689f83ea0aa7
2022-10-14T10:20:05.689Z,English,https://gphin.canada.ca/cepr/showarticle.jsp?docId=1012604773,https://portal.who.int/eios/#/items/395947225/measles-outbreak-declared-in-limpopos-sekhukhune-district/full-article,Measles outbreak declared in Limpopo's Sekhukhune district,,"Three cases of measles have been detected in the greater Sekhukhune area in Limpopo. The symptoms include fever, malaise, coughing, conjunctivitis, and a runny nose. The National Institute for Communicable Diseases says more than 2 000 children have been inoculated so far.",,"* Three cases of measles have been detected in the greater Sekhukhune area in Limpopo.
* The symptoms include fever, malaise, coughing, conjunctivitis, and a runny nose.
* The National Institute for Communicable Diseases says more than 2 000 children have been inoculated so far as part of a vaccination drive.",Children-Youth; Communicabledisease; Encephalitis; Fever; Measles; Pneumonia; Respiratory Symptoms; Vaccination,South Africa,Limpopo in South Africa,Elias Motsoaledi,,gphin,gphin,Canada,Medical,wire,395947225,gphin-d29ed96f74e9c2ac94cb5b5f0da85d6d
2022-10-14T08:48:20.218Z,English,https://www.citizen.co.za/lifestyle/health/nicd-alert-measles-outbreak-limpopo-october-2022/,https://portal.who.int/eios/#/items/395941922/nicd-issues-alert-for-measles-outbreak-in-limpopo-after-three-cases-identified/full-article,NICD issues alert for Measles outbreak in Limpopo after three cases identified,,The National Institute for Communicable Diseases (NICD) has detected three cases of measles from two healthcare facilities in Limpopo. The cases of the highly contagious viral infection of the respiratory system were identified in the Greater Sekhukhune District within the last 30 days. A measles outbreak is classified as three laboratory-confirmed measles cases reported within 30 days in a district.,,The National Institute for Communicable Diseases (NICD) has detected three cases of measles from two healthcare facilities in Limpopo. Measles outbreak. The cases of the highly contagious viral infection of the respiratory system were identified in the Greater Sekhukhune District within the last 30 days.,Children-Youth; Communicabledisease; Encephalitis; Fever; Measles; Pneumonia; Respiratory Symptoms; Vaccination,South Africa,Limpopo in South Africa,Also Read; Elias Motsoaledi,Health Department,citizen,The Citizen,South Africa,General News,webnews,395941922,citizen-04a4639583d85b1d501d54b89a372e03
2022-10-13T19:23:24.226Z,English,https://twitter.com/i/web/status/1580639773181427712,https://portal.who.int/eios/#/items/395903014/south-africa-nicd-declares-measles-outbreak-in-limpopo-httpstcojg8chzfuhb-ht-shiloh/full-article,South Africa - NICD declares measles outbreak in Limpopo https://t.co/jG8CHzfUHb h/t Shiloh,,,,,Measles,South Africa,Limpopo in South Africa,,,Twitter-FluTrackers,Twitter account of Flu Trackers NGO,United States of America,Medical,socialmedia-twitter,395903014,twitter-1580639773181427712
2022-10-13T14:24:07.007Z,English,https://www.the-star.co.ke/news/2022-10-13-nairobi-on-high-alert-over-fears-of-cholera-outbreak-in-kiambu/,https://portal.who.int/eios/#/items/395882625/nairobi-on-high-alert-over-cholera-outbreak-fears-in-kiambu/full-article,Nairobi on high alert over cholera outbreak fears in Kiambu,,Nairobi county is on high alert over reports of a possible cholera outbreak in neighbouring Kiambu county. The Health ministry on Thursday said the reports have been received but tests are ongoing to confirm whether there is an outbreak. Cholera is an acute diarrheal illness caused by infection of the intestine with Vibrio cholerae bacteria.,,"Nairobi county is on high alert over reports of a possible cholera outbreak in the neighbouring Kiambu county. The Health ministry on Thursday said the reports have been received but tests are ongoing to confirm whether there is an outbreak. ""We are waiting to see whether this is indeed an outbreak from the outcome of the tests.",Asymptomatic; Cholera:; Vomiting,Kenya,Kiambu in Kenya,Ouma Oluga; Rashid Aman,,thestarkenya,The star - kenya,Kenya,General News,webnews,395882625,thestarkenya-bac2bd46db13e2bb59c3963333017541
2022-10-13T14:16:06.989Z,English,https://www.timeslive.co.za/news/south-africa/2022-10-13-measles-alert-for-limpopo-district/,https://portal.who.int/eios/#/items/395882035/measles-alert-for-limpopo-district/full-article,Measles alert for Limpopo district,,"Three cases of measles from two healthcare facilities have been detected in Limpopo’s Greater Sekhukhune district. The patients were aged 11 years, one year and 11 months old respectively, with two cases not vaccinated for measles and one with unknown measles vaccination status. Measles is highly infectious and spreads rapidly from person to person.",,"Three cases of measles from two healthcare facilities have been detected in Limpopo’s Greater Sekhukhune district. The National Institute for Communicable Diseases said t he first two cases had dates of onset of September 22 and 25, and the third case was October 2.",Encephalitis; Measles; Pneumonia; Respiratory Symptoms; Vaccination,South Africa,Limpopo in South Africa,,,thetimes-za,The times - from South Africa,South Africa,Unknown,webnews,395882035,thetimes-za-f9d0f31f2ae435e4d2e0a3c4ce7c1ce2
2022-10-13T14:09:18.905Z,English,https://gphin.canada.ca/cepr/showarticle.jsp?docId=1012597910,https://portal.who.int/eios/#/items/395881461/new-measles-outbreak-in-sa-all-cases-found-in-these-two-districts-the-south-african/full-article,NEW measles outbreak in SA – all cases found in these two districts - The South African,,"Three new cases of measles found within a week of each other. Two of the children affected were aged one or under. A vaccination campaign against measles is now underway in Limpopo. Over 2 000 children, aged between 6 months to 15 years, have been vaccinated.",,"Three new cases within the same region have been reported inside a week, and that’s outbreak territory – Photo: Flickr
The National Institute for Communicable Diseases (NICD) has sounded the alarm over a new measles outbreak in South Africa. Three new cases were found within a week of each other, in two Limpopo-based local municipalities.",Children-Youth; Communicabledisease; Encephalitis; Fever; Measles; Pneumonia; Rash; Respiratory Symptoms; Vaccination; Whooping cough,South Africa,Limpopo in South Africa,,Flickr,gphin,gphin,Canada,Medical,wire,395881461,gphin-de3c4a4dd7debdaf0042b172e0b6012a
2022-10-13T13:22:05.605Z,French,https://7sur7.cd/index.php/taxonomy/term/1476,https://portal.who.int/eios/#/items/395878606/yellow-fever/full-article,Yellow fever,Fièvre jaune,,"Seven suspected cases assimilated to yellow fever are reported in the area of health of Kamonia more précisement in the cities of Kamako and Kandjaji, located on the border between the democratic republic of the Congo and Angola, in the territory of Tshikapa (Kasaï).","Sept cas suspects assimilés à la fièvre jaune sont signalés dans la zone de santé de Kamonia plus précisement dans les cités de Kamako et de Kandjaji, situées à la frontière entre la République démocratique du Congo et celle d’Angola, dans le territoire de Tshikapa (Kasaï).",Yellow Fever,Congo; Democratic Republic of the Congo,Congo; Angola; Tshikapa in Democratic Republic of the Congo,,,7sur7cd,7sur7 DRC news,Democratic Republic of the Congo,General News,webnews,395878606,7sur7cd-3eb99b931752b971de7e31738d1bf017
2022-10-13T11:14:12.922Z,English,https://twitter.com/i/web/status/1580516861992587265,https://portal.who.int/eios/#/items/395868938/three-measles-cases-have-been-identified-in-the-greater-sekhukhune-district-lp-clinicians-must-be-alert-for-measles-cases-especially-in-limpopo-the-fi/full-article,"Three #measles cases have been identified in the Greater Sekhukhune District, LP. Clinicians must be alert for measles cases, especially in Limpopo. The first sign of measles is a high fever with a rash, cough, runny nose, and conjunctivitis. Read more https://t.co/lTYvnZRvzg",,,,,Measles; Rash; Respiratory Symptoms,South Africa,Limpopo in South Africa,,,Twitter-nicd_sa,Official Twitter account of National Institute for Communicable Diseases South Africa,South Africa,Medical Official,socialmedia-twitter,395868938,twitter-1580516861992587265
2022-10-10T12:07:16.851Z,English,https://www.watchdoguganda.com/news/20221010/144089/kasese-mudslide-victims-now-hit-by-waterborne-diseases.html,https://portal.who.int/eios/#/items/395635864/kasese-mudslide-victims-now-hit-by-waterborne-diseases/full-article,Kasese mudslide victims now hit by waterborne diseases,,"More than 100 people pitched camp at St. Luke COU and Kasika Trinity Catholic Church following last month’s mudslides that hit Kasika trading center, Rukoki Sub County. Mudslides claimed the lives of 15 people and destroyed several properties. The mudslide victims say they are battling diarrhea, typhoid, and skin diseases.",,"The Kasese mudslide victims are battling an outbreak of waterborne diseases in their camps. More than 100 people pitched camp at St. Luke COU and Kasika Trinity Catholic Church following last month’s mudslides that hit Kasika trading center, Rukoki Sub County. The mudslides claimed the lives of 15 people and destroyed several properties.",Refugees and Internally Displaced Persons; Typhoid fever; Water shortage,Uganda,"Kasese in Uganda; Trinity in Trinity Palmetto Point, Saint Kitts and Nevis",,Catholic Church,watchdoguganda,watchdoguganda,Uganda,General News,webnews,395635864,watchdoguganda-b11db5d89a995b5991a1b46814cb6b27
2022-10-09T17:13:21.007Z,French,https://lanouvelletribune.info/2022/10/benin-des-familles-entieres-disparaissent-suite-a-des-intoxications-alimentaires/,https://portal.who.int/eios/#/items/395586484/benin-whole-families-disappear-due-to-food-poisoning/full-article,Benin: whole families disappear due to food poisoning,Bénin: des familles entières disparaissent suite à des intoxications alimentaires,,"Entire families are very rarely conveyed in Benin, in circumstances which are not always explained. Has the origin of présumées food poisoning or suffocation as the likely causes of these deaths, without the health authorities do confirm them. The phenomenon is persistent and very worrying.","Des familles entières sont épisodiquement emportées au Bénin, dans des circonstances qui ne sont pas toujours élucidées. A l’origine de présumées intoxication alimentaire ou asphyxie comme les causes probables de ces décès, sans que les autorités sanitaires ne viennent les confirmer. Le phénomène devient récurrent et même très préoccupant.",Food poisoning,Benin,"Benin; Abomey-Calavi in Atlantique, Benin; Parakou in Borgou, Benin; Tchaourou in Borgou, Benin",,Trois corps,lanouvelletribune,La Nouvelle Tribune,Benin,General News,webnews,395586484,lanouvelletribune-489d3abd0e74b201fdecbac408782120
2022-10-08T23:42:10.998Z,English,https://gphin.canada.ca/cepr/showarticle.jsp?docId=1012564410,https://portal.who.int/eios/#/items/395547308/cholera-outbreak-in-plateau-community-leaves-1-dead-many-hospitalised/full-article,"Cholera outbreak in Plateau community leaves 1 dead, many hospitalised",,"At least one person confirmed dead and several others hospitalised following an outbreak of cholera in Koss Nyellang village of Fier District in Pankshin Local Government Area of Plateau State. Local Government Chairman, Hon Kak’mena Audu, reportedly worried by the development, dispatched a medical team to attend to the victims to curtail the further spread of the disease.",,"From Gyang Bere, Jos
At least one person is confirmed dead and several others hospitalised following an outbreak of cholera in Koss Nyellang village of Fier District in Pankshin Local Government Area of Plateau State.
The Local Government Chairman, Hon Kak’mena Audu, reportedly worried by the....",Cholera:; Travel Restrictions; Travel Restrictions Cholera,Bangladesh; Nigeria,"Jos in Plateau State, Nigeria; Fier in Qarku i Fierit, Albania; Pankshin in Plateau State, Nigeria",,Local Government Area; Local Government Council,gphin,gphin,Canada,Medical,wire,395547308,gphin-8e6a062630aced279aa773be15407074
2022-10-08T21:23:05.779Z,Spanish; Castilian,https://www.semana.com/nacion/articulo/tormenta-tropical-julia-estos-son-numeros-habilitados-para-atender-la-emergencia-en-san-andres/202217/,https://portal.who.int/eios/#/items/395543320/tropical-storm-julia-these-are-numbers-entitled-to-meet-the-emergency-in-st-andrew/full-article,Tropical storm Julia: these are numbers entitled to meet the emergency in st andrew,Tormenta tropical Julia: estos son números habilitados para atender la emergencia en San Andrés,,"High alert in the islands of San Andrés, providence and Santa Catalina before the potential effects that may be lodged by the tropical storm Julia, which threatens to become a hurricane of category 1. The president Gustavo Petro as warned this Saturday through his account on Twitter: “we are on maximum alert.","Máxima alerta en las islas de San Andrés, Providencia y Santa Catalina ante las posibles afectaciones que se puedan presentar por la tormenta tropical Julia, que amenaza con convertirse en un huracán de categoría 1. El presidente Gustavo Petro lo advirtió este sábado a través de su cuenta en Twitter: “Estamos en alerta máxima.",Cyclonic storm; Natural Disasters,Equatorial Guinea,"Malabo in Bioko Norte, Equatorial Guinea",Gustavo Petro; Divina Misericordia; Yolanda Gonzalez,Baptist Church; Defensa Civil,semana,Revista Semana,Colombia,General News,webnews,395543320,semana-03b4d6d016a48bf4882b1aca7e9a7504
2022-10-08T19:35:12.560Z,French,https://www.linfodrome.com/societe/81401-inondations-a-abidjan-le-gouvernement-soulage-les-familles-impactees-de-la-commune-d-abobo,https://portal.who.int/eios/#/items/395539560/floods-in-abidjan-the-government-soulage-families-impactes-of-the-municipality-of-abobo/full-article,Floods in Abidjan: the government soulage families impactées of the municipality of abobo,Inondations à Abidjan : Le gouvernement soulage les familles impactées de la commune d’Abobo,,"In mission to help people in distress, the ministry of solidarity and the fight against poverty has made, on Thursday 6 October 2022 compassion from the government to the affected seven quarters of Abobo affected by these floods. Donation of a value of cfaf 20 million families identified in the municipality.","Dans mission d’aider les personnes en détresse, le ministère de la solidarité et de la lutte contre la pauvreté a apporté, le jeudi 6 octobre 2022 la compassion du Gouvernement aux sinistrés de sept quartiers d’Abobo touchés par ces inondations. Don d’une valeur de 20 millions de FCFA aux familles identifiées dans la commune.",Floods; Natural Disasters,Côte d’Ivoire,"Abidjan in Côte d’Ivoire; Abobo in Côte d’Ivoire; Dogbo in Kouffo, Benin",,,linfodrome,linfodrome,Côte d’Ivoire,General News,webnews,395539560,linfodrome-dcfd7f76f1ab5be61c211aaf81c0c5f0
2022-10-08T15:28:06.857Z,English,https://dailypost.ng/2022/10/08/flood-claims-24-affects-18245-persons-in-katsina/,https://portal.who.int/eios/#/items/395529208/flood-claims-24-affects-18245-persons-in-katsina/full-article,"Flood claims 24, affects 18,245 persons in Katsina",,"The Katsina State Emergency Management Agency (SEMA) says 24 people lost their lives, while 245 others were seriously affected as flood and windstorm caused damages in the State. Mr Umar Muhammad, its spokesman, made the disclosure while speaking to newsmen in Katsina on Friday. According to him, following the windstorm and flood, several other persons sustained various degrees of injuries.",,"The Katsina State Emergency Management Agency (SEMA) says 24 people lost their lives, while 245 others were seriously affected as flood and windstorm caused damages in the State. Mr Umar Muhammad, its spokesman, made the disclosure while speaking to newsmen in Katsina on Friday.",Floods; Natural Disasters,Nigeria,"Katsina in Katsina State, Nigeria; Danja in Katsina State, Nigeria",عمر محمود,National Emergency Management Agency; State Emergency Management Agency,dailypost,DailyPost Nigeria,Nigeria,General News,webnews,395529208,dailypost-8ef3ba8c35f0c9040fba07aa6625f53b
2022-10-08T13:57:16.980Z,English,"https://promedmail.org/promed-post?place=8706027,8402",https://portal.who.int/eios/#/items/395524843/proeafr-ebola-update-13-south-sudan-alert/full-article,"PRO/EAFR> Ebola update (13): South Sudan, alert",,"South Sudan has intensified Ebola screening along the border points with neighboring countries. The country is stepping up vigilance along its borders following an outbreak of Ebola in neighboring Uganda. The current Ebola outbreak in Uganda has sparked concern throughout the region. The disease caused global alarm in 2014 when the world's worst outbreak began in West Africa, killing more than 11 000 people.",,"EBOLA UPDATE (13): SOUTH SUDAN, ALERT * A ProMED-mail post  ProMED-mail is a program of the International Society for Infectious Diseases  Date: Thu 6 Oct 2022 Source: Sudans Post [edited] <https://www.sudanspost.",Ebola; Fever; HaemorrhagicSyndrome; Hemorrhagic fever; Pain; Travel Restrictions; Travel Restrictions Ebola; Vaccination; Vomiting,Congo; Guinea; Kenya; Liberia; Sierra Leone; South Sudan; Sudan; Uganda,Uganda; Liberia; Sudan; Sierra Leone; Guinea; Central African Republic; Nigeria; Abidjan in Côte d’Ivoire; Congo; Kakamega in Kenya; Mubende in Uganda; Kenya,Michael Makuei Lueth,World Health Organization,promed-eafr,promed English-Language posts focusing on Anglophone Africa,United States of America,Medical,Medical,395524843,promed-eafr-45e73b2cd63e6a4d0ee0051237563cc5
2022-10-08T12:56:15.330Z,English,https://www.xtra.net/news/nigeria/ogun-government-moves-curtail-cholera-outbreak,https://portal.who.int/eios/#/items/395521554/ogun-government-moves-to-curtail-cholera-outbreak/full-article,Ogun government moves to curtail cholera outbreak,,"Ogun State has stepped up efforts to curtail the recent outbreak of cholera in Magboro in the Obafemi-Owode Local Government Area of the state. Commissioner for Health, Dr Tomi Coker, said in a statement issued on Monday in Abeokuta that the reported outbreak was predominant among motorcycle riders and scavengers.",,"Ogun State has stepped up efforts to curtail the recent outbreak of cholera in Magboro in the Obafemi-Owode Local Government Area of the state. Commissioner for Health, Dr Tomi Coker, said in a statement issued on Monday in Abeokuta that the reported outbreak was predominant among motorcycle riders and scavengers.",Cholera:,Nigeria,"Abeokuta in Ogun State, Nigeria",Tomi Coker,Local Government Area,today-ng,today.ng,Nigeria,General News,webnews,395521554,today-ng-e20581b68ae6105692c6ba18a368f4c1
2022-10-08T11:43:18.654Z,English,https://gphin.canada.ca/cepr/showarticle.jsp?docId=1012561270,https://portal.who.int/eios/#/items/395518788/disaster-heavy-downpour-claims-120-lives-displaces-39500-in-bauchi/full-article,"Disaster: Heavy Downpour Claims 120 Lives, Displaces 39,500 In Bauchi",,"120 people have died or been injured in Bauchi State due to flooding and other extreme weather conditions. Unprecedented heavy rainfall, in combination with spillage when the Lagdo dam in Northern Cameroon was opened to release excess water, has displaced over 39,500 people in the North East. The United Nations migra­tion agency, said over 15,000 Internally Displaced Persons are in immediate need of accommodation.",,"ABUJA – The International Or­ganisation for Migra­tion (IOM) in Nigeria said 120 people have died or been injured in Bauchi State due to flooding and other extreme weather conditions in the State between September 1st to 12 September 2022.
According to IOM’s Dis­placement Tracking Matrix (DTM),....",Floods; Natural Disasters; Refugees and Internally Displaced Persons,Chad; Nigeria,"Bauchi in Bauchi, Nigeria; Chad",,IOM; United Nations,gphin,gphin,Canada,Medical,wire,395518788,gphin-33e0a26a43942ee75b628b084c231f49
2022-10-07T19:49:42.245Z,English,https://gphin.canada.ca/cepr/showarticle.jsp?docId=1012556015,https://portal.who.int/eios/#/items/395480325/meningitis-kills-56-in-32-states-fct/full-article,"Meningitis kills 56 in 32 states, FCT",,"Nigeria has recorded 961 suspected Cerebrospinal Meningitis (CSM) cases and 56 deaths in 32 states and the Federal Capital Territory (FCT) this year, the Nigeria Centre for Disease Control and Prevention (NCDC) has said.GPHIN_relevance=0.768",,"Nigeria has recorded 961 suspected Cerebrospinal Meningitis (CSM) cases and 56 deaths in 32 states and the Federal Capital Territory (FCT) this year, the Nigeria Centre for Disease Control and Prevention (NCDC) has said.",Meningitis,Nigeria,"FCT in FCT, Nigeria",,Nigeria Centre; Federal Capital Territory,gphin,gphin,Canada,Medical,wire,395480325,gphin-2a04a63709149e4a90e64c0cc3bc85dd
2022-10-07T18:14:25.525Z,English,https://africatimes.com/2022/10/03/ugandas-ebola-outbreak-suspected-to-have-crossed-into-south-sudan/,https://portal.who.int/eios/#/items/395474973/ugandas-ebola-outbreak-suspected-to-have-crossed-into-south-sudan-africa-times/full-article,Uganda's Ebola outbreak suspected to have crossed into South Sudan - Africa Times,,"South Sudan's health minister confirms suspected cases of Ebola near Uganda border. Some media reports say one of the unconfirmed cases has already died. Lab samples from five cases, all arising from the three Equatoria provinces, have been sent to South Africa. WHO officials are assisting with the response even as they work to contain a growing outbreak in Uganda.",,"Health Minister Yolanda Awel, meeting with President Salva Kiir on Monday, confirmed that suspected cases have been identified and isolated near the country’s border with Uganda, according to a government statement. Some media reports say one of the unconfirmed cases, that of a man in Kajokeji County, has already died.",Ebola; Vaccination,South Africa; South Sudan; Sudan; Uganda,South Africa; Mubende in Uganda; Sudan,Salva Kiir,World Health Organization,ugandanews,ugandanews,Uganda,General News,webnews,395474973,ugandanews-506fc3931a9e3496865ff877f2c50b4a
2022-10-07T13:58:23.750Z,English,https://reliefweb.int/report/nigeria/nigeria-cholera-outbreak-update-borno-state-ministry-health-echo-daily-flash-7-october-2022,https://portal.who.int/eios/#/items/395457329/nigeria-cholera-outbreak-update-borno-state-ministry-of-health-echo-daily-flash-of-7-october-2022-nigeria-reliefweb/full-article,"Nigeria – Cholera outbreak, update (Borno State Ministry of Health) (ECHO Daily Flash of 7 October 2022) - Nigeria - ReliefWeb",,"As of 5 October, there have been more than 5,000 cases with 178 associated deaths across 13 local government areas (LGAs) in Borno State, in the conflict affected Northeast Nigeria. The areas of Dikwa, Bama, Jere and Konduga have registered 2,500 cholera cases and more than 116 deaths.",,"As of 5 October, there have been more than 5,000 cases with 178 associated deaths across 13 local government areas (LGAs) in Borno State, in the conflict affected Northeast Nigeria. The areas of Dikwa, Bama, Jere and Konduga, where there is a high concentration of displaced people by the conflict,....",Cholera:,Myanmar; Nigeria,"Dikwa in Borno State, Nigeria; Konduga in Borno State, Nigeria; Bama in Borno State, Nigeria",,Ministry of Health,google,google-ansa,United States of America,General News,webnews,395457329,google-9773aab6c2410a1f322dd2d0dd716cc5
2022-10-07T11:11:07.677Z,English,https://www.eyeradio.org/patient-with-ebola-like-symptoms-dies-at-jth/,https://portal.who.int/eios/#/items/395446363/patient-with-ebola-like-symptoms-dies-at-jth/full-article,Patient with Ebola-like symptoms dies at JTH,,The victim is a resident of Gumbo-Shirikat. Medics say he presented signs and symptoms of the Ebola Virus Disease. He vomited blood with some oozing through his nose while suffering from general body weakness and chest pain. The deceased man had a recent history of travel to Uganda in the last 14 days.,,"In a press statement on the evening of October 6, the Ministry said the victim is a resident of Gumbo-Shirikat. Medics say he presented signs and symptoms of the Ebola Virus Disease. He vomited blood with some oozing through his nose while suffering from general body weakness and chest pain.",Ebola; Fever; HaemorrhagicSyndrome; Hemorrhagic fever; Vaccination; Vomiting,Democratic Republic of the Congo; Uganda,Uganda; Sudan; Juba in South Sudan; Congo; Democratic Republic of the Congo,,Rapid Response Team; Drug Administration; EU; World Health Organization,eyeradio,Eye Radio - South Sudan,South Sudan,General News,webnews,395446363,eyeradio-f4f3013e1e446760aadf5a39867b746d
2022-10-07T10:01:06.038Z,English,https://twitter.com/i/web/status/1578324182466560000,https://portal.who.int/eios/#/items/395442394/a-35-year-old-man-who-reportedly-presented-signs-and-symptoms-of-the-ebola-virus-disease-died-at-juba-teaching-hospital-on-thursday-health-authorities/full-article,"A 35-year-old man who reportedly presented signs and symptoms of the Ebola Virus Disease died at Juba Teaching Hospital on Thursday, health authorities have said. #SSOT. #SouthSudan. https://t.co/eDDKvWJS7o",,,,,Ebola,South Sudan,Juba in South Sudan,,,Twitter-EyeRadioJuba,Eye Radio - South Sudan,South Sudan,General News,socialmedia-twitter,395442394,twitter-1578324182466560000
2022-10-07T09:29:20.009Z,English,https://www.theeastafrican.co.ke/tea/rest-of-africa/mozambique-detects-its-first-monkeypox-case-3976454,https://portal.who.int/eios/#/items/395440507/mozambique-detects-its-first-monkeypox-case-the-east-african/full-article,Mozambique detects its first monkeypox case - The East African,,"The case was diagnosed Wednesday in Maputo City in a man, Health minister Armindo Tiago said. Several other African countries have reported monkeypox cases since the outbreak was reported early this year. In July, WHO declared monkeypox a global emergency, underscoring the seriousness of the outbreak.",,"By ARNALDO VIEIRA. Mozambique’s Ministry of Health on Thursday announced the first case of monkeypox in the southern African country. The case was diagnosed Wednesday in Maputo City in a man, Health minister Armindo Tiago said in a press conference. The patient had a travel history and authorities....",Fever; Mpox; Pain; Pox; Zoonoses,Democratic Republic of the Congo; Mozambique,Maputo in Mozambique; Liberia; Sudan; Sierra Leone; Central African Republic; Nigeria; Congo; Democratic Republic of the Congo,Armindo Tiago; Arnaldo Vieira,Ministry of Health; World Health Organization,riftvalleyfever,Rift Valley Fever alert,xx,General News,webnews,395440507,riftvalleyfever-c48fd2438c90583842f5c4ad10d28f21
2022-10-07T02:58:04.747Z,Arabic,https://gphin.canada.ca/cepr/showarticle.jsp?docId=1012550738,https://portal.who.int/eios/#/items/395420138/first-cholera-infection-from-benin-camp/full-article,First cholera infection from Benin camp,إصابة الكوليرا الأولى من مخيّم ببنين,,"Lebanon was counting only hours before cholera cases were recorded after the World Health Organization announced yesterday that more than 10,000 cases had been detected in Syria. What the health authorities calculated was resolved yesterday by the announcement by the Ministry of Public Health of the....",كان لبنان يعدّ الساعات فقط، قبل تسجيل حالات إصابة بداء الكوليرا بعد إعلان منظمة الصحة العالمية أول من أمس عن رصد أكثر من 10 آلاف إصابة في سوريا. ما تحسّبت له الهيئات الصحية حُسم أمس بإعلان وزارة الصحة العامة تسجيل أول إصابة بالكوليرا في لبنان منذ عام 1993.,Cholera:; Vomiting,Benin; Lebanon; Syria,"Syria; Halba in Lebanon; Beirut in Beyrouth, Lebanon",,World Health Organization,gphin,gphin,Canada,Medical,wire,395420138,gphin-1189b7b98b02cd9e21d39626471547e8
2022-10-06T19:14:16.673Z,French,https://www.afrique-sur7.ci/488932-algerie-inondations-mort-degats,https://portal.who.int/eios/#/items/395400033/algeria-torrential-rain-are-a-death-and-damage/full-article,Algeria: torrential rain are a death and damage,Algérie: Des pluies torrentielles font un mort et d'importants dégâts,,"The autumn moves in algeria. In the night of Tuesday to Wednesday 4 5 October 2022, heavy rainfall was recorded in several regions of the country, causing violent floods and important material damage. Algeria: floods recorded in several regions.","L’automne s’installe en Algérie. Dans la nuit du mardi 4 au mercredi 5 octobre 2022, de fortes précipitations ont été enregistrées dans plusieurs régions du pays, provoquant de violentes inondations et des dégâts matériels importants. Algérie: Des inondations enregistrées dans plusieurs régions.",Elderly; Floods; Natural Disasters,Algeria,"Bordj Bou Arreridj in Algeria; Algiers in Algiers, Algeria",,,afrique-sur7,Afrique Sur 7,Côte d’Ivoire,General News,webnews,395400033,afrique-sur7-75ba67c1a1497ea7e4a4b267f259494b
2022-10-06T18:49:06.571Z,French,http://www.anp.ne/article/les-inondations-au-niger-font-192-morts-la-date-du-4-octobre-communique-dgpc,https://portal.who.int/eios/#/items/395398738/floods-in-niger-are-192-dead-on-farm-date-of-4-october-communicated-gdpc-niamey-6-oct-anp-floods-in-niger-have-done-192-dead-on-farm-date-of-4-october/full-article,"Floods in Niger are 192 dead-on-farm date of 4 October (communicated gdpc) NIAMEY, 6 Oct (ANP) – floods in Niger have done 192 dead-on-farm date of 4 October 2022, according to the Communiqué of the directorate-general … 06 Oct 2022","Les inondations au Niger font 192 morts à la date du 4 octobre (Communiqué DGPC) NIAMEY, 6 Oct (ANP) – Les inondations au Niger ont fait 192 morts à la date du 4 octobre 2022, selon le communiqué de la Direction Générale de la… 06 oct 2022",,"Niamey, 6 Oct (ANP) – floods in Niger have been 192 dead On the date of 4 October 2022, according to the communiqué of the directorate-general of civil Protection (gdpc) updated. It is about 176 people died by collapse and 56 others died by drowning. There are a total of 263.671 people affected distributed in 32.","NIAMEY, 6 Oct (ANP) – Les inondations au Niger ont fait 192 morts à la date du 4 octobre 2022, selon le communiqué de la Direction Générale de la Protection Civile (DGPC) mis à jour. Il s’agit de 176 personnes mortes par effondrement et 56 autres personnes mortes par noyade. On compte au total 263.671 personnes sinistrées réparties dans 32.",Floods; Natural Disasters,Niger,"Zinder in Zinder, Niger; Maradi in Maradi, Niger",,ANP,anp-ne,Agence Nigerienne de presse,Niger,General News,webnews,395398738,anp-ne-7e086b3dacc50d360cf2df5ae1c34d65
2022-10-06T18:07:10.761Z,Portuguese,https://africa21digital.com/2022/10/06/mocambique-anuncia-primeiro-caso-da-variola-dos-macacos/,https://portal.who.int/eios/#/items/395395070/mozambique-announces-first-case-of-monkeys-variola/full-article,Mozambique announces first case of monkeys variola,Moçambique anuncia primeiro caso da varíola dos macacos,,"“We have identified yesterday [Wednesday] the first case of smallpox monkeys in our country ', a total of 49 suspected cases tested Armindo Tiago stated during a press conference in Maputo. According to the minister, the disease has been diagnosed in a man who came to hospital in....","“Nós identificámos ontem [quarta-feira] o primeiro caso de varíola dos macacos no nosso país”, de um total de 49 casos suspeitos testados, declarou Armindo Tiago durante uma conferência de imprensa em Maputo. Segundo o ministro, a doença foi diagnosticada num homem que chegou ao hospital na....",Mpox; Pain; Pox,Mozambique,Maputo in Mozambique,Armindo Tiago,,africa21digital,africa21digital,Angola,General News,webnews,395395070,africa21digital-820af45222d67998a4df062ad139a474
2022-10-06T15:13:09.360Z,English,https://www.tuko.co.ke/world/africa/476534-nearly-200-dead-niger-floods/,https://portal.who.int/eios/#/items/395382913/nearly-200-dead-in-niger-floods/full-article,Nearly 200 dead in Niger floods,,"Floods in Niger are common during the rainy season -- climate change may also be having an impact, its meteorological agency says. Rainy-season floods claimed 192 lives, affected more than 263,000 people and destroyed more than 30,000 homes. Niger is the world's poorest country, according to the benchmark of the 2020 Human Development Index devised by the United Nations.",,"Thursday, October 06, 2022 at 4:00 PM by © AFP 2022 Floods in Niger are common during the rainy season -- climate change may also be having an impact, its meteorological agency says. Photo: BOUREIMA HAMA / AFP

PAY ATTENTION: Help us change more lives, join TUKO.co.ke’s Patreon programme.",Floods; Natural Disasters,Niger,"Niger; Dosso in Dosso Region, Niger; Tahoua in Tahoua, Niger; Zinder in Zinder, Niger; Maradi in Maradi, Niger",,Civil Protection; United Nations; Red Cross; Red Crescent; Development Programme,tuko,Tuko News,Kenya,General News,webnews,395382913,tuko-9f7bc2bacd77a107782b7677e53a2459
2022-10-05T23:26:04.663Z,English,https://gphin.canada.ca/cepr/showarticle.jsp?docId=1012541707,https://portal.who.int/eios/#/items/395335232/the-threat-of-viral-haemorrhagic-fevers-in-tanzania/full-article,The threat of viral haemorrhagic fevers in Tanzania,,"Viral haemorrhagic fevers (VHFs) are a group of infectious diseases caused by viruses that are clinically characterised by fever, bleeding and death. Until recently, there is limited information on the magnitude and distribution of most of the VHF in Tanzania. Tanzania is bordering the Democratic Republic of the Congo which has experienced EVD outbreaks for many years.",,"Sima Rugarabamu from the SACIDS Foundation for One Health, Sokoine University of Agriculture, Tanzania details the new understanding of viral haemorrhagic fevers in Tanzania
Viral haemorrhagic fevers (VHFs) are a group of infectious diseases caused by viruses that are clinically characterised by fever, bleeding and death.",Animal Bites; Coccidioidomycosis; Communicabledisease; Crimean-Congo Hemorrhagic fever; Ebola; Fever; HaemorrhagicSyndrome; Hemorrhagic fever; Lassa Fever; Lujo; Malaria; Marburg Hemorrhagic Fever; Rift Valley Fever Animals; Yellow Fever,United Republic of Tanzania,"United Republic of Tanzania; South Africa; Mvomero in Pwani, United Republic of Tanzania; Congo; Kyela in Mbeya, United Republic of Tanzania; Kondoa in Dodoma, United Republic of Tanzania; Democratic Republic of the Congo",,Rift valley,gphin,gphin,Canada,Medical,wire,395335232,gphin-e0409381669e37e69aa82973718d2d7d
2022-10-05T22:40:10.647Z,English,https://english.news.cn/20221006/c3f6d8d5d0e3401eae2a405985449c64/c.html,https://portal.who.int/eios/#/items/395333511/floods-kill-at-least-75-in-northern-nigeria-official/full-article,Floods kill at least 75 in northern Nigeria: official,,"Floods wreaked havoc across 255 communities in Nigeria's northern state of Yobe. Deaths were recorded from the beginning of the rainy season in May. As of Sunday, over 31,000 households had been affected by floods. Those in flood-prone areas and along waterways had been the hardest hit by the floods.",,"ABUJA, Oct. 5 (Xinhua) -- At least 75 deaths have been reported after floods wreaked havoc across 255 communities in Nigeria's northern state of Yobe, a local relief agency official said Wednesday. The deaths were recorded from the beginning of the rainy season in May, as a direct consequence of....",Natural Disasters,Nigeria,"Damaturu in Yobe State, Nigeria",Mohammed Goje,State Emergency Management Agency,xinhuanet_en,Xinhuanet (English),China,General News,webnews,395333511,xinhuanet_en-72039e74682a91f25c4ef5e212dc857f
2022-10-05T22:03:15.501Z,English,https://gphin.canada.ca/cepr/showarticle.jsp?docId=1012541268,https://portal.who.int/eios/#/items/395331726/rift-valley-fever-in-mauritania-4-more-human-cases-1-death-recorded/full-article,"Rift Valley fever in Mauritania: 4 more human cases, 1 death recorded",,"Mauritania’s health ministry reported four additional human cases and one more fatality. This brings the number of cases reported to 32 and 17 deaths caused by RVF. Most people with RVF have either no symptoms or a mild illness with fever, weakness, back pain, and dizziness.",,"NewsDesk @bactiman63
In a follow-up on the human Rift Valley fever (RVF) situation in the African country of Mauritania, the country’s health ministry reported four additional human cases and one more fatality.
This brings the number of cases reported to 32 and 17 deaths caused by RVF.",Coccidioidomycosis; Crimean-Congo Hemorrhagic fever; Encephalitis; Fever; HaemorrhagicSyndrome; Hemorrhagic fever; Rift Valley Fever; Rift Valley Fever Animals,Mauritania,Mauritania,,News TV; YouTube; Rift valley,gphin,gphin,Canada,Medical,wire,395331726,gphin-06ef210393d100fdb347fbf9a50a6978