﻿importDateUTC,language,externalLink,eiosLink,title,originalTitle,summary,translatedDescription,description,categories,mentionedCountries,locations,mentionedPersons,mentionedOrgsEntities,source,sourceName,sourceCountry,sourceSubject,sourceType,id,emmId
2023-06-28T12:15:09.477Z,French,http://www.lemauricien.com/actualites/societe/fievre-dengue-23-cas-enregistres-ce-mercredi/577684/,https://portal.who.int/eios/#/items/413750143/fivre-dengue-23-cas-enregistrs-ce-mercredi/full-article,Fièvre dengue : 23 cas enregistrés ce mercredi,,,,"Un total de 23 cas de fièvre dengue a été enregistré ce mercredi 28 juin, informe le ministère de la Santé.

Au niveau de Rodrigues, neuf cas ont été recensés. Selon les chiffres communiqués, 45 cas ont été enregistrés depuis le 3 juin. Dans un communiqué émis cet après-midi, les autorités informent....",Dengue Fever,Mauritius,"Petit Raffray in Rivière du Rempart District, Mauritius; Le Hochet in Pamplemousses District, Mauritius; Pamplemousses in Pamplemousses District, Mauritius; Goodlands in Rivière du Rempart District, Mauritius; Terre Rouge in Pamplemousses District, Mauritius; Quartier Militaire in Moka District, Mauritius; Port Louis in Port Louis District, Mauritius; Vacoas in Plaines Wilhems District, Mauritius",,,lemauricien,Le Mauricien,Mauritius,General News,webnews,413750143,lemauricien-71b95b7f0ced799779362707501be738
2023-06-28T03:06:17.654Z,French,https://gphin.canada.ca/cepr/showarticle.jsp?docId=1014156377,https://portal.who.int/eios/#/items/413711216/since-3-june-33-cases-of-dengue-fever-in-mauritius-and-47-detected-in-rodrigues/full-article,Since 3 June: 33 cases of dengue fever in Mauritius and 47 detected in Rodrigues,Depuis le 3 juin : 33 cas de dengue à Maurice et 47 détectés à Rodrigues,,"Dengue fever is gaining ground not only in Rodrigues but also in Mauritius. With the first cases of this viral infection caused by an infected mosquito bite (Aedes/tiger mosquitoes) to humans, detected in Rodrigues, the spread is felt in Mauritius. Epidemiological statistics released by the Ministry....","La fièvre dengue gagne du terrain non seulement à Rodrigues mais aussi à Maurice. Avec les premiers cas de cette infection virale causée par une piqûre de moustique infectée (Aedes/moustiques tigres) aux humains, détectés à Rodrigues, la propagation se fait sentir à Maurice.",Aedes mosquito; Dengue Fever,Mauritius,"Port Louis in Port Louis District, Mauritius; Pamplemousses in Pamplemousses District, Mauritius; Lalmatie in Flacq District, Mauritius; Goodlands in Rivière du Rempart District, Mauritius; Vacoas in Plaines Wilhems District, Mauritius",,,gphin,gphin,Canada,Medical,wire,413711216,gphin-bea0f2e5e31e415b31ca9b48d7b43c50
2023-06-20T03:23:13.206Z,French,https://www.lemonde.fr/podcasts/article/2023/06/20/le-moustique-tigre-envahit-la-france_6178367_5463015.html,https://portal.who.int/eios/#/items/413095132/the-mosquito-tiger-invades-france/full-article,The mosquito tiger invades France,Le moustique tigre envahit la France,,"France is ready to face the consequences of climate change? That is the subject of among them: the presence of tiger mosquito, arrived in the hexagon in 2004, Menton, at the italian border. Since then, it is constantly gaining ground. It is now present in the municipalities of 71 departments.","La France est-elle prête à faire face aux conséquences du changement climatique ? C’est l’objet d’ Parmi eux : la présence du moustique tigre, arrivé dans l’Hexagone en 2004, à Menton, à la frontière italienne. Depuis, il ne cesse de gagner du terrain. Il est aujourd’hui présent dans des communes de 71 départements.",Aedes albopictus; Chikungunya virus disease; Dengue Fever; Epidemic; Zika virus,France,"France; Arrondissement de Thiers in Haute-Savoie, Auvergne-Rhône-Alpes, France; Menton in Alpes-Maritimes, Provence-Alpes-Côte d'Azur, France; Arrondissement de Limoges in Haute-Vienne, Nouvelle-Aquitaine, France",Delphine Roucaute,,LeMonde,Le Monde,France,General News,webnews,413095132,LeMonde-9c9483fd6d60a91e875bc8650438569c
2023-06-16T09:33:02.642Z,English,http://new.observer.org.sz/details.php?id=20577,https://portal.who.int/eios/#/items/412851983/eswatini-hit-by-mumps-outbreak/full-article,ESWATINI HIT BY MUMPS OUTBREAK,,"Eswatini has been hit by mumps outbreak. The outbreak has forced some pre-schools around the country to suspend teaching and learning. Moya Centre Pre-school has suspended operations. The mumps signs and symptoms include fever, headache, muscle aches, tiredness and loss of appetite.",,"By BANELE MAGONGO | 2023-06-16. Eswatini has been hit by mumps outbreak. The outbreak has forced some pre-schools around the country to suspend teaching and learning. One of the affected pre-schools is Moya Centre, which has suspended operations. The outbreak was confirmed by Director of Health....",Children-Youth; Fever; Headache; Mumps,Eswatini,"Eswatini; Moya in Ndzuwani, Comoros",,,observer-sz,The Swazi Observer,Eswatini,General News,webnews,412851983,observer-sz-9aa2eb8179c4889b63b71080ccd7bdf4
2023-06-15T15:50:20.801Z,Spanish; Castilian,https://tribunademexico.com/mueren-106-naufragio-nigeria/,https://portal.who.int/eios/#/items/412797294/die-106-people-by-the-wreck-of-a-boat-in-a-river-of-nigeria/full-article,Die 106 people by the wreck of a boat in a river of nigeria,Mueren 106 personas por el naufragio de un barco en un río de Nigeria,,"At least 106 people died in the centre-north of Nigeria in the sinking of a vessel, informed the police. The boat was carrying around 250 passengers, many of whom came back from a wedding in a river of Kwara state when the incident occurred, said the local police.","Al menos 106 personas murieron en el centro-norte de Nigeria en el naufragio de un barco, informó la policía.

El barco transportaba a unos 250 pasajeros, muchos de los cuales regresaban de una boda, en un río del estado de Kwara cuando ocurrió el accidente, indicó la policía local.",Floods; Natural Disasters,Nigeria,"Patigi in Kwara State, Nigeria; Sokoto in Sokoto State, Nigeria",Bola Ahmed Tinubu; Okasanmi Ajayi,,tribunadelapaz,Noticias en La Paz y Baja California Sur-Tribuna de La Paz,Mexico,General News,webnews,412797294,tribunadelapaz-46976585c9d5ae04b47a4d829e20e36c
2023-06-15T15:24:15.942Z,French,https://lecourrier.vn/naufrage-dun-bateau-au-nigeria-le-bilan-grimpe-a-106-morts/1182322.html,https://portal.who.int/eios/#/items/412794783/sinking-of-a-vessel-in-nigeria-the-balance-sheet-soar-to-106-dead/full-article,Sinking of a vessel in Nigeria: the balance sheet soar to 106 dead,Naufrage d'un bateau au Nigeria : le bilan grimpe à 106 morts,,"The balance sheet of the sinking of a vessel Monday 12 June in a river of north-central Nigeria s'élève now 106 deaths while the research to find any survivors continues, said Wednesday 14 June the police. A first assessment was state Tuesday 13 June of 103 victims, of which more than half came from the village of Ebu.","Le bilan du naufrage d'un bateau lundi 12 juin dans une rivière du Centre-Nord du Nigeria s'élève désormais à 106 morts alors que les recherches pour retrouver d'éventuels survivants se poursuivent, a déclaré mercredi 14 juin la police.

Un premier bilan faisait état mardi 13 juin de 103 victimes, dont plus de la moitié venaient du village d'Ebu.",Man-Made Disasters,Nigeria,"Nigeria; Centre-Nord in Centre-Nord, Burkina Faso",,,lecourrier,Le Courrier du Vietnam,Viet Nam,General News,webnews,412794783,lecourrier-9391a47d106fea6cd06c6c29515da866
2023-06-15T14:57:14.654Z,French,https://www.banouto.bj/article/securite-humaine/20230615-nigeria-bola-tinubu-ordonne-une-enquete-apres-la-mort-de-106-invites-d-un-mariage,https://portal.who.int/eios/#/items/412792728/nigeria-bola-tinubu-orders-an-investigation-after-death-of-106-invited-to-a-marriage/full-article,Nigeria: Bola Tinubu orders an investigation after death of 106 invited to a marriage,Nigéria : Bola Tinubu ordonne une enquête après la mort de 106 invités d’un mariage,,". The Nigerian president Bola Tinubu has ordered an inquiry after the sinking, Tuesday 13 June 2023, of a vessel. The tragedy has caused the death of 106 persons which amounted to a marriage. Image of archives drama! Six hundred people died in the sinking of a vessel, Tuesday 13 June 2023, on the river Niger.",".

Le président nigérian Bola Tinubu a ordonné une enquête après le naufrage, mardi 13 juin 2023, d'un bateau. Le drame a causé la mort de 106 personnes qui revenaient d'un mariage. Image d’archives Drame ! Cent six personnes ont trouvé la mort dans le naufrage d'un bateau, mardi 13 juin 2023, sur le fleuve Niger.",Boat capsize; Man-Made Disasters,Niger; Nigeria,"Niger; Sokoto in Sokoto State, Nigeria",Bola Tinubu,Rfi,banouto,banouto,Benin,General News,webnews,412792728,banouto-0f59dc0608506b5aa401ea40520c24b4
2023-06-15T08:09:08.454Z,English,https://www.dailyadvent.com/news/d1c9c0ffd52a6c45b5f3f5c536896d79-Measles-and-whooping-cough-outbreaks-in-South-Africa-a-sign-of-low-vaccination-coverage-expertswarn,https://portal.who.int/eios/#/items/412764999/measles-and-whooping-cough-outbreaks-in-south-africa-a-sign-of-low-vaccination-coverage-experts-warn/full-article,"Measles and whooping cough outbreaks in South Africa: a sign of low vaccination coverage, experts warn",,"Measles and whooping cough outbreaks in South Africa: a sign of low vaccination coverage. Caregivers are conflicted about vaccinating their children. Worldwide, in the decades 2000-2020, childhood vaccination led to the reduction of deaths in children under 5 by 50% to 5.4 million.",,Free cookies 🍪 We are always working to improve your experience on our website. Part of this involves using cookies to collect anonymous data for statistics and personalization. We may also use your data to tailor ads for you and our partners will collect data and use cookies for ad personalisation and measurement.,Children-Youth; Cough; Measles; Vaccination; Whooping cough,South Africa,South Africa,,,dailyadvent,dailyadvent,Nigeria,General News,webnews,412764999,dailyadvent-0e4df9cc58053226b9e27a82e701ca55
2023-06-15T00:55:04.880Z,Spanish; Castilian,https://www.elpais.com.co/mundo/boda-mortal-mueren-100-invitados-a-un-matrimonio-en-nigeria-en-un-naufragio-1416.html,https://portal.who.int/eios/#/items/412746586/deadly-wedding-die-100-invited-to-a-marriage-in-nigeria-in-a-shipwreck/full-article,Deadly wedding: die 100 invited to a marriage in Nigeria in a shipwreck,Boda mortal: mueren 100 invitados a un matrimonio en Nigeria en un naufragio,,"“I am deeply saddened by the news of the tragic accident of vessel that claimed the lives of our people in the state of Kwara. The victims were invited to a wedding makes this unfortunate accident is more painful”, Tinubu said in a statement.","“Estoy profundamente entristecido con las noticias del trágico accidente de barco que cobró la vida de nuestra gente en el estado de Kwara. El que las víctimas fueran invitados a una boda hace que este accidente desafortunado sea más doloroso”, dijo Tinubu en un comunicado.",Floods; Migrants; Natural Disasters,France; Nigeria; The United Kingdom,"Anambara in Anambra, Nigeria; France; England in England, The United Kingdom",,,elpais-CO,Noticias EL PAIS.COM,Colombia,General News,webnews,412746586,elpais-CO-c5fd30a5d338cedc679249f0c1004759
2023-06-15T00:36:01.347Z,English,//www.promedmail.org,https://portal.who.int/eios/#/items/412745723/proamr-surveillance-97-lmic-zoonotic-sources-and-spread-of-amr-review/full-article,"PRO/AMR> Surveillance (97): LMIC, zoonotic sources and spread of AMR, review",,"Zoonotic sources and the spread of antimicrobial resistance from the perspective of low- and middle-income countries. Contamination with extended-spectrum beta-lactamase (ESBL)-producing _Escherichia coli_ is highest in poultry (Africa: 8.9-60%; Asia: 53-93%), and there is a risk to import ESBL-producing _E. coli_ through poultry meat in Africa. Since most of them are migratory animals, they can disperse antimicrobial resistant bacteria over large distances. So-called 'filth flies' are a relevant vector not only of enteric pathogens but also of resistant bacteria in settings where sanitary systems are poor.",,"SURVEILLANCE (97): LOW- AND MIDDLE-INCOME COUNTRIES, ZOONOTIC SOURCES AND SPREAD OF ANTIMICROBIAL RESISTANCE, REVIEW * A ProMED-mail post  ProMED-mail is a program of the International Society for Infectious Diseases <http://www.isid.",Antimicrobialresist; Communicabledisease; Emerging Wildlife Diseases; Escherichia coli Infection; MRSA; Zoonoses,Cameroon; China; Ecuador; Ethiopia; Nepal; Pakistan; Thailand,"South in South, Cameroon; Ecuador; Ethiopia; Egypt; Thailand; Nepal; South in South, Iceland; Nigeria; China; Uganda; Pakistan; Kenya",,EU; AMU; World Bank,promed-amr,"promed-amr, antimicrobial resistance",United States of America,Medical,Medical,412745723,promed-amr-8e40cdf4ef8e3ecf4ccc542ac1b44af0
2023-06-14T22:57:18.555Z,French,https://www.rfi.fr/fr/afrique/20230614-plus-de-100-morts-dans-le-naufrage-d-un-bateau-au-nigeria-les-recherches-se-poursuivent,https://portal.who.int/eios/#/items/412740804/more-than-100-dead-in-the-sinking-of-a-vessel-in-nigeria-research-continues/full-article,"More than 100 dead in the sinking of a vessel in Nigeria, research continues","Plus de 100 morts dans le naufrage d'un bateau au Nigeria, les recherches se poursuivent",,"With our corresponding to Lagos, Liza Fabbian. The victims of the sinking were return of a marriage which took place in the state of Niger. The boat transporting them to the state of Kwara suddenly accumulate near. In total, the boat was carrying nearly 270 people, according to the authorities.","Avec notre correspondante à Lagos, Liza Fabbian. Les victimes du naufrage étaient de retour d'un mariage qui se déroulait dans l'État de Niger. Le bateau qui les transportait vers l'État de Kwara a brusquement chaviré. Au total, l'embarcation transportait près de 270 personnes, selon les autorités.",Man-Made Disasters,Nigeria,"Nigeria; Sokoto in Sokoto State, Nigeria; Lagos in Lagos, Nigeria; Niger",Liza Fabbian; Bola Tinubu,,rfi-fr,Radio France International (French),France,General News,webnews,412740804,rfi-fr-a9672429b08496b8e73dd494bae5a6be
2023-06-14T20:56:15.067Z,English,"https://promedmail.org/promed-post?place=8710594,64029",https://portal.who.int/eios/#/items/412733752/proahedr-plague-congo-dr-02-it/full-article,PRO/AH/EDR> Plague - Congo DR (02): (IT),,"In 2022, a total of 624 suspected cases of plague - mostly of them bubonic (616 cases) - were notified by the Rethy health zone alone, with 12 deaths (case fatality rate 1.9%). Since the beginning of 2023, 29 cases have already been notified with 4 deaths. Most cases are due to bubonic plague after the bite of an infected rodent flea, causing a swollen lymph gland.",,PLAGUE - DEMOCRATIC REPUBLIC OF CONGO (02): (ITURI) * A ProMED-mail post  ProMED-mail is a program of the International Society for Infectious Diseases  Date: Wed 14 Jun 2023 From: Pascal Adroba <pascaladroba2017@gmail.,Cough; Endemic; Headache; Migrants; Refugees and Internally Displaced Persons,Congo; Democratic Republic of the Congo; Uganda,"Congo; Alliance in Box Butte, Nebraska, United States of America; Uganda; Bunia in Nord Kivu, Democratic Republic of the Congo; United States of America; Most in Czechia",Anne Laudisoit,World Health Organization; Rfi,promed-ahead,"promed-ahead animal zoonotic, vector-borne disease posts",United States of America,Medical,Medical,412733752,promed-ahead-a7c4c14cbca66119af9e886a9ee98e41
2023-06-02T07:09:05.714Z,English,https://www.watchdoguganda.com/news/20230602/154557/meteorological-authority-warns-of-flooding-landslides-in-northern-and-eastern-uganda.html,https://portal.who.int/eios/#/items/411840187/meteorological-authority-warns-of-flooding-landslides-in-northern-and-eastern-uganda/full-article,"Meteorological Authority warns of flooding, landslides in Northern and Eastern Uganda",,"The Uganda National Meteorological Authority (UNMA) has warned that there is a likelihood of flooding and landslides in low-lying and flood-prone areas of Northern and Eastern regions in the months of June, July and August 2023. The Acting Executive Director of UNMA Dr Bob Alex Ogwang noted that the two regions will experience near-normal rainfall.",,"The Uganda National Meteorological Authority (UNMA) has warned that there is a likelihood of flooding and landslides in low-lying and flood-prone areas of Northern and Eastern regions in the months of June, July and August 2023. Addressing journalists at the Uganda Media Center on Thursday about the....",Floods; Landslides; Natural Disasters; Vector-borne diseases,"China, Hong Kong SAR; Uganda","Eastern in China, Hong Kong SAR; Uganda; Eastern in Fiji; Dornod Aymag in East Aimak, Mongolia",,,watchdoguganda,watchdoguganda,Uganda,General News,webnews,411840187,watchdoguganda-e92e3d6b2430d953d9545a57df86f862
2023-06-02T06:21:05.968Z,Greek,https://www.real.gr/kosmos/arthro/stous_426_oi_nekroi_meta_tin_epanemfanisi_tis_xoleras_to_2021_sto_kameroun-924295/,https://portal.who.int/eios/#/items/411837658/the-426-dead-following-the-resurgence-of-cholera-cameroonin-202130/full-article,The 426 dead following the resurgence of cholera Cameroonin 2021‑30,Στους 426 οι νεκροί μετά την επανεμφάνιση της χολέρας το 2021 στο Καμερούν,,"By the end of March, Cameroonin recorded a sharp increase of cases, after a period of recession of the epidemic, according to the world health organisation. Other 26 people died as a result of cholera in Cameroon, where in the last two weeks the outbreak of highly....","Από τα τέλη του Μαρτίου, στο Καμερούν καταγράφεται μεγάλη αύξηση των κρουσμάτων, έπειτα από περίοδο ύφεσης της επιδημίας, σύμφωνα με τον Παγκόσμιο Οργανισμό Υγείας.

Άλλοι 26 άνθρωποι έχασαν τη ζωή τους εξαιτίας της χολέρας στο Καμερούν, όπου τις τελευταίες δύο εβδομάδες το ξέσπασμα της εξαιρετικά....",Cholera:; Communicabledisease; Epidemic,Cameroon,Cameroon,,,real,real,Greece,General News,webnews,411837658,real-b5e8d7448ca582831761f87fc63bd321
2023-05-31T21:37:10.354Z,English,https://gphin.canada.ca/cepr/showarticle.jsp?docId=1014008500,https://portal.who.int/eios/#/items/411738565/kayova-food-poisoning-death-toll-rises-to-13/full-article,Kayova food poisoning death toll rises to 13,,"The death toll among the members of one family in the Kavango East region due to suspected food poisoning has increased to 13. The dead are part of a family of 18 at Kayova village in the Ndiyona constituency. They allegedly consumed porridge made from flour from the residue of traditional beer, known locally as mundevere.",,"The death toll among the members of one family in the Kavango East region due to suspected food poisoning has increased to 13.
The dead are part of a family of 18 at Kayova village in the Ndiyona constituency who allegedly consumed porridge made from flour from the residue of traditional beer, known locally as mundevere.",Children-Youth; Clostridium botulinum; Food poisoning; Methanol Poisoning; Methyl,Namibia,"Rundu in Kavango East, Namibia",Ben Nangombe,Ministry of Health; District Hospital; Health and Social Services; Swapo Party; Youth League,gphin,gphin,Canada,Medical,wire,411738565,gphin-e0e7aa8de3827210834bee17e6568fde
2023-05-31T16:51:07.498Z,English,https://gphin.canada.ca/cepr/showarticle.jsp?docId=1014004830,https://portal.who.int/eios/#/items/411721822/thirteen-namibians-die-after-eating-porridge/full-article,Thirteen Namibians die after eating porridge,,"Thirteen people from the same 22-member household have died in Namibia after eating suspected poisonous food, local media reported. Four others are said to be in critical condition following the incident, which occurred over a three-day period in Kayova village. Samples of the suspected toxic meal have reportedly been sent to South Africa for testing in an attempt to establish or rule out food poisoning.",,"Samples of the suspected toxic meal have reportedly been sent to South Africa for testing in an attempt to establish or rule out food poisoning
Thirteen people from the same 22-member household have died in Namibia after eating suspected poisonous food, local media reported.",Food poisoning,Namibia; South Africa; Zimbabwe,South Africa; Zimbabwe,Monica Geingos,,gphin,gphin,Canada,Medical,wire,411721822,gphin-07572d40c6e3caa48510bf025ed7d73e
2023-05-31T11:10:07.780Z,English,https://www.africanews.com/2023/05/31/13-lives-lost-from-toxic-porridge-consumption-in-namibia/,https://portal.who.int/eios/#/items/411698438/13-lives-lost-from-toxic-porridge-consumption-in-namibia/full-article,13 lives lost from toxic porridge consumption in Namibia,,"Thirteen individuals tragically lost their lives within a three-day period, while four others are currently in critical condition. The majority of the deceased were children who were reportedly in dire need of nourishment. The health ministry revealed that the family had consumed porridge prepared with pearl millet flour and fermented sediment.",,"Thirteen individuals tragically lost their lives within a three-day period, while four others are currently in critical condition after consuming suspected poisonous food in Namibia. According to local media, all the affected individuals were part of a household consisting of 22 people in Kayova....",Chemicalaccidents; Food poisoning,Namibia,Namibia; South Africa,,,en-africanews,Africa news - English version,Gabon,General News,webnews,411698438,en-africanews-06cfe311fb8223891c4c6151e7ba021a
2023-05-24T06:09:19.664Z,English,https://www.tuko.co.ke/kenya/counties/507293-khasoko-boys-school-closed-indefinitely-death-student-unknown-illness/,https://portal.who.int/eios/#/items/411201747/khasoko-boys-school-closed-indefinitely-after-death-of-student-over-unknown-illness/full-article,Khasoko Boys School Closed Indefinitely after Death of Student over Unknown Illness,,Bungoma-Khasoko Boys School has been closed indefinitely following the tragic death of a student due to an unknown illness. The school joins the list of some schools that have had health issues among its students over several issues. The health department in Bungoma county will now swing into action to find out the cause of the illness threatening students' lives.,,"The school joins the list of some schools that have had health issues among its students over several issues; The health department in Bungoma county will now swing into action to find out the cause of the illness threatening students' lives.

PAY ATTENTION: Help us change more lives, join TUKO.co.ke’s Patreon programme.",Malaria; Pain; School Closures; Unknown disease,Kenya,Bungoma in Kenya; Kakamega in Kenya,,Girls High School; Ministry of Health; Facebook; Referral Hospital,tuko,Tuko News,Kenya,General News,webnews,411201747,tuko-e33dbcc9fd5f9450e127c8908265609d
2023-05-23T12:48:17.049Z,English,https://gphin.canada.ca/cepr/showarticle.jsp?docId=1013967963,https://portal.who.int/eios/#/items/411155397/cough-syrups-made-in-india-for-export-will-be-checked-in-government-labs/full-article,Cough syrups made in India for export will be checked in government labs,,The government has notified new testing parameters for cough syrups to be exported from India. These will require the production of a Certificate of Analysis (CoA) from specified laboratories. There were reports linking the deaths of some children in Gambia and Uzbekistan to Syrups made in India.,,"New Delhi, May 23 -- The government has notified new testing parameters for cough syrups to be exported from India and said these will require the production of a Certificate of Analysis (CoA) from specified laboratories.
The changes in the export of syrups will be effective from June 1.",Children-Youth; Cough,Gambia; India; Uzbekistan,"New Delhi in West, Delhi, India; Bombay in Maharashtra, India; Gambia; Hyderabad in India; Chennai in Tamil Nadu, India; Chandigarh in India; Guwahati in Kamrup, Assam, India; Uzbekistan; Calcutta in West Bengal, India; Ghaziabad in Uttar Pradesh, India",Brand Equity,Commerce and Industry Ministry; Health Ministry; Central Drugs Standard Control Organization,gphin,gphin,Canada,Medical,wire,411155397,gphin-ff854bf3c91c44a9755c53c6bbacb242
2023-05-23T12:07:14.211Z,English,https://www.facebook.com/609257151239115/videos/143654868703500,https://portal.who.int/eios/#/items/411153869/video-malaria-is-estimated-to-impair-up-to-60-of-childrens/full-article,VIDEO: Malaria is estimated to impair up to 60% of children’s,,Malaria is estimated to impair up to 60% of children’s learning ability. Malaria prevention and control help improve our children's learning. Ensure children sleep under a mosquito net every day. #zeroMalariaStartsWithMe @MalariaFreeUG30 @MinofHealthUG @SpeakUpAfrica1,,"VIDEO: Malaria is estimated to impair up to 60% of children’s learning ability. So malaria prevention and control help improve our children’s learning. Ensure children sleep under a mosquito net every day.

#zeroMalariaStartsWithMe
@MalariaFreeUG30
@MinofHealthUG....",Malaria,Uganda,,,,Facebook-nbstelevision,Nile Broadcasting Services,Uganda,General News,socialmedia-facebook,411153869,Facebook-nbstelevision-128467260577581_640875748077255
2023-05-23T10:13:11.338Z,English,https://www.tuko.co.ke/kenya/507176-nyandarua-1-pupil-dies-19-hospitalised-unknown-outbreak-kinangop/,https://portal.who.int/eios/#/items/411147837/nyandarua-1-pupil-dies-19-hospitalised-over-unknown-outbreak-in-kinangop/full-article,"Nyandarua: 1 Pupil Dies, 19 Hospitalised Over Unknown Outbreak in Kinangop",,"One pupil at St Mary's Primary School in Magumu, Nyandarua county has died following an outbreak of an unidentified illness. The pupil passed away on Monday, May 22, while receiving treatment at Engineer Nyayo Ward Hospital. The outbreak has left at least 19 pupils from the school hospitalised at the same health facility.",,"Kinangop Amos Khaemba - One pupil at St Mary's Primary School in Magumu, Nyandarua county , has died following an outbreak of an unidentified illness.

PAY ATTENTION: Help us change more lives, join TUKO.co.ke’s Patreon programme. The pupil passed away on Monday, May 22, while receiving treatment at Engineer Nyayo Ward Hospital.",Cholera:; Headache; Unknown disease,Kenya,Nyandarua in Kenya,,,tuko,Tuko News,Kenya,General News,webnews,411147837,tuko-bfb68feb01e239ca88c2cabd77bc1c91
2023-05-23T08:00:15.622Z,English,https://www.info.gov.hk/gia/general/202305/23/P2023052300487.htm,https://portal.who.int/eios/#/items/411140226/imported-ice-cream-samples-detected-with-coliform-bacteria-exceeding-legal-limit/full-article,Imported ice-cream samples detected with coliform bacteria exceeding legal limit,,"Samples of a kind of ice-cream imported from Malaysia were found to contain coliform bacteria exceeding the legal limit. The affected products have been marked and sealed, and have not entered the market. The maximum penalty for offenders is a fine of $10,000 and three months' imprisonment upon conviction.",,"The Centre for Food Safety (CFS) of the Food and Environmental Hygiene Department announced today (May 23) that samples of a kind of ice-cream imported from Malaysia were found to contain coliform bacteria exceeding the legal limit. The affected products have been marked and sealed, and have not entered the market.",Food poisoning,"Burkina Faso; China, Hong Kong SAR; Malaysia","Centre in Centre, Burkina Faso; Centre in Centre, Haiti; Centre in Centre, Cameroon; Centre in Centre-Val de Loire, France; Malaysia",,Hong Kong Limited,gov-hk-zh,Gov hk,"China, Hong Kong SAR",Medical,Medical,411140226,gov-hk-zh-9a60f62522a0c5aa47f507582ff4df18
2023-05-23T05:46:20.949Z,German,https://www.tt.com/artikel/30855163/flut-und-duerre-zugleich-der-klimawandel-in-sambia,https://portal.who.int/eios/#/items/411135872/flood-and-drought-at-the-same-time-the-climate-change-in-zambia/full-article,"Flood and drought, at the same time - the climate change in zambia",Flut und Dürre zugleich - der Klimawandel in Sambia,,"The last rainy season, rainfall in particularly large quantities on the long drought ausgedörrten soil. Result: the reason could not absorb the water, it has increased rapidly, flooded large tracts of land, unterspülte dams. Several broke, further areas were flooded.","Die vergangene Regenzeit brachte Niederschläge in besonders großen Mengen, die auf den von langer Dürre ausgedörrten Boden fielen. Resultat: Der Grund konnte das Wasser nicht aufnehmen, es stieg rasch, überflutete große Landstriche, unterspülte Dämme. Mehrere brachen, weitere Gebiete wurden überflutet.",Drought; Food Security And Food Aid; Natural Disasters; Refugees and Internally Displaced Persons,Zambia,"Monze in Southern Province, Zambia; Lusaka in Lusaka Province, Zambia",,,TT,Tiroler Tageszeitung,Austria,General News,webnews,411135872,TT-96ffb26b06f5ec9b6e948410d861491f
2023-05-22T14:07:04.287Z,Spanish; Castilian,https://gphin.canada.ca/cepr/showarticle.jsp?docId=1013962369,https://portal.who.int/eios/#/items/411096126/fifteen-dead-from-cholera-outbreak-near-south-african-capital/full-article,Fifteen dead from cholera outbreak near South African capital,Quince muertos por un brote de cólera próximo a la capital de Sudáfrica,,"(Updates the death toll on EX1096)
Johanneburg, 22 May. The number of people killed by a cholera outbreak in the city of Hammanskraal, about fifty kilometers north of Pretoria, capital of South Africa, rose from twelve to fifteen, reported the South African Deputy Minister of Water and Sanitation, David Mahlobo.","(Actualiza en EX1096 el número de muertos)
Johanneburgo, 22 may. El número de personas muertas por un brote de cólera registrado en la ciudad de Hammanskraal, a unos cincuenta kilómetros al norte de Pretoria, capital de Sudáfrica, aumentó de doce a quince, informó el viceministro sudafricano de Agua y Saneamiento, David Mahlobo.",Cholera:; Diarrhoea,South Africa,"Pretoria in Pretoria, City of Tshwane, City of Tshwane Metropolitan Municipality, Gauteng, South Africa; Jo'anna in Gauteng, South Africa",David Mahlobo,,gphin,gphin,Canada,Medical,wire,411096126,gphin-ca421cbf37a96c1c1df5e561c7bdfcec
2023-05-22T10:07:01.518Z,English,https://gphin.canada.ca/cepr/showarticle.jsp?docId=1013961574,https://portal.who.int/eios/#/items/411085005/new-nine-people-succumb-to-cholera/full-article,NEW: Nine people succumb to cholera,,"Nine people succumbed to cholera, while 21 are suspected to have died from the disease as at May 17, according to statistics from the Ministry of Health and Child Care. Suspected cases have also risen to 1 080. Cholera cases have been reported in nine provinces since the beginning of the year, with cases having no epidemiological link to each other.",,"Nine people succumbed to cholera, while 21 are suspected to have died from the disease as at May 17, according to statistics from the Ministry of Health and Child Care.
Suspected cases have also risen to 1 080.
'Cholera cumulative cases have reached 1 080 suspected cholera cases, nine laboratory....",Children-Youth; Cholera:,Zimbabwe,"Chitungwiza in Harare, Zimbabwe; Epworth in Harare, Zimbabwe; Marondera in Mashonaland East Province, Zimbabwe; Mutare in Manicaland, Zimbabwe",,Ministry of Health,gphin,gphin,Canada,Medical,wire,411085005,gphin-e1463d711aeed22cff2c6116ace7f6f5
2023-05-19T10:09:05.373Z,English,https://www.timeslive.co.za/news/south-africa/2023-05-19-health-minister-confirms-diphtheria-outbreak-in-two-provinces/,https://portal.who.int/eios/#/items/410940055/health-minister-confirms-diphtheria-outbreak-in-two-provinces/full-article,Health minister confirms diphtheria outbreak in two provinces,,"Diphtheria is a contagious and potentially life-threatening bacterial infection. It is spread through contact with respiratory droplets or hand-to-mouth contact with secretions from an infected person’s mouth, nose, throat or skin. Symptoms include sore throat, fever and swollen glands. The department urged anyone with symptoms and suspected cases to seek medical attention.",,"Health minister Dr Joe Phaahla has confirmed there is an outbreak of diphtheria in South Africa. Diphtheria is a contagious and potentially life-threatening bacterial infection spread through contact with respiratory droplets or hand-to-mouth contact with secretions from an infected person’s mouth,....",Children-Youth; Diphtheria; Fever; Vaccination,South Africa,"Western Cape in Western Cape, South Africa; KwaZulu-Natal in KwaZulu-Natal, South Africa; Eastern Cape in Eastern Cape, South Africa",Joe Phaahla,Expanded Programme,thetimes-za,The times - from South Africa,South Africa,General News,webnews,410940055,thetimes-za-7e596d147a872d7f38d743ffe4f13403
2023-05-19T01:17:08.860Z,English,https://gphin.canada.ca/cepr/showarticle.jsp?docId=1013944733,https://portal.who.int/eios/#/items/410919115/health-department-appeals-for-calm-as-nicd-detects-two-diphtheria-cases-in-kzn-western-cape/full-article,"Health department appeals for calm as NICD detects two diphtheria cases in KZN, Western Cape",,"The cases were detected in KwaZulu-Natal and the Western Cape. The department said the cases were vaccine preventable. The symptoms include a sore throat with a formation of a membrane on the tonsils and throat and swollen glands in the front of the neck. The toxin-producing bacterium may lead to difficulty in breathing, heart rhythm problems, and even death.",,"The Department of Health has appealed for calm after the National Institute for Communicable Diseases detected two cases of diphtheria.
The cases were detected in KwaZulu-Natal and the Western Cape.
The department said the cases were vaccine preventable and urged parents to ensure their children were protected.",Children-Youth; Communicabledisease; Diphtheria; Meningitis; Vaccination,South Africa,"Western Cape in Western Cape, South Africa; Centre in Centre, Burkina Faso; Centre in Centre, Haiti; Centre in Centre, Cameroon; KwaZulu-Natal in KwaZulu-Natal, South Africa; Centre in Centre-Val de Loire, France",,,gphin,gphin,Canada,Medical,wire,410919115,gphin-9d1328b1101cfdd62cd0322d2ae643bc
2023-05-18T16:35:12.023Z,English,https://sacoronavirus.co.za/2023/05/18/media-statement-minister-phaahla-calls-for-vigilance-as-sa-detects-diphtheria-cases/,https://portal.who.int/eios/#/items/410894662/media-statement-minister-phaahla-calls-for-vigilance-as-sa-detects-diphtheria-cases/full-article,Media Statement: Minister Phaahla calls for vigilance as SA detects Diphtheria cases,,The World Health Organization is working to secure additional supplies of antitoxin. Treatment in the absence of anti-toxin is appropriate antibiotics and supportive care. All parents are urged to make sure that their children are up to date for routine vaccines. Children who are not up todate for vaccines should be taken to the nearest clinic for vaccination.,,"MEDIA STATEMENT To: Editors & Health Journalists Issued by: Department of Health Date: Thursday, 18 May 2023. Minister Phaahla calls for vigilance as SA detects Diphtheria cases. Pretoria : The Minister of Health, Dr Joe Phaahla is calling for vigilance and for the public not to panic as the country records two positive cases of Diphtheria disease.",Children-Youth; Communicabledisease; Cough; Diphtheria; Meningitis; Vaccination,South Africa,"Pretoria in Pretoria, City of Tshwane, City of Tshwane Metropolitan Municipality, Gauteng, South Africa",Foster Mohale; Cheryl Cohen; Joe Phaahla,National Health Laboratory Service; World Health Organization,health.gov.za,DOH South Africa,South Africa,Medical Official,Medical,410894662,health.gov.za-0f7fa26025f5ae13f4649ab98f580e07
2023-05-17T10:49:18.154Z,English,https://gphin.canada.ca/cepr/showarticle.jsp?docId=1013935457,https://portal.who.int/eios/#/items/410807641/floods-leave-45-dead-in-ethiopia/full-article,Floods leave 45 dead in Ethiopia,,"Floods have caused widespread destruction and displacement in Afar, Oromia, Somali Southern Nations Nationalities and Peoples' as well as South West Ethiopia Peoples' regions. The flooding has deepened the vulnerability of populations whose resilience is already highly affected by the impact of a prolonged drought in 2020.",,"16 May 2023 (CAJ News) from ADANE BIKILA in Addis Ababa, Ethiopia Ethiopia Bureau ADDIS ABABA, (CAJ News) FLOODS have left 45 people dead in Ethiopia as East Africa bears the brunt of climate change.More than 35 000 households are displaced, over 23 000 livestock perished and more than 99 000....",Cholera:; Drought; Floods; Malaria; Measles; Natural Disasters; Water contamination,Ethiopia; Somalia,"Addis Ababa in Addis Ababa, Ethiopia",,United Nations,gphin,gphin,Canada,Medical,wire,410807641,gphin-498df287fc4529a4b6bf71a6df3fc79a
2023-05-16T14:52:03.444Z,French,https://lecourrier.vn/ethiopie-les-inondations-font-45-morts/1180349.html,https://portal.who.int/eios/#/items/410751553/ethiopia-floods-kill-45-dead/full-article,Ethiopia: floods kill 45 dead,Éthiopie : les inondations font 45 morts,,"The recent floods in ethiopia have been 45 dead and caused the displacement of more than 35,000 families, said the United Nations Monday 15 may. Floods also caused destruction and displacement in the regions of Somali, Oromia, region of Nations, nationalities and peoples....","Les récentes inondations en Éthiopie ont fait 45 morts et provoqué le déplacement de plus de 35.000 familles, a déclaré l'ONU lundi 15 mai.

Des crues ont également provoqué des destructions et des déplacements dans les régions de Somali, d'Oromia, de la région des Nations, Nationalités et Peuples....",Floods; Natural Disasters,Ethiopia; Somalia,"Somali in Somali, Ethiopia",,United Nations,lecourrier,Le Courrier du Vietnam,Viet Nam,General News,webnews,410751553,lecourrier-b3d840e7db661e05ced2c35478ff73cc
2023-05-14T09:27:12.315Z,English,https://gphin.canada.ca/cepr/showarticle.jsp?docId=1013919242,https://portal.who.int/eios/#/items/410622780/an-unidentified-infectious-disease-in-kenya-has-killed-nine-people/full-article,An unidentified infectious disease in Kenya has killed nine people,,"The infectious disease is unknown, which has killed 9 people and infected more than 80 others. Local medical staff said that most patients had flu sickness Yellowing of the eyes and severe headache. First cases appeared two weeks ago, and they were on in time Reported to the Ministry of Health and tested the patient, because some patients tested positive for malaria.",,"INFOBANK NEWS ACCORDING TO THE KENYA MINISTRY OF HEALTH SAID ON THE 10TH LOCAL TIME, THE COUNTRY'S MASABIT COUNTY OUT
The infectious disease is unknown, which has killed 9 people and infected more than 80 others.
According to Xinhua News Agency on May 12, local medical staff said that most patients....",Communicabledisease; Headache; Influenza virus not identified; Malaria; Testing Capacity; Unknown disease,Kenya,Kenya,,Ministry of Health; Xinhua News Agency,gphin,gphin,Canada,Medical,wire,410622780,gphin-7d7cfe8b64fb9647a8d8149993cfc0c7
2023-05-11T14:52:08.811Z,English,https://www.k24tv.co.ke/news/9-dead-as-unknown-disease-breaks-out-in-marsabit-102826/,https://portal.who.int/eios/#/items/410457457/9-dead-as-unknown-disease-breaks-out-in-marsabit/full-article,9 dead as unknown disease breaks out in Marsabit,,"Nine people confirmed dead after an unknown disease broke out in Kargi location, Marsabit county. Out of the nine that died, six were adults and three were children aged between one and three. 80 others are currently receiving treatment after they got seriously ill. Health officials suspect that the disease may be a severe form of malaria with the patients depicting malaria-like symptoms.",,"Nine people have been confirmed dead after an unknown disease broke out in Kargi location, Marsabit county. According to police who confirmed the incident, most deaths occurred in grazing areas. Out of the nine that died, six were adults and three were children aged between one and three.",Elderly; Malaria; Unknown disease,Kenya,Marsabit in Kenya,,Health Department,K24TV,K24 TV Newpage,Kenya,General News,TVRadio,410457457,K24TV-f5761314543d339d6e25cc5d8616864d
2023-05-11T14:34:22.535Z,Italian,https://www.ilmessaggero.it/salute/focus/malattia_sconosciuta_kenya_sintomi-7395818.html,https://portal.who.int/eios/#/items/410455930/alarm-in-kenya-disease-unknown-causes-9-dead-and-80-shelters-symptoms-by-eyes-yellow/full-article,"Alarm in Kenya, disease unknown causes 9 dead and 80 shelters. 'Symptoms by eyes yellow’","Allarme in Kenya, malattia sconosciuta provoca 9 morti e 80 ricoveri. «Sintomi da occhi gialli»",,"The symptoms. According to local health authorities, most of the deaths have occurred in the areas of grazing and symptoms could be a form of malaria violent because patients avrebbero accused yellow eyes, spleen ingrossata, severe headache and flu symptoms.","I sintomi. Secondo quanto dichiarato dalle autorità sanitarie locali, la maggior parte dei decessi si sarebbe verificata nelle aree di pascolo e dai sintomi potrebbe trattarsi di una forma di malaria violenta, dato che i pazienti avrebbero accusato occhi giallastri, milza ingrossata, forti mal di testa e sintomi influenzali.",Fever; Headache; Leishmaniasis; Malaria; Visceral Leishmaniasis,Kenya,Marsabit in Kenya,Kenya Medical,World Health Organization; Medical Research Institute,ilmessaggero,Il Messaggero,Italy,General News,webnews,410455930,ilmessaggero-04d2e31c1916aa8694f42607d1121ae1
2023-05-10T13:51:10.756Z,English,https://gphin.canada.ca/cepr/showarticle.jsp?docId=1013897787,https://portal.who.int/eios/#/items/410374429/malaria-cases-on-the-rise-in-gauteng-kzn-mpumalanga-and-limpopo-warns-nicd/full-article,"Malaria cases on the rise in Gauteng, KZN, Mpumalanga and Limpopo, warns NICD",,"South Africa is seeing a significant increase in malaria cases in Gauteng and endemic provinces. Late detection and undiagnosed cases lead to severe malaria infections and fatalities. Members of the public with a fever or flu-like illness in Limpopo, KwaZulu-Natal and Mpumalanga must be tested for malaria.",,"South Africa is seeing a significant increase in malaria cases in Gauteng and endemic provinces, according to the National Institute for Communicable Diseases (NICD).
READ: KwaZulu-Natal weather warning: Rain, thunder and floods incoming
Late detection and undiagnosed cases lead to severe malaria....",Endemic; Floods; Influenza virus not identified; Malaria,South Africa,"Mpumalanga in KwaZulu-Natal, South Africa; Port Alfred in Port Alfred, Ndlambe, Cacadu District Municipality, Eastern Cape, South Africa; Cape Town in Somerset West, City of Cape Town, City of Cape Town, Western Cape, South Africa",,,gphin,gphin,Canada,Medical,wire,410374429,gphin-0a393021ea6eaa2aa673ab32521ebb54
2023-05-05T12:13:11.117Z,English,https://wsau.com/2023/05/05/at-least-72-bodies-found-in-congo-village-hit-by-floods-reuters-witness/,https://portal.who.int/eios/#/items/410024873/at-least-72-bodies-found-in-congo-village-hit-by-floods-reuters-witness-bushushu-democratic-republic-of-congo-reuters-humanitarian-workers-have-recove/full-article,"At least 72 bodies found in Congo village hit by floods - Reuters witness BUSHUSHU, Democratic Republic of Congo (Reuters) -Humanitarian workers have recovered at least 72 bodies from a village in east Democratic Republic of... 1h ago",,Torrential rain fell in Congo’s South Kivu province and caused a river to overflow. Provincial government said significant damage and loss of life in two villages. Local administrator Thomas Bakenga said on Thursday night that at least 17 people had been killed in the floods.,,"BUSHUSHU, Democratic Republic of Congo (Reuters) -Humanitarian workers have recovered at least 72 bodies from a village in east Democratic Republic of Congo hit by flooding on Thursday, a Reuters reporter at the scene said on Friday. Torrential rain that fell in Congo’s South Kivu province and....",Floods; Natural Disasters,Congo; Democratic Republic of the Congo,"Congo; Sofia in Sofia-Capital, Bulgaria",Alexander Winning,,wsau,wsau,United States of America,General News,webnews,410024873,wsau-68358dde5e76a02a3d28ee905a123e85
2023-05-04T11:11:16.521Z,English,https://www.info.gov.hk/gia/general/202305/04/P2023050400599.htm?fontSize=1,https://portal.who.int/eios/#/items/409941162/chp-investigates-outbreak-of-upper-respiratory-tract-infection-at-primary-school/full-article,CHP investigates outbreak of upper respiratory tract infection at primary school,,"The outbreak involves 24 students, comprising nine males and 15 females aged 6 to 9. Six of them sought medical attention and none required hospitalisation. All are in stable condition. The school has been placed under medical surveillance. The public should maintain good personal and environmental hygiene against influenza and other respiratory illnesses.",,"The Centre for Health Protection (CHP) of the Department of Health is today (May 4) investigating an outbreak of upper respiratory tract infection (URTI) at a primary school in Yau Tong, and appeals to members of the public and staff of institutions to stay alert and maintain strict personal and environmental hygiene.",Cough; People with comorbidities; Vaccination,Burkina Faso,"Centre in Centre, Burkina Faso; Centre in Centre, Haiti; Centre in Centre, Cameroon; Centre in Centre-Val de Loire, France",,CHP,chp-gov-hk,Gov hk,"China, Hong Kong SAR",Medical Official,Medical,409941162,chp-gov-hk-cdbf5c3473441cca2bc2974d34e6c3b2
2023-05-04T01:58:16.000Z,English,https://gphin.canada.ca/cepr/showarticle.jsp?docId=1013862864,https://portal.who.int/eios/#/items/409912191/malaria-cases-spike-in-malawi-pakistan-after-climate-driven-disasters/full-article,"Malaria cases spike in Malawi, Pakistan after 'climate-driven' disasters",,"Extreme weather events in Malawi and Pakistan have driven ""very sharp"" rises in malaria infections. Cases in Pakistan last year, after devastating floods, rose four-fold to 1.6 million. In Malawi, Cyclone Freddy in March triggered six months' worth of rainfall in six days. In 2021, the WHO said there were an estimated 247 million cases worldwide and 619,000 deaths.",,"LONDON, United Kingdom -- Extreme weather events in Malawi and Pakistan have driven ""very sharp"" rises in malaria infections and deaths, a global health chief said ahead of World Malaria Day on April 25.
Cases in Pakistan last year, after devastating floods left a third of the country under water, rose four-fold to 1.",Children-Youth; Floods; Malaria; Pregnant women; Tuberculosis; Vaccination,Ghana; Malawi; Pakistan; The United Kingdom,Malawi; Pakistan; Ghana; Kenya,Peter Sands,London United; Oxford University; World Health Organization; Global Fund,gphin,gphin,Canada,Medical,wire,409912191,gphin-a811e9f2f5130db4def19019a9ebc0e0
2023-05-03T14:54:09.449Z,French,https://www.lavenir.net/actu/monde/2023/05/03/rwanda-au-moins-115-morts-dans-des-inondations-UA64IXWOPZEFXDWROSPCGX4XQA/,https://portal.who.int/eios/#/items/409874249/rwanda-at-least-115-dead-in-floods/full-article,Rwanda: at least 115 dead in floods,Rwanda: au moins 115 morts dans des inondations,,"According to a balance sheet always provisional, ""115 people were confirmed dead in the provinces of west and north following the heavy rains and floods of last night"", writes the RBA, umbrella body which the public audio-visual media, on its website. Infrastructure were also destroyed.","Selon un bilan toujours provisoire, ""115 personnes ont été confirmées mortes dans les provinces de l'Ouest et du Nord à la suite des fortes pluies et inondations de la nuit dernière"", écrit la RBA, organisme qui chapeaute les médias audiovisuels publics, sur son site internet.

Des infrastructures ont également été détruites.",Floods; Landslides; Man-Made Disasters; Natural Disasters,Burundi; Kenya; Rwanda; Uganda,Kisoro in Uganda; South Sudan; Burundi; United Republic of Tanzania; Kenya,Alain Mukuralinda,Red Cross,lavenir,L'avenir,Belgium,General News,webnews,409874249,lavenir-7192d121243434a5f4bf7d1ca09d176f
2023-05-03T14:53:04.600Z,English,https://gphin.canada.ca/cepr/showarticle.jsp?docId=1013859401,https://portal.who.int/eios/#/items/409874169/update-on-cases-of-legionnaires-disease/full-article,Update on cases of Legionnaires' disease,,"From April 23 to 29, one community-acquired LD case was reported. The case involved a male patient aged 65 with underlying illnesses, who lives in Green Villa, Happy Valley. As of April 29, 17 LD cases had been reported this year. In 2022 and 2021, there were 80 and 69 cases respectively.",,"Update on cases of Legionnaires' disease
 Update on cases of Legionnaires' disease
*****************************************
The Centre for Health Protection (CHP) of the Department of Health today (May 2) reported the latest number of cases of Legionnaires' disease (LD), and stressed the importance....",AlcoholUse; Legionellosis,Burkina Faso,"Centre in Centre, Burkina Faso; Centre in Centre, Haiti; Centre in Centre, Cameroon; Centre in Centre-Val de Loire, France",,Water Systems; CHP; Building management,gphin,gphin,Canada,Medical,wire,409874169,gphin-0ea9d1fd167419bc3bd63ca3f22cd84a
2023-05-03T13:46:08.880Z,French,https://gphin.canada.ca/cepr/showarticle.jsp?docId=1013858974,https://portal.who.int/eios/#/items/409868998/floods-kill-more-than-100-in-rwanda-and-uganda/full-article,Floods kill more than 100 in Rwanda and Uganda,Des inondations font plus de 100 morts au Rwanda et en Ouganda,,"by Philbert Girinema
KIGALI, May 3 (Reuters) - At least 109 people in western and northern Rwanda have died in floods and landslides triggered by heavy rains, state broadcaster said on Wednesday, as authorities searched for survivors trapped in their homes.","par Philbert Girinema
KIGALI, 3 mai (Reuters) - Au moins 109 personnes dans l'ouest et le nord du Rwanda sont mortes dans des inondations et des glissements de terrain provoqués par de fortes pluies, a déclaré mercredi la radiotélévision d'État, alors que les autorités recherchent des survivants piégés dans leurs maisons.",Floods; Landslides; Natural Disasters,Rwanda; Uganda,"Kisoro in Uganda; Kampala in Uganda; Nairobi in Nairobi, Kenya",George Obulutsa; Francois Habitegeko; Elias Biryabarema,Red Cross,gphin,gphin,Canada,Medical,wire,409868998,gphin-ec69882e7ce3929974fa0564a7e8b7d9
2023-05-03T12:09:08.772Z,English,https://www.dw.com/en/flooding-landslides-kill-over-100-people-in-rwanda/a-65502678,https://portal.who.int/eios/#/items/409862819/flooding-landslides-kill-over-100-people-in-rwanda/full-article,"Flooding, landslides kill over 100 people in Rwanda",,"Torrential rain causes flooding and landslides in western and northern Rwanda. Rescue efforts hampered by heavy rain that continued to fall over large parts of the country on Wednesday. Social media footage showed houses destroyed, roads cut off by landslides and flooded fields. In May 2020, at least 65 people died in Rwanda as heavy rains pounded East Africa.",,"Rescue operations are underway in Rwanda, where heavy rain triggered flooding and landslides that have killed over 100 people.

More than 100 people have died and many are missing after torrential rain caused flooding and landslides in western and northern Rwanda.",Floods; Landslides; Natural Disasters,Rwanda; Zambia,"Western Province in Western Province, Zambia; Northern Province in Northern Province, Zambia; Western Province in Western Province, Rwanda; Northern Province in Northern Province, Rwanda; East in East, Cameroon; Austurland in East, Iceland; Northern Province in Northern Province, Sierra Leone; Western Province in Solomon Islands; Western Province in Western Province, Papua New Guinea; Northern Province in Northern Province, Papua New Guinea; Kenya; Western Province in Sri Lanka; Northern Province in Sri Lanka",Marie Solange Kayisire; Francois Habitegeko,Reuters AFP; Reuters news agency; Rwanda Broadcasting Agency,deutschewelle-en,Deutsche Welle (english),Germany,General News,webnews,409862819,deutschewelle-en-86468ba34429cf7d7418fea7e5b595f8
2023-05-03T11:39:13.824Z,English,https://www.urdupoint.com/en/miscellaneous/over-100-killed-in-rwanda-floods-state-run-b-1685969.html,https://portal.who.int/eios/#/items/409860963/over-100-killed-in-rwanda-floods-state-run-broadcaster-16-minutes-ago/full-article,Over 100 killed in Rwanda floods: state-run broadcaster 16 minutes ago,,"At least 109 people have died in flooding in northern and western, the state-run Rwanda Broadcasting Agency (RBA) said, quoting figures local authorities. 95 people had perished in the hardest hit Western Province and another 14 in Northern Province, RBA said. It said the floodwaters had swept away homes and infrastructure and led to closures.",,"Kigali, May 3 (UrduPoint / Pakistan Point News - 3rd May, 2023 ) :At least 109 people have died in flooding in northern and western , the state-run Rwanda Broadcasting Agency (RBA) said, quoting figures local authorities. from ""The rain that fell last night caused disaster in the Northern and Western Provinces,"" RBA said on its website.",Floods; Natural Disasters,Pakistan; Rwanda,"Kigali in Kigali, Rwanda; Pakistan",,Rwanda Broadcasting Agency,urdupoint,Urdu Point,Pakistan,General News,webnews,409860963,urdupoint-de5b0ac2d9d6a6c3333a63f3939c19df
2023-05-03T11:35:06.214Z,Russian,https://www.sb.by/articles/iz-za-prolivnykh-dozhdey-za-sutki-v-ruande-pogibli-109-chelovek.html,https://portal.who.int/eios/#/items/409860595/due-to-the-torrential-rains-overnight-in-rwanda-109-people-died/full-article,Due to the torrential rains overnight in rwanda 109 people died,Из-за проливных дождей за сутки в Руанде погибли 109 человек,,"Rwanda, a country in eastern africa, suffers from serious floods and landslides caused by heavy rains. Over the past 24 hours there were killed more than 100 people. This send'permission Reuters with reference to the governor of west The province of debain Хабитегеко. An illustrative photoon: pixabay.","Руанда, страна в Восточной Африке, страдает от серьезных наводнений и оползней в результате сильных дождей. За последние 24 часа там погибли более ста человек. Об этом сообщает Reuters со ссылкой на губернатора Западной

провинции Франсуа Хабитегеко. Иллюстративное фото: pixabay.",Natural Disasters,Rwanda,Rwanda,,New York Times,sb,sb,Belarus,General News,webnews,409860595,sb-7079d00dd7c6a23eec39fb72c278d4c9
2023-05-03T09:37:02.018Z,English,https://gphin.canada.ca/cepr/showarticle.jsp?docId=1013856973,https://portal.who.int/eios/#/items/409852565/mudslides-kill-six-thousands-displaced-in-kenya-uganda/full-article,"Mudslides kill six, thousands displaced in Kenya, Uganda",,"All casualties have been reported in south-western and eastern Uganda. Excessive rains since late April have caused floods, rivers overflow and landslides. Governor Anyang Nyong'o of Kisumu, urged residents in flood-prone areas to evacuate. Weather experts forecasting more heavy rainfall in both Uganda and Kenya in the coming days.",,"from HASSAN ONYANGO in Kampala, Uganda Uganda Bureau KAMPALA, (CAJ News) HEAVY rainfall pummeling Uganda and neighbouring Kenya have left at least six people dead.All casualties have been reported in south-western and eastern Uganda.
Three have been confirmed in the Rukungiri District, two in Kasese and one in Mbale.",Floods; Landslides; Natural Disasters,Kenya; Uganda,Kenya; Kampala in Uganda,Anyang Nyongo,Uganda Bureau,gphin,gphin,Canada,Medical,wire,409852565,gphin-7e54a68a999f817fc57ad2286fa2ab2f
2023-05-02T18:30:05.324Z,English,https://gphin.canada.ca/cepr/showarticle.jsp?docId=1013854451,https://portal.who.int/eios/#/items/409810885/ghana-declares-end-of-lassa-fever-outbreak/full-article,Ghana declares end of Lassa fever outbreak,,"The Ghana Health Service (GHS) on Tuesday declared an end to the Lassa fever outbreak. The GHS said the maximum follow-up period of 42 days has elapsed. Ghana recorded 27 positive LassA fever cases during the outbreak, with one death and 26 recoveries.",,"ACCRA, May 2 (Xinhua) -- The Ghana Health Service (GHS) on Tuesday declared an end to the Lassa fever outbreak in the West African country.
""Ghana declares the end of the Lassa fever outbreak in line with World Health Organization (WHO)-recommended mandatory 42 days post-Lassa Fever surveillance....",Lassa Fever,Ghana,,,Operation Center; World Health Organization; Emergency; Ghana Health Service,gphin,gphin,Canada,Medical,wire,409810885,gphin-d2ef165cbed74ea68921f09b01f48041
2023-05-02T16:59:16.036Z,English,https://www.nbcnews.com/news/world/800000-people-forced-flee-sudan-conflict-un-says-rcna82391,https://portal.who.int/eios/#/items/409804084/800000-people-could-be-forced-to-flee-sudan-conflict-un-says/full-article,"800,000 people could be forced to flee Sudan conflict, U.N. says",,"The crisis has unleashed a humanitarian disaster, damaged swathes of Khartoum, risked drawing in regional powers and reignited conflict in the Darfur region. Many fear for their lives in the power struggle between the army chief and RSF head, who shared control of the government after a 2021 coup. Both sides agreed on Sunday to extend a much-violated truce by 72 hours.",,"The crisis has unleashed a humanitarian disaster, damaged swathes of Khartoum, risked drawing in regional powers and reignited conflict in the Darfur region.

Many fear for their lives in the power struggle between the army chief and RSF head, who shared control of the government after a 2021 coup....",Conflict; Refugees and Internally Displaced Persons,Chad; Egypt; Saudi Arabia; Sudan,"Khartoum in Khartoum, Sudan; Ethiopia; Egypt; Chad; Saudi Arabia; Port Sudan in Red Sea, Sudan; The United Kingdom; South Sudan",Martin Griffiths,United Nations; Getty Images; World Food Program,newsnow-co-uk,migration NGO - News Now,The United Kingdom,General News,webnews,409804084,newsnow-co-uk-823db7d71cb6582bfc2d5896b2bfe8e1
2023-05-02T12:09:14.133Z,French,https://gphin.canada.ca/cepr/showarticle.jsp?docId=1013852542,https://portal.who.int/eios/#/items/409785111/malaria-deaths-fall-by-45-in-hula/full-article,Malaria deaths fall by 45% in Huíla,Le nombre de décès dus au paludisme diminue de 45% à Huíla,,"Two hundred and fifty-nine (259) people died of malaria in the first quarter of this year in Huíla province, out of a total of 170,651 diagnosed cases, recording a decrease of 211 deaths compared to the same period in 2022.
Despite the drop in deaths, the province recorded a 34% increase in cases,....","Deux cent cinquante-neuf (259) personnes sont mortes du paludisme au premier trimestre de cette année dans la province de Huíla, sur un total de 170 651 cas diagnostiqués, enregistrant une diminution de 211 décès par rapport à la même période en 2022.
Malgré la baisse des décès, la province a....",Children-Youth; Malaria,Angola,"Lubango in Huíla, Angola",,,gphin,gphin,Canada,Medical,wire,409785111,gphin-10912974f4881ed14717380ee6fd322c
2023-05-02T05:31:09.300Z,English,https://www.spyuganda.com/kasese-family-of-7-displaced-by-mudslide-1-dead/,https://portal.who.int/eios/#/items/409763004/kasese-family-of-7-displaced-by-mudslide-1-dead-1-may-2023/full-article,"Kasese: Family Of 7 Displaced By Mudslide, 1 Dead 1 May 2023",,"A land slide in Butera village, Bughendero parish in Buhurira Subcounty Kasese District led to the death of 4 year old twin female, leaving 2 others Injured, and whole family displaced. Survivors have moved to the neighbourhood. According to Ronald Kanyerezi, Red Cross Branch Manager in Kasede, the family also lost livestock and have nothing left to them.",,"In the wee hours of labor day, a land slide occured in Butera village, Bughendero parish in Buhurira Subcounty Kasese District that led to the death of 4 year old twin female, leaving 2 others Injured, and whole family displaced.

Key figures 1 dead (4 year old) 2 injured (4 , 6 years old) Survivors have moved to the neighbourhood.",Floods; Landslides; Natural Disasters,Uganda,Kasese in Uganda,Branch Manager,Local Council; Red Cross; District Disaster Management Committee; Kasese district,spyuganda,spyuganda,Uganda,General News,webnews,409763004,spyuganda-556e1e6c3e49dc63a71c84f7bea91a64
2023-04-29T21:50:14.294Z,English,https://flutrackers.com/forum/forum/africa/ebola-forums/ebola-uganda/973537-uganda-media-reports-of-a-man-who-displayed-hemorrhagic-symptoms-when-collapsed-and-died-in-buwenge-april-29-2023#post973537,https://portal.who.int/eios/#/items/409640900/uganda-media-reports-of-a-man-who-displayed-hemorrhagic-symptoms-when-collapsed-and-died-in-buwenge-april-29-2023/full-article,"Uganda - Media reports of a man who displayed hemorrhagic symptoms when collapsed and died in Buwenge - April 29, 2023",,"Anthony Mutebe, 48, exhibited Ebola-like symptoms before collapsing and dying in a trading center. His body, which had blood spills in his eyes, mouth, nose, and ears, was left in the open for fear of spreading a suspected contagious disease. The delayed arrival of the health workers left community members dismayed, watching the lifeless body of their own.",,"hat tip@vinodscaria

Man Dies of Ebola Like Symptoms in Buwenge

Top story

Health

Jinja, Uganda

Musa Magumba, the Buwenge town council councilor stated that Mutebe was confirmed dead at around 8:00 am. However, the delayed arrival of the health workers left community members dismayed, watching....",Communicabledisease; Ebola,Uganda,Uganda; Buwenge in Uganda; Jinja in Uganda,,Jinja district; The Independent,flutrackers,flutrackers,United States of America,Medical,webnews,409640900,flutrackers-973537
2023-04-29T08:08:09.884Z,English,https://www.observer.ug/news/headlines/77596-buwenge-man-collapses-to-death-after-exhibiting-ebola-like-symptoms,https://portal.who.int/eios/#/items/409608658/panic-as-buwenge-man-collapses-to-death-after-exhibiting-ebola-like-symptoms/full-article,Panic as Buwenge man collapses to death after exhibiting Ebola-like symptoms,,"Anthony Mutebe, 48, collapsed to death in the trading centre after exhibiting Ebola-like symptoms. His body which had blood spills from the eyes, mouth, nose, and ears, was left in the open for several hours for fear of spreading a suspected contagious disease. Only 30 select family members were allowed at the burial and social distancing was also strictly observed.",,"Residents of Mukwanga zone in Buwenge town council, Jinja district were on Friday sent into panic mode after a 48-year-old man, Anthony Mutebe collapsed to death in the trading centre after exhibiting Ebola-like symptoms. Mutebe's body which had blood spills from the eyes, mouth, nose, and ears, was....",Communicabledisease; Ebola,Uganda,Buwenge in Uganda; Kyegegwa in Uganda; Masaka in Uganda; Kagadi in Uganda; Jinja in Uganda; Kampala in Uganda; Mubende in Uganda; Wakiso in Uganda,,Jinja district; World Health Organization,observer-ug,The Observer - Uganda,Uganda,General News,webnews,409608658,observer-ug-8bce24e7839d5703bd807b15f8e87289