﻿importDateUTC,language,externalLink,eiosLink,title,originalTitle,summary,translatedDescription,description,categories,mentionedCountries,locations,mentionedPersons,mentionedOrgsEntities,source,sourceName,sourceCountry,sourceSubject,sourceType,id,emmId
2023-07-09T02:39:14.417Z,English,https://leadership.ng/delta-to-address-shortage-of-medical-personnel-teachers/,https://portal.who.int/eios/#/items/414704966/delta-to-address-shortage-of-medical-personnel-teachers/full-article,"Delta To Address Shortage Of Medical Personnel, Teachers",,"The Delta State government has promised to address the non-availability of medical personnel and teachers in healthcare centres and schools. The deputy governor, Sir Monday Onyeme, disclosed this when he received leaders from Utagba Uno and the Inotu in Council from Ndokwa West local government area.",,"The Delta State government has promised to address the non-availability of medical personnel and teachers in healthcare centres and schools across the state. The deputy governor, Sir Monday Onyeme, disclosed this when he received leaders from Utagba Uno and the Inotu in Council from Ndokwa West....",Floods; Natural Disasters,Nigeria,"Asaba in Delta, Nigeria",,Government House; Delta State Government,leadership,Leadership Newspapers,Nigeria,General News,webnews,414704966,leadership-06c6f5cdb72eab1e2c252c2520a9d75e
2023-07-09T02:39:14.708Z,English,https://leadership.ng/unhealthy-habits-killing-nigerians-slowly/,https://portal.who.int/eios/#/items/414704968/unhealthy-habits-killing-nigerians-slowly/full-article,Unhealthy Habits Killing Nigerians Slowly,,"Unhealthy habits, according to medical experts, are detrimental to human health. These include lack of physical activity, poor nutrition, smoking, excessive alcohol consumption, sedentary lifestyle, lack of sleep, stress and poor hygiene. With the rise in non-communicable diseases and sudden death, it is imperative for Nigerians to prioritise healthy living.",,"With the rise in non-communicable diseases and sudden death, it is imperative for Nigerians to prioritise healthy living, experts have cautioned. Unhealthy habits, according to medical experts, are detrimental to human health, as they identified some common unhealthy daily practices such as lack of....",AlcoholUse; Asymptomatic; Conflict; Coronary heart disease; Cough; DrugUse; Sneezing,Nigeria,Nigeria; The United Kingdom,,University of Abuja; World Health Organization; European Heart Journal,leadership,Leadership Newspapers,Nigeria,General News,webnews,414704968,leadership-722c77b0f0d6f5e7989f528c95fb648b
2023-07-09T02:28:15.966Z,English,https://www.thisdaylive.com/index.php/2023/07/09/nigeria-and-the-three-russo-ukrainian-wars-the-challenge-for-tinubuplomacy,https://portal.who.int/eios/#/items/414704686/nigeria-and-the-three-russo-ukrainian-wars-the-challenge-for-tinubuplomacy/full-article,Nigeria and the Three Russo-Ukrainian Wars: The Challenge for Tinubuplomacy,,"President Buhari did not appear to be bothered by any foreign policy question. His Foreign Minister, Geoffrey Onyeama, simply conducted foreign policy in his own way. The Russo-Ukrainian war has a great potential to affect Nigeria’s interests in Africa, in particular, and in the world, generally.",,"INTERNATIoNAL. Bola A. Akinterinwa Buhariplomacy has come and gone with its reactive lack of foreign policy focus. It is now being replaced with BATplomacy, a coinage from ‘Bola Ahmed Tinubu’s diplomacy.’ Shortly put, it is referred to as Tinubuplomacy, but it is still evolving.",Conflict; Migrants; Travel Restrictions,Belarus; Chad; France; Iran (Islamic Republic of); Latvia; Lithuania; Morocco; Niger; Nigeria; Poland; Russian Federation; Ukraine,"Niger; Latvia; Vilnius in Vilnius, Lithuania; Benin; Minsk in Minsk City, Belarus; Morocco; Cameroon; Chad; Poland; France; Moscow in Moscow, Russian Federation; Iran (Islamic Republic of); United States of America",Charles de Gaulle; Geoffrey Onyeama; Vladimir Putin; Yevgeny Prigozhin; Bola Ahmed Tinubu; Mykola Volkivskyi,National Security Council; Council of Europe; World Trade Organization; Wagner Group; Current international; Second World War; Member States; United Nations General Assembly; Nazi Germany; First World War; Economic Community of West African States; National Assembly; Special Military; Foreign Service; NATO; EU; Swift System; First International,thisdaylive,thisdaylive,Nigeria,General News,webnews,414704686,thisdaylive-c754b2cfc9410c22b9b14009757524ec
2023-07-09T02:17:13.314Z,English,https://kyivindependent.com/reuters-wagner-troops-not-leaving-central-african-republic/,https://portal.who.int/eios/#/items/414704389/reuters-wagner-troops-not-leaving-central-african-republic/full-article,Reuters: Wagner troops not leaving Central African Republic.,,,,"Wagner Group forces that are stationed in the Central African Republic will not leave the country, but rather conduct a rotation of troops, a spokesperson for the Central African Republic Reuters on July 8. Wagner's short-lived insurrection on June 23-24, and financier Yevgeny Prigozhin's departure....",Conflict,Belarus; Central African Republic; Syria,Central African Republic; Syria; Belarus,Albert Yaloke; Yevgeny Prigozhin,Russian government; Wagner Group,kyivindependent,The Kyiv Independent,Ukraine,General News,webnews,414704389,kyivindependent-73b345269169e9061c55e5b14e7a56b2
2023-07-09T02:15:11.375Z,French,https://haiti24.net/burkina-faso-vingt-deux-civils-tues-dont-vingt-suppletifs-de-larmee-dans-des-attaques-djihadistes-presumees/,https://portal.who.int/eios/#/items/414704309/burkina-faso-22-civilians-killed-including-twenty-second-rate-army-in-attacks-jahadis-prsumes/full-article,"Burkina Faso: 22 civilians killed, including twenty second-rate army in attacks jahadis présumées","Burkina Faso : vingt-deux civils tués, dont vingt supplétifs de l’armée, dans des attaques djihadistes présumées",,"'P class= ""article__paragraph' em"" the village of Kogsablogo '/' em, situated near Boulsa, the capital of the province of Namentenga (region of the Centre - north), 'em ""has been the subject of an attack in the day Friday by terrorist groups'/em ', said a security source to the Agence France-Presse (AFP).","« Le village de Kogsablogo », situé près de Boulsa, chef-lieu de la province du Namentenga (région du Centre-Nord), « a fait l’objet d’une attaque dans la journée du vendredi par des groupes terroristes », a fait savoir une source sécuritaire à l’Agence France-Presse (AFP).",Conflict; Refugees and Internally Displaced Persons,Burkina Faso,"Boulsa in Centre-Nord, Burkina Faso",Ibrahim Traore,Le Monde,haiti24,"Haiti24-Nouvelles d'Haiti-Politique, affaires courantes, sport et autres rubriques",Haiti,General News,webnews,414704309,haiti24-08ae96e9c043d54726d4707402c428e6
2023-07-09T02:15:12.051Z,German,https://www.saarbruecker-zeitung.de/nachrichten/politik/inland/hunderte-polizisten-sichern-fortsetzung-von-eritrea-festival_aid-93427591,https://portal.who.int/eios/#/items/414704312/hundreds-of-policemen-ensure-continuation-of-eritrea-festival/full-article,Hundreds of policemen ensure continuation of Eritrea-festival,Hunderte Polizisten sichern Fortsetzung von Eritrea-Festival,,"Because of the controversial Eritrea-festivals in Gießen is the police again today with hundreds of forces in use. Opponents of the event yesterday had randaliert and, inter alia, tried to come to the festival site. According to the police, you have raised bottles and stones to the officials and burned an effigy of smoke bombs.","Wegen des umstrittenen Eritrea-Festivals in Gießen ist die Polizei auch heute mit Hunderten Kräften im Einsatz. Gestern hatten Gegner der Veranstaltung randaliert und unter anderem versucht, auf das Festivalgelände zu kommen. Nach Darstellung der Polizei warfen sie Flaschen und Steine auf die Beamten und zündeten Rauchbomben.",Pepperspray,Eritrea,"Eritrea; Giessen in Gießen, Universitätsstadt, Giessen, Regierungsbezirk Gießen, Hesse, Germany; Frankfurt in Regierungsbezirk Darmstadt, Hesse, Germany; Meine in Lower Saxony, Germany; Germany; Essen in Düsseldorf District, North Rhine-Westphalia, Germany",Stephan Brandner; Peter Beuth; Nancy Faeser,,saarbruecker-zeitung,Saarbr�cker Zeitung,Germany,General News,webnews,414704312,saarbruecker-zeitung-fedaa158b2725c0ea8b2704fe87dafb2
2023-07-09T02:12:11.803Z,Arabic,https://www.elbalad.news/5837430,https://portal.who.int/eios/#/items/414704258/7/full-article,عباس شراقي يكشف 7 مغالطات في تصريحات إثيوبيا عن سد النهضة,,,,"عن سد النهضة ، من خلال منشور عبر صفتحه الرسمية على موقع ""فيسبوك"". قال الدكتور عباس شراقي في البداية إن مصر ليست ضد التنمية فى إثيوبيا ونتمنى لأشقائنا الإثيوبيين كل الخير ولسنا ضد سد النهضة كمشروع، لكن ضد مواصفاته المبالغ فيها وخطورة ذلك على السودان ومصر، وطريقة بنائه الأحادية المخالفة للاتفاقيات والأعراف الدولية.",Natural Disasters,Egypt; Ethiopia; Sudan,"Ethiopia; Al Maţarīyah in Egypt; Nasir Extension in Khartoum, Sudan; Yambo in Saudi Arabia; Sudan; Aswan in Aswan, Egypt; El Jadid in Morocco",,Facebook,elbalad,elbalad,Egypt,General News,webnews,414704258,elbalad-397bfe3b3b28f24c6405d4da3e70b221
2023-07-09T02:08:09.162Z,French,https://aminata.com/la-perte-dun-ami-comme-ibrahima-kalil-diane/,https://portal.who.int/eios/#/items/414704131/the-loss-of-a-friend-as-ibrahima-kalil-dian/full-article,The loss of a friend as Ibrahima Kalil diané,La perte d’un ami comme Ibrahima Kalil Diané,,"The es people who we are expensive and essential we always leave sooner than expected. My unfailing friend Ibrahima Kalil Diané is party forever. It is hard separation premature, that it is nostalgic journey without the return of a be like, it is finally ruthless death.","L es personnes qui nous sont chères et indispensables nous quittent toujours plus tôt que prévu. Mon indéfectible ami Ibrahima Kalil Diané est parti pour toujours. Qu’elle est dure la séparation prématurée, qu’elle est nostalgique le voyage sans retour d’un être aime, qu’elle est enfin impitoyable la mort.",Natural Disasters; Tsunami,Guinea,"Eastern Province in Eastern Province, Rwanda; Guinea; Est in Est, Burkina Faso; East in East, Cameroon; Austurland in East, Iceland",,,aminata,aminata,Guinea,General News,webnews,414704131,aminata-7a46cfb771a3b3d6a6c50de7dedd8355
2023-07-09T02:06:11.036Z,English,https://northafricapost.com/69335-terror-groups-in-africa-a-breeding-ground-for-attacks-in-the-west.html,https://portal.who.int/eios/#/items/414704082/terror-groups-in-africa-a-breeding-ground-for-attacks-in-the-west/full-article,"Terror groups in Africa, a breeding ground for attacks in the West",,"Islamists have a strong presence in Africa and recruit in huge refugee camps. And they use conflicts for their Internet propaganda, which reaches as far as Bavaria. Experts like Hans-Jakob Schindler see fighting poverty on the ground as a key to curbing the influence of IS and other terror groups.",,"Pundits have been warning that terror groups in Africa have found a breeding ground for recruiting militants in the huge refugee camps scattered around the continent, including the Polisario-controlled camps in Tindouf in Algeria, with plans to stage attacks on Europe. “Islamists have a strong presence in Africa and recruit in huge refugee camps.",Terrorist Attack,Algeria; Iraq; Somalia; Spain; Syria,"Algeria; Somalia; Madrid in Madrid, Madrid, Madrid, Spain; Syria; Nigeria; Iraq",Hans Jakob Schindler,Counter Extremism Project; Boko Haram; EU; Facebook; Al Qaeda,northafricapost,The North Africa Post,Morocco,General News,webnews,414704082,northafricapost-1d3fcac327733427797ecfb53251fd3c
2023-07-09T02:06:12.135Z,French,http://news.acotonou.com/h/150481.html,https://portal.who.int/eios/#/items/414704090/initiative-hand-in-hand-the-staff-of-moov-africa-mobilised-to-save-lives-24-hours-in-benin/full-article,Initiative hand-in-hand the staff of Moov Africa mobilised to save lives (24 hours in Benin),Initiative Main dans la Main Le personnel de Moov Africa mobilisé pour sauver des vies (24 heures au Bénin),,"Moov Africa Benin has organised, Friday, 7 July 2023, at its headquarters, a collection of blood donation of its staff in the framework of the initiative ‘’ hand in hand”. The operation is organised in partnership with the foundation Claudine Talon and the national agency for the blood Transfusion.","Moov Africa Bénin a organisé, vendredi 7 juillet 2023, à son siège, une collecte de don de sang de son personnel dans le cadre de l’initiative’ ‘’Main dans la Main’’. L’opération est organisée en partenariat avec la Fondation Claudine Talon et l’Agence Nationale pour la Transfusion Sanguine.",MPHO Related; MPHOTransplantationDonation; Malaria,Benin,Benin,Richard Flash; Claudine Talon,,acotonou,acotonou,Côte d’Ivoire,General News,webnews,414704090,acotonou-76d8491a534520012144c64383570ae8
2023-07-09T02:05:11.369Z,English,https://yalibnan.com/2023/07/09/one-dead-in-east-lebanon-mosque-shooting/,https://portal.who.int/eios/#/items/414704028/one-dead-in-east-lebanon-mosque-shooting/full-article,One Dead in East Lebanon Mosque Shooting,,"A man opened fire at worshipers as they made their way out of the Akasha mosque in the eastern Lebanese town of Bar Elias. One person was killed and several others were wounded. The man killed in the attack was identified as Lebanese citizen Ali Shibli, a school teacher. Initial reports indicate the suspect suffers from psychological problems.",,"One person was killed and several others were wounded Friday when a man opened fire at worshipers as they made their way out of the Akasha mosque in the eastern Lebanese town of Bar Elias. Lebanon’s state-run National News Agency said the armed man opened fire at a group of people as they were leaving the mosque, killing one of them.",Conflict,Cameroon; Lebanon,"East in East, Cameroon; Lebanon; Austurland in East, Iceland",Ali Shibli,National News Agency,yalibnan,Ya Libnan,Lebanon,General News,webnews,414704028,yalibnan-c55ac8d0d43cf96084ed14e6e7ae906d
2023-07-09T02:04:08.803Z,Arabic,https://www.youm7.com/story/2023/7/9/7-%D8%A3%D8%B7%D8%B9%D9%85%D8%A9-%D8%AA%D8%B3%D8%A8%D8%A8-%D8%A7%D9%84%D8%AD%D8%B3%D8%A7%D8%B3%D9%8A%D8%A9-%D8%A7%D9%84%D8%BA%D8%B0%D8%A7%D8%A6%D9%8A%D8%A9-%D8%A7%D9%84%D8%A3%D9%83%D8%AB%D8%B1-%D8%B4%D9%8A%D9%88%D8%B9%D9%8B%D8%A7-%D8%A3%D8%A8%D8%B1%D8%B2%D9%87%D8%A7-%D8%A7%D9%84%D9%81%D9%88%D9%84-%D8%A7%D9%84%D8%B3%D9%88%D8%AF%D8%A7%D9%86%D9%89/6235175,https://portal.who.int/eios/#/items/414703987/7/full-article,7 أطعمة تسبب الحساسية الغذائية الأكثر شيوعًا.. أبرزها الفول السودانى,,,,الطعام هي حالة طبية يتفاعل فيها الجهاز المناعي بشكل غير طبيعي مع بروتينات غذائية معينة، معتبرًا إياها ضارة، عندما يستهلك شخص يعاني من حساسية تجاه الطعام طعامًا معينًا، فإن جهاز المناعة لديه يستجيب عن طريق إطلاق مواد كيميائية مثل الهستامين لمحاربة التهديد المتصور، تسبب هذه المواد الكيميائية أعراض....,Sneezing; Vomiting,Algeria,El Bayadh in Algeria,,,youm7-html,Egyptian News,Egypt,General News,webnews,414703987,youm7-html-89a67c9554a0d23c84d8d23aac02a3ca
2023-07-09T01:52:10.510Z,Arabic,https://www.skynewsarabia.com/world/1635630-%D9%84%D9%8A%D8%B3-%D8%B1%D9%88%D8%B3%D9%8A%D8%A7-%D9%81%D9%82%D8%B7-%D8%AA%D9%84%D8%A7%D8%B4%D9%8A-%D9%81%D8%A7%D8%BA%D9%86%D8%B1-%D9%8A%D9%87%D8%B2-%D9%85%D8%B5%D8%A7%D9%84%D8%AD-%D8%A7%D9%84%D8%B5%D9%8A%D9%86-%D8%A8%D8%A7%D9%95%D9%81%D8%B1%D9%8A%D9%82%D9%8A%D8%A7,https://portal.who.int/eios/#/items/414703696/title/full-article,"ليس روسيا فقط.. تلاشي ""فاغنر"" قد يهز مصالح الصين بإفريقيا",,,,"منذ سقوط نجم شركة ""فاغنر"" الروسية العسكرية الخاصة بعد ""تمردها"" الفاشل على موسكو، والعين على تمركزاتها في 13 دولة داخل إفريقيا، وما إن كانت ستستمر فيها، أم ستستبدلها موسكو ببديل روسي، أم ستقفز شركات تتبع بلدا آخر لتحل محلها.

مع تأكيد محلليْن سياسيين لموقع ""سكاي نيوز عربية"" أن موسكو لن تفرّط فيما....",Conflict,Burkina Faso; China; Congo; Djibouti; Guinea; Guinea-Bissau; Libya; Madagascar; Mali; Mozambique; Russian Federation; Sudan; United States of America; Zimbabwe,"China; Djibouti; Libya; Moscow in Moscow, Russian Federation; Mali; Bissau in Bissau, Guinea-Bissau",,,skynewsarabia,Sky News Arabia,Iran (Islamic Republic of),General News,webnews,414703696,skynewsarabia-f39267a9ada8c4c4cec330340a206583
2023-07-09T01:52:08.958Z,Chinese,https://news.online.sh.cn/news/gb/content/2023-07/09/content_10092708.htm,https://portal.who.int/eios/#/items/414703680/title/full-article,日本将被钉上历史耻辱柱,,,,日本原子能规制委员会7日向东京电力公司发放了福岛核污染水排海设施验收合格证。这意味着，日本政府不顾国内外强烈反对，朝着排污入海计划又强行迈进了一步。为了增加所谓“合理性”，日本内阁官房长官松野博一声称，日方排放氚的浓度标准，远远严于中韩等国。他还说，日方将依据“科学”观点作出解释。 核污染水就是核污染水，日方怎么编也改变不了这一本质。人们反对的是福岛核污染水排海，从来没有反对核电厂正常运行排放。日方打着“伪科学”旗号混淆视听，那不妨就从科学角度来说一说，福岛核污染水与核电站正常运行排水，到底有什么本质不同。 从来源上看，福岛核事故是最高级别的核事故，它产生的污染水来自于流经熔融损毁反应堆堆芯的冷....,Strontium,Japan; Peru; South Africa,"Japan; Republic of Korea; Taiping in Perak, Malaysia; South Africa; Peru; Philippines",,Nuclear Power Station; Fukushima Prefecture; International Atomic Energy Agency,onlinesh,Online Shanghai News,China,General News,webnews,414703680,onlinesh-b44cd50dd46c7bce0a8ec6ba2dc31e96
2023-07-09T01:45:05.807Z,French,https://www.ouestaf.com/serie-d%e2%80%99assassinats-politiques-en-guinee-bissau-la-cedeao-demande-une-enquete/,https://portal.who.int/eios/#/items/414703550/series-of-political-assassinations-in-guinea-bissau-ecowas-request-an-investigation/full-article,Series of political assassinations in Guinea-bissau: ecowas request an investigation,Série d’assassinats politiques en Guinée-Bissau : la Cedeao demande une enquête,,"Ouestafnews – the president of the Commission of the economic community of the states of west africa (ecowas) Mohamed Ibn Chambas has requested the initiation of an investigation on political assassinations in Guinea Bissau, following the last of these killings have destroyed the lives of the politician Baciro Dabo on 4 June 2009.","Ouestafnews – Le président de la Commission de la Communauté économique des Etats de l’Afrique de l’ouest (Cedeao) Mohamed Ibn Chambas a demandé l’ouverture d’une enquête sur les assassinats politiques en Guinée Bissau, suite à la dernière de ces tueries ayant ôté la vie à l’homme politique Baciro Dabo le 4 juin 2009.",Conflict,Guinea; Guinea-Bissau,"Guinea; Bissau in Bissau, Guinea-Bissau; Cabo Verde",Mohamed Ibn Chambas; Joao Bernardo Vieira; Helder Proenca; Baciro Dabo,,ouestaf,Ouestaf,Senegal,General News,webnews,414703550,ouestaf-b9daaa48745ec48b1d0070e5699e8001
2023-07-09T01:44:05.834Z,French,https://mosaiqueguinee.com/dubreka-plusieurs-blesses-dans-une-collision-entre-deux-camions-au-pont-de-la-soumba/,https://portal.who.int/eios/#/items/414703522/dubrka-several-injured-in-a-collision-between-two-lorries-bridge-the-soumba/full-article,Dubréka: several injured in a collision between two lorries bridge the soumba,Dubréka : plusieurs blessés dans une collision entre deux camions au pont de la Soumba,,"The accident happened on the bridge of the Soumba. Several injuries were recorded during the collision, according to our information. We do not know, however, which led to the accident. To remember that accidents occur frequently in this place and the speeding is always pointed the finger.","L’accident s’est produit sur le pont de la Soumba. Plusieurs blessés ont été enregistrés lors de cette collision, selon nos informations. Nous ne savons toutefois pas ce qui a conduit à cet accident. À rappeler que des accidents se produisent souvent à cet endroit et l’excès de vitesse est toujours pointé du doigt.",Man-Made Disasters,Guinea,"Dubréka in Kindia, Guinea",,,mosaiqueguinee,Mosaique Guinee,Guinea,General News,webnews,414703522,mosaiqueguinee-b8a91c05e1e19177f5e45ead52f31e7c
2023-07-09T01:42:07.455Z,French,https://www.savoirnews.net/blog/2021/08/26/la-convention-sur-linterdiction-des-armes-chimiques-et-ses-obligations-presentee-aux-forces-de-defense-a-kpalime/,https://portal.who.int/eios/#/items/414703482/the-convention-on-the-prohibition-of-chemical-weapons-and-its-obligations-presented-to-defence-forces-to-kpalim/full-article,The convention on the prohibition of chemical weapons and its obligations presented to defence forces to Kpalimé,La convention sur l’interdiction des armes chimiques et ses obligations présentée aux forces de défense à Kpalimé,,"The officers of the armed forces and gendarmerie of Togo participate since Wednesday to Kpalimé (approximately 120 km north of lome), a workshop of three days devoted to the presentation of the Convention on the prohibition of chemical weapons (cwc) and its obligations.","Les agents des forces armées et de gendarmerie du Togo participent depuis mercredi à Kpalimé (environ 120 km au nord de Lomé), à un atelier de trois jours consacré à la présentation de la Convention sur l’Interdiction des Armes Chimiques (CIAC) et ses obligations.",Chemicalthreats; OPCW,Togo,"Kpalimé in Plateaux, Togo; Lomé in Maritime, Togo",,OIAC; Organisation pour l interdiction des armes chimiques,savoirnews,Savoir News,Togo,General News,webnews,414703482,savoirnews-7dc5c99cd3af7275e04bfea895812ca2
2023-07-09T01:40:07.112Z,English,https://authorityngr.com/2020/04/01/rotation-of-officers-is-a-professional-strategy-aimed-at-reinvigorating-operations-cp-tsav/,https://portal.who.int/eios/#/items/414703446/rotation-of-officers-is-a-professional-strategy-aimed-at-reinvigorating-operations-cp-tsav/full-article,Rotation of officers is a professional strategy aimed at reinvigorating operations – CP Tsav,,"Former top security chief in Nigeria, Alhaji Abubakar Tsav has stated that the routine posting of officers in the Nigerian Army is a professional strategy aimed at reinvigorating military operation. He said this during an interview with select journalists in the country in the wake of the recent reposting of military commanders across the country.",,"A former top security chief in Nigeria and retired Commissioner of Police in Lagos State, Alhaji Abubakar Tsav has stated that the routine posting of officers in the Nigerian Army is a professional strategy aimed at reinvigorating military operation. He said this during an interview with select....",Terrorist Attack,Nigeria,"Lagos in Lagos, Nigeria",Alhaji Abubakar; Abubakar Tsav; Olusegun Adeniyi,Nigerian Police; Army Staff; Boko Haram; Nigerian Army,authorityngr,Authority,United States of America,General News,webnews,414703446,authorityngr-6a91694a7bf8b692328dd5e2e5f793a9
2023-07-09T01:40:07.293Z,English,https://authorityngr.com/2021/12/10/troops-kill-100-terrorists-bandits-in-different-operations-across-the-country/,https://portal.who.int/eios/#/items/414703447/troops-kill-100-terrorists-bandits-in-different-operations-across-the-country/full-article,"Troops kill 100 terrorists, bandits in different operations across the country",,"Troops of the Armed Forces of Nigeria have killed several terrorists and armed bandits in different operations across the country. Acting Director, Defence Media Operations, Brig.-Gen. Bernard Onyeuko disclosed during a routine press briefing on the activities of the AFN 25 November and 9 December 2021. He said that 18 criminals associated with pipeline vandalism, piracy, illegal oil bunkering and armed robbery were arrested within the period.",,"By Chuks Oyema-Aziken. Troops of the Armed Forces of Nigeria have killed several terrorists and armed bandits in different operations across the country. Acting Director, Defence Media Operations, Brig.-Gen. Bernard Onyeuko disclosed during a routine press briefing on the activities of the AFN 25 November and 9 December 2021.",AttackonHCW; Terrorist Attack,Myanmar; Nigeria,"Gombi in Adamawa, Nigeria; Congo; Democratic Republic of the Congo; Kaduna in Kaduna State, Nigeria; Tsafe in Nigeria; Sabon Birni in Sokoto State, Nigeria; Makurdi in Benue State, Nigeria; Maru in Nigeria; Kaura in Kaduna State, Nigeria; Dikwa in Borno State, Nigeria; Barkin Ladi in Plateau State, Nigeria; Katsina-Ala in Benue State, Nigeria; Biu in Borno State, Nigeria; Kaura Namoda in Nigeria; Wukari in Taraba State, Nigeria; Abuja in FCT, Nigeria; Bama in Borno State, Nigeria; Abaji in FCT, Nigeria; Buni Yadi in Yobe State, Nigeria; Gada in Sokoto State, Nigeria; Riyom in Plateau State, Nigeria; Rann in Borno State, Nigeria; Mafa in Borno State, Nigeria; Mangu in Plateau State, Nigeria; Igumale in Benue State, Nigeria; Bokkos in Plateau State, Nigeria; Russian Federation",Hadin Kai; Jos North; Jos South; Bernard Onyeuko; Safe Haven,Area Council; Federal Capital Territory; Armed Forces; Police Division,authorityngr,Authority,United States of America,General News,webnews,414703447,authorityngr-1d6367560f67d4e74c5bdf35fdc2ba4a
2023-07-09T01:31:03.805Z,French,https://mali24.info/?p=8903,https://portal.who.int/eios/#/items/414703207/implementation-of-national-plan-answers-the-csa-in-the-role-of-doctor-after-death/full-article,Implementation of National Plan answers: the CSA in the role of doctor after death!,Mise en œuvre du Plan National de Réponses: Le CSA dans le rôle du médecin après la mort !,,"The CSA is not always timely assistance to vulnerable people during periods of food crises. A illustrative element in 2021, the free food distributions are managed to the populations of municipalities of the circle of Bougouni in October, after the period of weld....","Le CSA ne porte pas toujours assistance à temps aux personnes vulnérables durant les périodes de crises alimentaires. A titre illustratif, en 2021, les distributions alimentaires gratuites sont parvenues aux populations des Communes du Cercle de Sikasso au mois d’octobre, après la période de soudure....",Food Security And Food Aid,Mali,"Bougouni in Sikasso, Mali; Ségou in Ségou, Mali; Kayes in Bouenza, Congo",,,mali24,Mali 24,Mali,General News,webnews,414703207,mali24-c72951b649bda057451cae21b1805367
2023-07-09T01:26:03.054Z,Turkish,https://www.haberler.com/guncel/kilicdaroglu-birinci-turda-bu-is-bitecek-ben-bu-15827477-haberi/,https://portal.who.int/eios/#/items/414703065/kldarolu-birinci-turda-bu-i-bitecek-ben-bu-lkenin-genlerine-gveniyorum-seimin-kaderini-belirleyecek-olan-genler/full-article,"Kılıçdaroğlu: ""Birinci Turda Bu İş Bitecek, Ben Bu Ülkenin Gençlerine Güveniyorum, Seçimin Kaderini Belirleyecek Olan Gençler""",,,,"Millet İttifakı Cumhurbaşkanı Adayı ve CHP Genel Başkanı Kemal Kılıçdaroğlu, cumhurbaşkanı seçiminin ikinci tura kalma ihtimaline ilişkin soruya ""Kalmaz. Birinci turda sonuçlanır. Birinci turda bu iş bitecek. Ben bu ülkenin gençlerine güveniyorum. Seçimin kaderini belirleyecek olan gençler, biz değiliz.",Food Security And Food Aid,Benin; Gibraltar; The United Kingdom; Türkiye,"London in Greater London, England, The United Kingdom; Mali; Netherlands; Cyprus; Izmir in İzmir, Türkiye; Gibraltar; Bağcılar in Istanbul, Türkiye; Sultanbeyli in Istanbul, Türkiye; Constantinople in Istanbul, Türkiye; Çanakkale in Canakkale, Türkiye; Sanliurfa in Şanlıurfa, Türkiye; Mersin in Mersin, Türkiye; Çankırı in Çankırı, Türkiye; Erzincan in Erzincan, Türkiye; Ankara in Ankara, Türkiye; Denizli in Denizli, Türkiye; Bozkurt in Denizli, Türkiye; Antalya in Antalya, Türkiye; Ordu in Ordu, Türkiye; Kayseri in Kayseri, Türkiye; Samandağ in Hatay, Türkiye; Gemlik in Bursa, Türkiye; Sivas in Sivas, Türkiye",Deniz Zeyrek; Mustafa Kemal Ataturk; Ekrem Bey; Mansur Yavaş; Ekrem İmamoğlu; Aile Destekleri; Simge Fıstıkoğlu; Genelkurmay Başkanı; Gazi Mustafa Kemal; Aile Destek; Devlet Memurları; Kemal Kılıçdaroğlu; Saygı OEzturk; Recep Tayyip Erdogan; Mansur Bey,Anadolu Ajansi; YSK; AK Parti; Sözcü TV; İstanbul Buyukşehir Belediyesi; CHP; Eid al Adha; AFAD,haberler,Samanyolu Haber,Türkiye,General News,webnews,414703065,haberler-a18cba03c8876c4a14389dad7992265c
2023-07-09T01:17:05.339Z,Portuguese,https://www.jornaldeangola.ao/ao/noticias/chuvas-intensas-fazem-14-mortos-na-cote-d-ivoire/,https://portal.who.int/eios/#/items/414702853/heavy-rains-make-14-dead-in-cte-divoire/full-article,Heavy rains make 14 dead in Côte d'ivoire,Chuvas intensas fazem 14 mortos na Côte d'Ivoire,,"At least 14 people died and three are missing in Abidjan, economic capital of Côte d'ivoire, following the heavy rains on Thursday evening, announced Saturday, police sources quoted by the Lusa. The deaths occurred in certain districts in Yopougon and Attécoubé and the majority was caused....","Pelo menos 14 pessoas morreram e três estão desaparecidas em Abidjan, capital económica da Côte d'Ivoire, na sequência das fortes chuvas de quinta-feira à noite, anunciaram, sábado, fontes policiais citadas pela Lusa.

As mortes ocorreram nos bairros de Yopougon e Attécoubé e a maioria foi causada....",Landslides; Natural Disasters,Côte d’Ivoire,Abidjan in Côte d’Ivoire; Yopougon in Côte d’Ivoire,,,jornaldeangola,Jornal de Angola,Angola,General News,webnews,414702853,jornaldeangola-8aa205bf8e8cd150706e7daab33b09a7
2023-07-09T01:18:04.768Z,Arabic,https://www.alriyadh.com/2021528,https://portal.who.int/eios/#/items/414702883/title/full-article,توطين الأعمال والمهن المرتبطة بسياحة المواقع التاريخية والأثرية,,,,"يتجه مجلس الشورى لإقرار توصيات لجنة الموارد البشرية بشأن التقرير السنوي لوزارة الموارد البشرية والتنمية الاجتماعية للعام المالي 43-1444، وتكشف لـ""الرياض"" تضمنها المطالبة بالتوسع في توطين جميع الأعمال والمهن المرتبطة بالأنشطة السياحية في المواقع التاريخية والأثرية، ومضاعفة الوزارة لجهودها لرفع الوعي....",Hajj; Hajj Diseases Syndrome,Mali; Saudi Arabia,Riyadh in Saudi Arabia,ة أن; علي سلامة,Shura Council,alriyadh,Alriyadh,Saudi Arabia,General News,webnews,414702883,alriyadh-023f75cfa9609ac771de95edabb70df8
2023-07-09T01:18:05.369Z,Arabic,https://www.alriyadh.com/2021527,https://portal.who.int/eios/#/items/414702888/title/full-article,اليامي يطالب بإيصال مياه البحر المحلاة إلى نجران لمواجهة خطر النضوب,,,,أفاد تقرير للجنة المياه والزراعة والبيئة في الشورى على التقرير السنوي لمؤسسة تحلية المياه المالحة، تجاوبها مع ثلاث مطالبات لأعضاء المجلس الذين أبدوا ملحوظات وآراء على التقرير ومن ذلك مطالبة نائب لجنة حقوق الإنسان الدكتور هادي اليامي بإيصال المياه المحلاة إلى منطقة نجران التي يواجه سكانها خلال العقود....,Political Unrest,Mali; Saudi Arabia,Najrān in Saudi Arabia,,Shura Council,alriyadh,Alriyadh,Saudi Arabia,General News,webnews,414702888,alriyadh-0eee4db94487498628595e9c6fffc0f1
2023-07-09T01:16:01.961Z,English,https://www.bbc.co.uk/news/world-europe-66145900?at_medium=RSS&at_campaign=KARANGA,https://portal.who.int/eios/#/items/414702828/giessen-eritrea-festival-clashes-leave-26-police-officers-injured/full-article,Giessen Eritrea festival clashes leave 26 police officers injured,,Hundreds of German police used batons and pepper spray to quell crowds. Police arrested nearly 100 people and had to stop traffic in the town centre. Protesters were angry that the festival went ahead in Giessen. They called it a propaganda exercise by the authoritarian Eritrean regime.,,"German police report large-scale unrest in Giessen (file pic)

Hundreds of German police have used batons and pepper spray to quell crowds targeting an Eritrean cultural festival in the central town of Giessen.

The protesters were angry that the festival went ahead in Giessen, calling it a propaganda exercise by the authoritarian Eritrean regime.",AttackonHCW; Pepperspray,Eritrea; Germany,"Giessen in Gießen, Universitätsstadt, Giessen, Regierungsbezirk Gießen, Hesse, Germany; Frankfurt in Regierungsbezirk Darmstadt, Hesse, Germany; Eritrea; Germany",,EU,bbc,BBC,The United Kingdom,General News,TVRadio,414702828,bbc-15d56415114e3231861dde69fdcd6ffe
2023-07-09T01:16:01.222Z,English,https://gphin.canada.ca/cepr/showarticle.jsp?docId=1014212134,https://portal.who.int/eios/#/items/414702822/how-an-lgbtq-clinic-in-uganda-keeps-going-amid-rising-homophobic-violence/full-article,How an LGBTQ clinic in Uganda keeps going amid rising homophobic violence,,"Keren Landman is a senior reporter covering public health, emerging infectious diseases, the health workforce, and health justice at Vox. Keren is trained as a physician, researcher, and epidemiologist and has served as a disease detective ...GPHIN_relevance=0.719",,"Keren Landman is a senior reporter covering public health, emerging infectious diseases, the health workforce, and health justice at Vox. Keren is trained as a physician, researcher, and epidemiologist and has served as a disease detective ...",Communicabledisease; Emergingdisease,Uganda,"Uganda; Keren in Anseba, Eritrea",Keren Landman,,gphin,gphin,Canada,Medical,wire,414702822,gphin-93534d06c9d3a8bebdae8ec57c74b535
2023-07-09T01:09:00.743Z,English,https://www.unmultimedia.org/avlibrary/asset/3000/3000210/,https://portal.who.int/eios/#/items/414702655/un-drc-attacks-monusco/full-article,UN / DRC ATTACKS MONUSCO,,"In the Democratic Republic of the Congo, at least 18 civilians were killed, including 17 on Sunday. Thousands have been displaced and are seeking shelter at a site in Roe, a UN Spokesperson informed. Stéphane Dujarric said the UN Mission in the country (MONUSCO) is conducting new patrols in the Roe-Drodro area of Djugu territory in Ituri province.",,"STORY: UN / DRC ATTACKS MONUSCO TRT: 01:49 SOURCE: UNIFEED RESTRICTIONS: NONE LANGUAGE: ENGLISH / NATS DATELINE: 10 JANUARY 2023, NEW YORK CITY / FILE SHOTLIST: FILE - NEW YORK CITY 1. Wide shot, exterior UN Headquarters 10 JANUARY 2023, NEW YORK CITY 2. Wide shot press room dais 3.",Conflict; Refugees and Internally Displaced Persons,Congo; Democratic Republic of the Congo; Rwanda,Congo; Rwanda,Stephane Dujarric; Paul Kagame,United Nations,unmultimedia-en,un multimedia,United States of America,General News,webnews,414702655,unmultimedia-en-35cd5f36c72491f25da08a751035627e
2023-07-09T00:55:13.606Z,Arabic,https://middleeasttransparent.com/ar/%D8%AD%D8%B5%D8%B1%D9%8A-%D8%B3%D9%88%D8%B1%D9%8A%D8%A7-%D8%A8%D8%A7%D8%BA%D8%AA%D8%AA-%D9%81%D8%A7%D8%BA%D9%86%D8%B1-%D8%A8%D8%AD%D9%85%D9%84%D8%A9-%D9%82%D9%85%D8%B9-%D8%B3%D8%B1%D9%8A%D8%B9/,https://portal.who.int/eios/#/items/414702085/title/full-article,حصري: سوريا باغتت “فاغنر” بحملة قمع سريعة خلال التمرد في روسيا,,,,من سليمان الخالدي ومايا جبيلي بيروت (رويترز) – بينما كان مقاتلو فاجنر يتقدمون باتجاه موسكو في محاولة تمرد أواخر يونيو حزيران، اتخذت السلطات في سوريا والقادة العسكريون الروس المتمركزون هناك مجموعة من التدابير والإجراءات السريعة ضد أفراد المجموعة العسكرية الخاصة المنتشرين في سوريا لمنع اتساع نطاق التمرد، وذلك وفقا لستة مصادر مطلعة على الأمر.,Conflict,Belarus; Lebanon; Mali; Russian Federation; Syria; Ukraine,"Beirut in Beyrouth, Lebanon; Libya; Bamako in Bamako Region, Mali; Moscow in Moscow, Russian Federation; Damascus in Dimashq, Syria; London in Greater London, England, The United Kingdom; Homs in Homs, Syria; Dayr al-Zawr in Syria; Latakia in Latakia, Syria; Ukraine",Bashar Assad; انه بين; Vladimir Putin,Russian Air Force; EU,metransparent,Murr TV (MTV),Lebanon,General News,webnews,414702085,metransparent-77a686c4eadad5ea849a644aaacdfe13
2023-07-09T00:47:13.772Z,French,http://malijet.com/la_societe_malienne_aujourdhui/280029-violence-conjugale%2C-assassinats-d%E2%80%99op%C3%A9rateurs-%C3%A9conomiques-upa-mal.html,https://portal.who.int/eios/#/items/414701878/domestic-violence-murders-of-economic-operators-upa-mali-spurs-judicial-authorities/full-article,"Domestic Violence, murders of economic operators: UPA Mali spurs judicial authorities","Violence conjugale, assassinats d’opérateurs économiques : UPA Mali interpelle les autorités judiciaires",,"The last time, our compatriots have learned with concern cases of violence which cannot leave anyone indifferent, to the image of the most dramatic, that of the operator Issa Koné suspected to have been stabbed and killed by bullets by his wife.","Les derniers temps, nos compatriotes ont appris avec émoi des cas de violences conjugales qui ne peuvent laisser personne indifférent, à l’image du cas le plus dramatique, celui de l’opérateur Issa Koné suspecté d’avoir été poignardé et tué par balles par son épouse.",Man-Made Disasters,Mali,"Kati in Koulikoro, Mali",Issa Koné,,malijet,Malijet,Mali,General News,webnews,414701878,malijet-ddb59f0d5f567bbc3c91971b7a4fffb6
2023-07-09T00:47:13.897Z,French,http://malijet.com/actualite_economique_du_mali/280028-commissariat-a-la-securite-alimentaire-le-verificateur-general-e.html,https://portal.who.int/eios/#/items/414701879/commissariat-to-food-security-the-auditor-general-encourages-reforms-to-effectively-combat-hunger/full-article,Commissariat to food security: the auditor general encourages reforms to effectively combat hunger,Commissariat à la sécurité alimentaire : Le Vérificateur Général encourage les réformes pour lutter efficacement contre la faim,,"The work focused on the implementation of the National Plan of responses (PNR), the recovery of the Stock for National security (SNS) and the Intervention stocks of the state (eis), governance and administrative management of DNSA, operation and monitoring of banks of cereals.","Les travaux ont porté sur la mise en uvre du Plan National de Réponses (PNR), la reconstitution du Stock National de Sécurité (SNS) et du Stock d’Intervention de l’Etat (SIE), la gouvernance et la gestion administrative du DNSA, le fonctionnement et le suivi des banques de céréales.",Food Security And Food Aid,Mali,,,,malijet,Malijet,Mali,General News,webnews,414701879,malijet-2124c69352e8f2da537ce81cac122d40
2023-07-09T00:44:11.799Z,Arabic,https://www.hespress.com/%d9%84%d9%85%d8%a7%d8%b0%d8%a7-%d8%aa%d8%aa%d9%83%d8%b1%d8%b1-%d8%a7%d8%ad%d8%aa%d8%ac%d8%a7%d8%ac%d8%a7%d8%aa-%d8%a7%d9%84%d8%a3%d8%ad%d9%8a%d8%a7%d8%a1-%d9%88%d8%a7%d9%84%d8%b6%d9%88%d8%a7%d8%ad-1199008.html,https://portal.who.int/eios/#/items/414701773/title/full-article,لماذا تتكرر احتجاجات الأحياء والضواحي الفرنسية؟.. أزمات متداخلة وثقة مفقودة,,,,مشكلة الضواحي: يرجع تاريخ نشأة الضواحي بالذات تلك التي تخص المهاجرين من دول شمال إفريقيا (الجزائر وتونس والمغرب) وغيرها من الدول الإفريقية، إلى حقبة ما بعد الحرب العالمية الثانية وبناء فرنسا وتعميرها، واستقدام العمال من الدول العربية والإفريقية التي كانت تستعمرها فرنسا في ذلك الوقت.,Conflict; Coronavirus; Coronavirus Gathering; Disabilities; Disabilities and Coronavirus; Epidemic; Migrants; Vaccination,Algeria; France; Morocco,"Algeria; Nanterre in Levallois-Perret, Arrondissement de Nanterre, Hauts-de-Seine, Île-de-France, France; Cannes in Cannes, Arrondissement de Grasse, Alpes-Maritimes, Provence-Alpes-Côte d'Azur, France; Paris in Paris, Paris, Île-de-France, France; Lyon in Lyon, Arrondissement de Lyon, Rhône, Auvergne-Rhône-Alpes, France; Lille in North, Hauts-de-France, France; Moscow in Moscow, Russian Federation; Morocco",Emmanuel Macron; Nicolas Sarkozy,,hespress,Hespress,Morocco,General News,webnews,414701773,hespress-0d8fb612f6c22728e25de482ff9c0add
2023-07-09T00:45:15.779Z,English,https://www.yellowad.co.uk/it-happened-today-this-day-in-history-july-9-4/,https://portal.who.int/eios/#/items/414701819/it-happened-today-this-day-in-history-july-9/full-article,It happened today – this day in history – July 9,,"In 1401, Turko-Mongol ruler Tamerlane destroys Baghdad, killing 20,000. Henry VIII annuls his six month marriage to his fourth wife Anne of Cleves on the grounds of non-consummation and her pre-contract to Francis of Lorraine. The Russell-Einstein Manifesto is released by philosopher Bertrand Russell on the need to avoid nuclear war.",,"1401: Turko-Mongol ruler Tamerlane destroys Baghdad, killing 20,000. 1540: Henry VIII annuls his six month marriage to his fourth wife Anne of Cleves on the grounds of non-consummation and her pre-contract to Francis of Lorraine. 1766: Lord Rockingham resigns as Prime Minister.",Teargas,Brazil; China; France; India; Iraq; Ireland; Israel; Japan; New Zealand; Northern Mariana Islands (Commonwealth of the); South Africa; Spain; The United Kingdom; Zimbabwe,"Baghdad in Baghdad, Iraq; Epworth in Harare, Zimbabwe; Argentina; Brazil; China; India; Italy; Japan; Netherlands; New Zealand; Russian Federation; Broadstairs in Kent, England, The United Kingdom; Everton in Central Bedfordshire, England, The United Kingdom; Battle in East Sussex, England, The United Kingdom; South Africa; Spain; Twickenham in Greater London, England, The United Kingdom; Wimbledon in Croydon, Greater London, England, The United Kingdom; Uganda; Belfast in Belfast, Belfast, Northern Ireland, The United Kingdom; Berlin in Bezirk Mitte, Berlin, Berlin, Stadt, Land Berlin, Germany; Mosul in Nineveh, Iraq; Saipan in Northern Mariana Islands (Commonwealth of the); York in York, England, The United Kingdom; London in Greater London, England, The United Kingdom; Carnoustie in Angus, Scotland, The United Kingdom; Buckingham in Buckinghamshire, England, The United Kingdom",Henry Cotton; Bertrand Russell; Andy Warhol; Lauryn Hill; John Lennon; Stephen Merchant; Proud Mary; Bertie Mee; Ziggy Stardust; Elizabeth Arden; Elvis Costello; Henry VIII; Kelly McGillis; Napoleon Bonaparte; Paul McCartney; David Hockney; Marc Almond; David Bowie; Junior Bradshaw; Boris Johnson; Rip Torn; Pope John Paul II; Serge Klarsfeld; Santana Carlos; Oliver North; Haider al Abadi; Otis Redding; Henry Kissinger; Dean Koontz; Jimmy Smits; Fred Savage; Chris Cooper; Rod Steiger; Zachary Taylor; Marco Materazzi; Michael Fagan; Lord Carrington; Orenthal James Simpson; Richard Hadlee; Jack White; Mark Cavendish; Jethro Tull; Declan McManus; Paolo Di Canio; Isaac Brock; Steve Coppell; Wayne Rooney; Phil Rudd; Jeremy Hunt; Ken Scott; Bob Dylan; Courtney Love; Chiang Kai shek; Paul Mariner; Yoko Ono; John Frieda; Elvis Presley; Paul Merton; Tom Hanks; Ricky Gervais; Johnny Cash; Terry Neill; Cindy Blackman; Heinrich Himmler; Jim Kerr; Ian Botham; Tom Watson; Bill Black; Philip Mountbatten; Ashley Young; Joss Stone; Scotty Moore; Jack Nicklaus; Zinedine Zidane; Edward Heath; Sam Phillips; Theresa May s; John Gillis; Modest Mouse; Daniel Hale Williams; Tim Kring,White Stripes; Commerce International; Rolling Stones; British Army; Columbia Records; New Edition; First Midwest Bank; BBC; Entebbe Airport; Irish Republican Army; World Cup; Beach Boys; The Beatles; Tour de France; Manchester United,barnet-today,barnet-today,The United Kingdom,European News,webnews,414701819,barnet-today-d831afd195dad130926020719266c150
2023-07-09T00:40:12.563Z,English,https://punchng.com/why-nigeria-was-excluded-from-malaria-vaccine-allocation-says-gavi/,https://portal.who.int/eios/#/items/414701656/why-nigeria-was-excluded-from-malaria-vaccine-allocation-says-gavi/full-article,"Why Nigeria was excluded from malaria vaccine allocation, says GAVI",,"Nigeria was excluded from the allocation of the 18 million doses of the first-ever RTS,S/AS01 malaria vaccine from 2023 to 2025. The malaria vaccine implementation programme countries – Ghana, Kenya and Malawi will receive doses to continue vaccinations in pilot areas. Allocations were also made to Benin, Burkina Faso, Burundi, Cameroon, the Democratic Republic of the Congo, Liberia, Niger, Sierra Leone and Uganda.",,"Fresh facts have emerged on why Nigeria was excluded from the allocation of the 18 million doses of the first-ever RTS,S/AS01 malaria vaccine from 2023 to 2025. Sunday PUNCH gathered that Nigeria’s refusal to meet the deadline for the second window application in January disqualified it from getting allocation.",Children-Youth; Malaria; Plasmodium; Supply of medicine and healthcare services; Vaccination,Burkina Faso; Burundi; Congo; Ghana; Kenya; Malawi; Niger; Nigeria,Niger; Liberia; Malawi; Sierra Leone; Ghana; Benin; Burkina Faso; Burundi; Cameroon; Uganda; Congo; United Republic of Tanzania; Kenya; Democratic Republic of the Congo,Evan O Connell; Osagie Ehanire; Tanimola Akande,World Health Organization; University of Ilorin,punchng2,The Punch,Nigeria,General News,webnews,414701656,punchng2-148723c7ae27def459f27d9e7f3ee492
2023-07-09T00:40:13.110Z,English,https://punchng.com/inclusivity-a-case-for-women/,https://portal.who.int/eios/#/items/414701660/inclusivity-a-case-for-women/full-article,Inclusivity: A case for women,,"Sheryl Sandberg is one of the inspiring women changing the world for the better with her engaging writing style and philanthropy. For humanity to grow and blossom, women must be respected, included, loved and cared for. Any country or system that wants to achieve long-term and sustainable development goals must look in the direction of women.",,"“We need women at all levels, including the top, to change the dynamic, reshape the conversation, to make sure women’s voices are heard and heeded, not overlooked and ignored”. This well-known and unimpeachable quotation contains the thoughts of Sheryl Sandberg, the famous American technology executive, writer and philanthropist.",Conflict; Ebola; Society,China; Nigeria,"Nigeria; Aba in Sichuan, China; Beijing in Beijing, China",Sheryl Sandberg; Ngozi Okonjo Iweala; Dora Akunyili; Amina Jane Mohammed; Stella Adadevoh; Oby Ezekwesili; Nike Akande,United Nations; Facebook; House of Representatives; World Trade Organization,punchng2,The Punch,Nigeria,General News,webnews,414701660,punchng2-754d5fe275624085c90d531d0bf36179
2023-07-09T00:21:09.918Z,French,https://www.rfi.fr/fr/afrique/20230709-le-niger-re%C3%A7oit-du-mat%C3%A9riel-militaire-offert-par-l-%C3%A9gypte-pour-combattre-les-jihadistes,https://portal.who.int/eios/#/items/414701061/niger-receives-military-equipment-offered-by-egypt-to-combat-jihadis/full-article,Niger receives military equipment offered by egypt to combat jihadis,Le Niger reçoit du matériel militaire offert par l'Égypte pour combattre les jihadistes,,"Military cooperation is fruitful between Niger and egypt. After the EUropean countries and the united states, egypt has just offer a substantial quantity of heavy arms and armour in Niger. This military support will enable Niamey to better equip itself to combat jihadis threatens the security of the country.","La coopération militaire est fructueuse entre le Niger et l’Égypte. Après les pays européens et les États-Unis, l’Égypte vient d’offrir une importante quantité d’armes lourdes et des blindés au Niger. Cet appui militaire permettra à Niamey de mieux s’équiper pour combattre les jihadistes qui menacent la sécurité du pays.",Conflict,Egypt; Niger; United States of America,"Egypt; France; Niamey in Niamey, Niger",Moussa Kaka,EU,rfi-fr,Radio France International (French),France,General News,webnews,414701061,rfi-fr-2dd0a15069ee248e5dd8c3eafb8a3a4e
2023-07-09T00:21:10.008Z,French,https://www.rfi.fr/fr/afrique/20230709-burkina-une-vingtaine-de-civils-et-vdp-tu%C3%A9s-lors-d-une-attaque-pr%C3%A8s-de-boulsa,https://portal.who.int/eios/#/items/414701062/burkina-faso-twenty-civilians-and-vdp-killed-in-an-attack-near-boulsa/full-article,Burkina faso: twenty civilians and VDP killed in an attack near Boulsa,Burkina: une vingtaine de civils et VDP tués lors d'une attaque près de Boulsa,,"It is in great numbers that the boarders launched the attack on the village of Kogsablego. According to the survivors, ""a hundred terrorists’ would have come to motorbike. A local source has several volunteers fell after a shooting against these armed men.","C’est en grand nombre que les assaillants ont lancé l’assaut contre le village de Kogsablego. Selon les rescapés, « une centaine de terroristes » seraient venus à moto. Une source locale parle de plusieurs volontaires tombés après une fusillade contre ces hommes armés.",Conflict; Terrorist Attack,Burkina Faso,"Boulsa in Centre-Nord, Burkina Faso",,,rfi-fr,Radio France International (French),France,General News,webnews,414701062,rfi-fr-ba23a1936ead12210326257f05767a67
2023-07-09T00:18:09.882Z,English,https://www.thenationalnews.com/arts/book-review-boualem-sansals-2084-the-bestselling-novel-where-isil-is-in-charge-1.90285,https://portal.who.int/eios/#/items/414700996/book-review-boualem-sansals-2084-the-bestselling-novel-where-isil-is-in-charge/full-article,Book review: Boualem Sansal’s 2084 – the bestselling novel where ISIL is in charge,,"2084 is the latest from Algerian novelist Boualem Sansal. Sansal lays out a fantastically detailed dystopia in complex and often elegant prose. Since the Great Holy War killed hundreds of millions, an absolutist theocracy has been founded by Abi the Delegate, servant of the god Yolah.",,The true subject of science fiction is always the present. Its imagined futures are mirrors to today's hopes and fears. George Orwell's 1984 simply shifted the numbers of the year in which he wrote the book – 1948 – and made a metaphor of that time's dark politics.,Conflict; Tuberculosis,Algeria; France,"Algiers in Algiers, Algeria; Paris in Paris, Paris, Île-de-France, France",George Orwell; Boualem Sansal; Michel Houellebecq,French Academy; French society; Front National,thenational,The national,United Arab Emirates,General News,webnews,414700996,thenational-f69c1b2e1f7771302c5cbdd3ac4d4f7a
2023-07-09T00:15:09.649Z,French,https://www.maghress.com/fr/marocdiplomatique/326039,https://portal.who.int/eios/#/items/414700912/the-energy-crisis-endangers-food-security-in-south-africa-according-to-pwc/full-article,"The energy crisis endangers food security in south africa, according to pwc","La crise énergétique met en péril la sécurité alimentaire en Afrique du Sud, selon PwC",,"South africa is facing an energy crisis which seriously threatens the food supply chain and food safety of the country, warns the cabinet of international council PwC. According to the last report of PwC economic, almost a third of agricultural incomes of the country.","L'Afrique du Sud est confrontée à une crise énergétique qui menace gravement la chaîne d'approvisionnement alimentaire et la sécurité alimentaire du pays, prévient le cabinet de conseil international PwC.

Selon le dernier rapport économique de PwC, près d'un tiers des revenus agricoles du pays....",Food Security And Food Aid; Social cohesion,South Africa,South Africa,,,maghress,Maghress,Morocco,General News,webnews,414700912,maghress-ffb6f620e8f8c2412775f60c9a4337d5
2023-07-09T00:11:06.565Z,English,https://www.ntv.co.ug/ug/news/national/suspected-adf-rebels-threaten-schools-tea-companies-in-kabalore-4297604,https://portal.who.int/eios/#/items/414700815/suspected-adf-rebels-threaten-schools-tea-companies-in-kabalore/full-article,"Suspected ADF rebels threaten schools, tea Companies in Kabalore",,Suspected ADF rebels have dropped leaflets threatening to attack schools and tea companies in Kabalore district in Western Uganda. Security in the district is investigating the source of the leaflets to establish whether they were written by the Allied Democratic Forces. The threats have forced some learners out of school for fear that they could be attacked at any time.,,"Suspected ADF rebels have dropped leaflets threatening to attack schools and tea companies in Kabalore district in Western Uganda. The threats have forced some learners out of school for fear that they could be attacked by the ADF rebels at any time. However, security in the district is....",Terrorist Attack,Uganda,Uganda,,,ntvug,Uganda News,Uganda,General News,webnews,414700815,ntvug-bc240e618b17719edd7e930b2fe4ed3b
2023-07-09T00:12:06.829Z,English,https://www.ntv.co.ug/ug/news/national/ugandan-trucks-leave-nimule-settle-in-elegu-4297600,https://portal.who.int/eios/#/items/414700816/ugandan-trucks-leave-nimule-settle-in-elegu/full-article,"Ugandan trucks leave Nimule, settle in Elegu",,The South Sudan government has allowed several trucks carrying maize flour to leave Elegu and return home to Uganda. South Sudan authorities had impounded the maize flour on the grounds that it had aflatoxins. The Uganda National Bureau of Standards is expected to check the food for quality to determine if it is still safe or poisonous.,,"The South Sudan government has allowed several trucks carrying maize flour to leave Elegu and return home to Uganda, weeks after they were impounded. South Sudan authorities had impounded the maize flour on the grounds that it had aflatoxins. The Uganda National Bureau of Standards is expected to....",Aflatoxins; Mycotoxins,South Sudan; Sudan; Uganda,South Sudan; Uganda,,National Bureau,ntvug,Uganda News,Uganda,General News,webnews,414700816,ntvug-c3d24eaa95172bd1b50f6b9bb2a15bbb
2023-07-09T00:12:07.392Z,English,https://www.ntv.co.ug/ug/news/akawungeezi/south-sudan-etadde-mmotoka-z-emmere-z-eyali-ekwatidde-ewaayo-4297480,https://portal.who.int/eios/#/items/414700820/south-sudan-etadde-mmotoka-zemmere-zeyali-ekwatidde-ewaayo/full-article,South Sudan etadde mmotoka z’emmere z’eyali ekwatidde ewaayo,,"South Sudan litandise okukkiriza mmotoka z’emmere enkalu okuli Obuwunga, Omuwemba n’engano ezaali zikwatiddwa ewaayo okudda kuno. Kitegeerekese nti emmere eri ku mmotoke zino yakusooka kwekebejjebwa abakungu mu kitongole ky’ebyomutindo ki UNBS.",,"Kyaddaaki eggwanga lya South Sudan litandise okukkiriza mmotoka z’emmere enkalu okuli Obuwunga, Omuwemba n’engano ezaali zikwatiddwa ewaayo okudda kuno. Mmotoka zino zaali zikwatiddwa nga South Sudan erumiriza nti emmere eyali eriko yali tetuukana na mutindo era ng’erimu obutwa buyite aflatoxins.",Aflatoxins; Mycotoxins,South Sudan; Sudan,South Sudan,,,ntvug,Uganda News,Uganda,General News,webnews,414700820,ntvug-3321d4ca089a096b3ff7109473563b48
2023-07-09T00:10:07.520Z,Korean,https://www.seoul.co.kr/news/newsView.php?id=20230707500169,https://portal.who.int/eios/#/items/414700790/2/full-article,복날 삼계탕 2만원 육박…편의점 ‘가성비’ 보양식 먹어볼까,,,,"초복이 오는 11일로 다가온 가운데 편의점 업계가 잇따라 ‘가성비’를 잡은 간편 보양식을 내놓고 있다. 고물가에 부담을 느낀 소비자들이 가성비 높은 간편식 삼계탕을 찾는 경우가 늘고 있기 때문이다. 9일 CU에 따르면 연도별 여름 시즌 보양식의 전년 대비 매출신장률을 살펴 보면 2020년 14.0%, 2021년 21.1%, 2022년 30.8%로 꾸준히 상승 중이다. 세븐일레븐에서는 지난해 삼복기간(7월 16일~8월15일) 보양식 관련 상품 매출이 전년 동일 시즌 대비 35% 증가했다. 1인 가구의 증가와 외식 물가 상승 등의 영향으로 편의점 간편 보양식을 찾는 수요가 증가한 모습이다.",Avian influenza,Ghana,"Wa in Upper West Region, Ghana",,Pepsi Cola,seoul-co-kr,Seoul.co.kr,Japan,General News,webnews,414700790,seoul-co-kr-f7d4226fd321c3f7c43c8f7435e97f40
2023-07-09T00:09:09.860Z,English,https://www.abc.net.au/news/2023-07-09/wa-indigenous-residents-birth-certificates-new-id/102576814,https://portal.who.int/eios/#/items/414700776/outback-residents-to-take-some-control-with-new-community-led-ids/full-article,Outback residents to 'take some control' with new community-led IDs,,"Dampier Peninsula communities of Beagle Bay, Djarindjin and Ardyaloon, north of Broome, are developing new ID cards. A record-breaking flood in Fitzroy Crossing destroyed some residents' identification and revealed a number of Indigenous people had not been registered at birth. Broome Circle financial counsellor Veronica Johnson said the new community ID cards would be a starting point for people who didn't have any identification.",,"It's a format already used in the Northern Territory and now Western Australian communities have followed suit, with the process for new identification cards underway in the Dampier Peninsula communities of Beagle Bay, Djarindjin and Ardyaloon, north of Broome.",Adolescents; Floods; Natural Disasters,Australia; South Africa,"Kimberley in Kimberley, Sol Plaatjie, Frances Baard District Municipality, Northern Cape, South Africa; Aba in Abia State, Nigeria",Veronica Johnson; Ms Johnson,,abc-au,Australian Broadcasting Corporation,Australia,General News,webnews,414700776,abc-au-597db24fa9f925551af554dd65879286
2023-07-09T00:05:06.867Z,Spanish; Castilian,https://www.adnsur.com.ar/politica/denuncian-que-patricia-bullrich-uso-en-su-spot-imagen-de-un-documental-sobre-la-pobreza-en-2019_a64a9f3cf552d5f3b1f904444,https://portal.who.int/eios/#/items/414700630/controversial-report-that-patricia-bullrich-used-in-its-spot-image-of-a-documentary-about-poverty-in-2019-this-evidence-that-uses-bullrich-in-its-camp/full-article,"Controversial report that Patricia Bullrich used in its spot image of a documentary about poverty in 2019 ""this evidence that uses Bullrich in its campaign spot is part of the 'eat documentary on the street' we did with Filo News in 2019, during the management of Mauricio Macri"", revealed in its....","POLÉMICA Denuncian que Patricia Bullrich usó en su spot imagen de un documental sobre la pobreza en 2019 ""Este testimonio que usa Bullrich en su spot de campaña forma parte del documental 'Comer en la calle' que hicimos con Filo News en 2019, durante la gestión de Mauricio Macri"", reveló en su....",,"The presidential precandidata together for change (JxC), Patricia Bullrich, used in its spot of campaign part of a documentary made in the year 2019 by the Filo News portal to criticise the rates of poverty during the government of Mauricio Macri, as denounced in social networks the....","La precandidata presidencial de Juntos por el Cambio (JxC), Patricia Bullrich, utilizó en su spot de campaña parte de un documental realizado en el año 2019 por el portal Filo News para criticar los índices de pobreza durante el gobierno de Mauricio Macri, según denunciaron en las redes sociales los....",Food Security And Food Aid,Argentina; Mauritius,"Trelew in Chubut, Argentina; Buenos Aires in Argentina; Rosario in Santa Fe, Argentina",Ignacio Corral; Horacio Rodriguez Larreta; Patricia Bullrich; Mauricio Macri; Franco Rinaldi; Luis Petri,radical; Filo News,adnsur-html,adnsur-html,Argentina,General News,webnews,414700630,adnsur-html-093b27f617c0507dbe24b994659fe7be
2023-07-08T23:54:05.625Z,English,https://www.avhandlingar.se/avhandling/6feff8b240/,https://portal.who.int/eios/#/items/414700305/clinical-pharmacokinetics-and-pharmacodynamics-of-antimalarial-combination-therapy/full-article,Clinical pharmacokinetics and pharmacodynamics of antimalarial combination therapy,,,,"Sammanfattning: In the face of growing drug resistance, the World Health Organization (WHO) has issued recommendations strongly encouraging the use of combination therapies to combat uncomplicated malaria. Amongst the most effective treatments are those combining an artemisinin derivative with a....",Antimicrobialresist; Malaria,United Republic of Tanzania; Viet Nam,United Republic of Tanzania,,World Health Organization,avhandlingar,Avfall Sverige,Sweden,General News,webnews,414700305,avhandlingar-bac79efdc80aa6bbebb69282322cab08
2023-07-08T23:44:03.467Z,English,https://punchng.com/tinubu-akpabio-meet-on-senate-committees-chairmen-others/,https://portal.who.int/eios/#/items/414700008/tinubu-akpabio-meet-on-senate-committees-chairmen-others/full-article,"Tinubu, Akpabio meet on Senate committees’ chairmen, others",,"Akpabio sent a message to some senators to inform the presiding officer, his deputy, Senator Jibrin Barau, to delay the plenary until he returned from the Villa. But due to some issues like the jamming of the network within the chambers or members putting their phones in silence, those that the message was sent to were unable to access it before the end of plenary.",,"A source at the Senate told Sunday PUNCH, “The President of the senate was at the Villa on Thursday to meet with President Tinubu. The idea was to name members of some of the committees that day. “In actual fact, Akpabio sent a message to some senators to inform the presiding officer, his deputy,....",Communicabledisease; Ecology,Niger; Nigeria; Papua New Guinea,"Buka in Bougainville, Papua New Guinea; Bauchi in Bauchi, Nigeria; Lau in Taraba State, Nigeria; Kaita in Katsina State, Nigeria; Gaya in Kano State, Nigeria; Bello in Antioquia, Colombia",Danjuma Goje; Muhammadu Buhari; Hezekiah Dimka; Bala Ibn; Ahmed Baba; Ibrahim Oloriegbe; Ahmed Dahiru; Dave Umahi; Kashim Shettima; Benjamin Uwajumogu; Legal Matters; Ali Ndume; Wale Raji; Uba Sani; Gershom Bassey; Albert Bassey Akpan; Sam Egwu; Betty Apiafi; Tajudeen Abbas; Ibrahim Gobir; Tanko Al Makura; Uche Ekwunife; Francis Fadahunsi; Smart Adeyemi; Yakubu Oseni; Clifford Ordia; Yusuf Yusuf; Mohammed Danjuma; Abdullahi Adamu; Solomon Adeola; Ibrahim Shekarau; Chimaroke Nnamani; Rochas Okorocha; Theodore Orji; Peter Nwaoboshi; Jibrin Barau; Sadiq Umar; Ike Ekweremadu; James Manager; George Sekibo; Teslim Folarin; Ibikunle Amosun; Francis Alimikhena; Ayo Akinyelure; Matthew Uroghide; Amos Bulus; Aisha Ahmed; Bukola Saraki; Adamu Aliero; Obinna Ogba; Ahmed Lawan; Gabriel Suswam; Abdul Ningi; Ibrahim Geidam,Welfare Committee; Niger Delta Development Commission; Electoral Commission; Establishment and Public Service; Senate Majority; Governors Forum; Water Resources; Senate Services; Selection Committee; House of Representatives; Air Force; Social Welfare,punchng,The Punch,Nigeria,General News,webnews,414700008,punchng-46dc4ae3112c9e5d87904fc5b07a56a7
2023-07-08T23:36:02.970Z,English,https://www.malaysiakini.com/news/671324,https://portal.who.int/eios/#/items/414699773/top-story-yoursay-pm-muhyiddin-explain-how-felda-piled-up-such-huge-debts-giving-money-to-felda-not-an-issue-but-where-is-the-transparency-accountabil/full-article,"Top Story YOURSAY | PM, Muhyiddin, explain how Felda piled up such huge debts ‘Giving money to Felda not an issue, but where is the transparency, accountability?’ Yoursay 14 m ago",,"Felda debts amounting to RM8.3 billion are being written off. How did Felda pile up such huge debts? Muhyiddin as the prime minister has no right or legitimacy to defend himself, what more accuse others. Anwar doesn’t fare any better. I have no problem with the writing-off part but why is he not explaining how did it pile up to the billions?",,"Kilimanjaro: In my opinion, both (Prime Minister Anwar Ibrahim and former premier Muhyiddin Yassin) are dishonest and there is a lack or failure of leadership. Giving the money to Felda settlers is and cannot be an issue. But where is the accountability and transparency? Mind you, debts amounting to RM8.",Floods; Natural Disasters,Malaysia; United Republic of Tanzania,"Kilimanjaro in Kilimanjaro, United Republic of Tanzania; Malaysia",Muhyiddin Yassin; Anwar Ibrahim,Madani government,malaysiakini-en,Malaysiakini news - English,Malaysia,General News,webnews,414699773,malaysiakini-en-082adb10eecccf4d1749c50fa8b4c4c1
2023-07-08T23:32:03.709Z,French,https://connectionivoirienne.net/2023/07/08/a-grand-bassam-le-gouvernement-apporte-son-soutien-a-104-familles-touchees-par-les-inondations/,https://portal.who.int/eios/#/items/414699673/has-grand-bassam-the-government-supports-104-families-affected-by-floods/full-article,Has Grand-Bassam the government supports 104 families affected by floods,A Grand-Bassam le Gouvernement apporte son soutien à 104 familles touchées par les inondations,,"The government, through the ministry of solidarity and the fight against poverty, has made donations of food and non food to 104 households Grand-Bassam, homeless because of the floods, after the heavy rains which get these last few days in the southern part of the country.","Le Gouvernement, par l’entremise du Ministère de la Solidarité et de la Lutte contre la pauvreté, a fait don de vivres et non vivres à 104 ménages de Grand-Bassam, sans abri du fait des inondations, après les fortes pluies qui s’abattent ces derniers jours dans la partie sud du pays.",Floods; Natural Disasters,Côte d’Ivoire,"Grand-Bassam in Comoé, Côte d’Ivoire",,,connectionivoirienne,Connection Ivoirienne,Côte d’Ivoire,General News,webnews,414699673,connectionivoirienne-f7cc3f4339ff9f5a07a83c449940a22d
2023-07-08T23:28:15.754Z,Arabic,https://elaph.com/Web/Sports/2023/07/1511336.html,https://portal.who.int/eios/#/items/414699581/title/full-article,"حالة فان در سار ""مستقرة لكن لا تزال مقلقة""",,,,"لاهاي: لا يزال حارس المرمى الدولي الهولندي السابق إدوين فان در سار راقداً في المستشفى السبت بعد إصابته بنزيف في المخ، وحالته مستقرة لكن لا تزال مقلقة، بحسب ما أعلن فريقه السابق أياكس أمستردام.

وكان فان در سار البالغ من العمر 52 عاماً والذي دافع عن ألوان أياكس ويوفنتوس الإيطالي وفولهام ومانشستر....",Haemorrhage,Chad; Netherlands,"Kyabé in Moyen-Chari, Chad; Netherlands; Hague in South Holland, Netherlands; Bayān in Hawalli, Kuwait; Barcelona in Barcelona, Barcelona, Catalonia, Spain",Edwin van der Saar,Ajax Amsterdam; Manchester United; Champions League,elaph,Arabic News,The United Kingdom,General News,webnews,414699581,elaph-c044fc5048c426d77e07a063ce5ebcee
2023-07-08T23:26:15.035Z,French,https://www.aps.dz/regions/158010-sidi-bel-abbes-la-depouille-de-la-moudjahida-belbachir-menzoula-dite-fatima-inhumee,https://portal.who.int/eios/#/items/414699485/sidi-bel-abbes-the-spoils-of-the-moudjahida-belbachir-menzoula-dite-fatima-inhume/full-article,Sidi Bel Abbes: the spoils of the Moudjahida Belbachir Menzoula dite Fatima inhumée,Sidi Bel Abbes: la dépouille de la Moudjahida Belbachir Menzoula dite Fatima inhumée,,"The defunct Moudjahida has extinguished, sis Friday in his home in the town of Sidi Bel Abbès following an illness, at the age of 92 years, it has been learnt from the direction of wilaya of Moudjahidine. The Moudjahida Belbachir Menzoula, born in 1931 in El Gor (wilaya of Tlemcen), joined the....","La défunte moudjahida s’est éteinte, vendredi dans son domicile sis dans la ville de Sidi Bel Abbès suite à une maladie, à l’âge de 92 ans, a-t-on appris auprès de la direction de wilaya des Moudjahidine. La Moudjahida Belbachir Menzoula, née en 1931 à El Gor (wilaya de Tlemcen ), a rejoint les....",Conflict,Algeria,"Sidi Bel Abbes in Algeria; Tlemcen in Algeria; Aïn Temouchent in Aïn Témouchent, Algeria",,,aps-dz,APS : Alg�rie Presse Service,Algeria,General News,webnews,414699485,aps-dz-4e8fb1251609e253a49cb4584012d48e