﻿importDateUTC,language,externalLink,eiosLink,title,originalTitle,summary,translatedDescription,description,categories,mentionedCountries,locations,mentionedPersons,mentionedOrgsEntities,source,sourceName,sourceCountry,sourceSubject,sourceType,id,emmId
2023-06-18T16:25:14.945Z,Swahili,https://kiswahili.tuko.co.ke/siasa/510613-washughulikiwe-sawasawa-seneta-charargei-sasa-ataka-wabunge-wa-uda-waliopinga-mswada-wa-fedha-kuadhibiwa/,https://portal.who.int/eios/#/items/412998072/washughulikiwe-sawasawa-seneta-cherargei-ataka-wabunge-wa-uda-waliopinga-mswada-wa-fedh/full-article,"""Washughulikiwe Sawasawa"": Seneta Cherargei Ataka Wabunge wa UDA Waliopinga Mswada wa Fedh...",,,,"Alisema kuwa wabunge wa UDA ambao wanapingana na msimamo wa chama watalazimika kuchukuliwa hatua kwa kutomheshimu rais; Cherargei alisema kuwa msimamo wa Rais William Ruto kama kiongozi wa Kenya Kwanza lazima uheshimiwe kwanza, siyo kuhojiwa.

Ugomvi unazidi kuibuka kati ya wanachama wa chama cha....",Vomiting,Kenya,"Nairobi in Nairobi, Kenya",William Ruto; Esther Passaris; Kenya Kwanza; Samson Cherargei; Martha Karua,Democratic Alliance,tuko,Tuko News,Kenya,General News,webnews,412998072,tuko-76554c333970b052dfc9c76f26557e87
2023-06-18T16:22:11.298Z,Arabic,https://www.elkhabar.com/press/article/230465/%D8%A7%D9%84%D8%A8%D9%88%D9%8A%D8%B1%D8%A9-%D8%A5%D9%86%D9%82%D8%A7%D8%B0-%D8%B7%D9%81%D9%84-%D9%85%D9%86-%D8%A7%D9%84%D8%BA%D8%B1%D9%82-%D9%81%D9%8A-%D8%A8%D8%B1%D9%83%D8%A9-%D9%85%D8%A7%D8%A6%D9%8A%D8%A9/,https://portal.who.int/eios/#/items/412997917/title/full-article,البويرة: إنقاذ طفل من الغرق في بركة مائية,,,,تمكن عناصر الحماية المدنية بوحدة قطاع الاخضرية من إنقاذ طفل وتحويله إلى عيادة متعددة الخدمات لبلدية قادرية بعد أن أصيب على مستوى رأسه أثناء السباحة بأحد البرك المائية بقرية تالوين بإقليم بلدية الاخضرية بـ 45 كلم غرب مقر ولاية البويرة . وحسب الملازم الاول عبدات يوسف المكلف بالإعلام والاتصال بمديرية....,Ecology,Algeria,Bouïra in Algeria,,,elkhabar,El khabar,Algeria,General News,webnews,412997917,elkhabar-7bd9d216924a8bce83532e43ea90a586
2023-06-18T16:20:14.307Z,Italian,https://www.corriere.it/meteo/23_giugno_18/meteo-arriva-prima-ondata-calore-settimana-40-gradi-sardegna-35-37-pianure-bfe5ce46-0dde-11ee-95d6-0f7a427f52d4.shtml,https://portal.who.int/eios/#/items/412997843/arriva-the-first-heat-wave-40-degrees-in-sardinia-35-37-in-plains-forecasts-of-the-week/full-article,"Arriva the first heat wave: 40 degrees in sardinia, 35 - 37 in plains. Forecasts of the week","Arriva la prima ondata di calore: 40 gradi in Sardegna, 35-37 nelle pianure. Le previsioni della settimana",,"With the arrival of summer time (astronomical Wednesday 21 June at 4,57 now italië) is the first case of the summer heat wave. After 50 days perturbato with thunderstorms and flooding in various parts of the peninsula, and the most serious in Romagna in mid-may, anticiclone continue….","Puntuale con l’arrivo dell’estate astronomica (mercoledì 21 giugno alle 16,57 ora italiana) arriva la prima vera ondata di calore estivo. Dopo 50 giorni di tempo perturbato con temporali e alluvioni in varie parti della penisola, e l’episodio più grave in Romagna a metà maggio, l’ anticiclone....",Heatwave; Natural Disasters,Algeria; Iceland; Italy,"Algeria; Adrar in Adrar, Algeria; Iceland",,,corriere,Corriere della sera (Italian),Italy,General News,webnews,412997843,corriere-5f36e3a51fa1df52a4ff9b32d22e9fae
2023-06-18T16:06:09.473Z,English,https://gphin.canada.ca/cepr/showarticle.jsp?docId=1014107672,https://portal.who.int/eios/#/items/412997247/indian-drugs-at-the-centre-of-a-medical-storm-in-sri-lanka/full-article,Indian drugs at the centre of a medical storm in Sri Lanka,,"Sri Lanka's top source of medical supplies, India accounts for nearly half of its pharmaceutical imports that in 2022 totalled about $450 million. The trading link became more crucial in the wake of Sri Lanka's unprecedented economic meltdown last year, that led to critical shortages. The crisis-hit country continued procuring essential medical supplies from India, through the credit line offered by the Government of India.",,"Imported Indian drugs are at the centre of a medical storm in Sri Lanka, following cases of medical complications and fatalities, reportedly after patients were administered medicines sourced from India.
On June 16, local media reported the death of a patient undergoing treatment at the Peradeniya....",Children-Youth; Cough; DrugUse; Pregnant women; Supply of medicine and healthcare services,Gambia; India; Sri Lanka; Uzbekistan,"India; Gambia; Uzbekistan; Nuwara Eliya in Nuwara Eliya Central, Nuwara Eliya Division, Nuwara Eliya District, Central Province, Sri Lanka",,The Hindu; Health Ministry; Supreme Court; Regulatory Authority; Pvt Limited; Kandy district; Transparency International; Medical Association,gphin,gphin,Canada,Medical,wire,412997247,gphin-2f6d9bc9e67f22f5f211865fb03b9c95
2023-06-18T16:04:08.463Z,English,https://www.ibtimes.com/uganda-sends-more-troops-pursue-attackers-who-killed-37-students-3700595,https://portal.who.int/eios/#/items/412997192/uganda-sends-more-troops-to-pursue-attackers-who-killed-37-students/full-article,Uganda Sends More Troops To Pursue Attackers Who Killed 37 Students,,Ugandan President Yoweri Museveni on Sunday ordered more troops to western Uganda where attackers from a group with links to Islamic State killed at least 37 secondary school students. Members of the rebel Allied Democratic Forces (ADF) killed the students late on Friday at Lhubirira Secondary School in Mpondwe. Military and police said the attackers had also abducted six students and fled towards the Virunga National Park across the border.,,"A view shows a section of the burnt building at the Mpondwe Lhubirira Secondary School, after militants linked to rebel group Allied Democratic Forces (ADF) killed and abducted multiple people, in Mpondwe, western Uganda, June 17, 2023. Reuters. Uganda's President Yoweri Museveni on Sunday ordered....",Conflict; Terrorist Attack,Congo; Democratic Republic of the Congo; Uganda,"Congo; East in East, Cameroon; Austurland in East, Iceland; Democratic Republic of the Congo",Janet Museveni; Yoweri Museveni,Intergovernmental Authority on Development; African Union; United Nations; Ugandan military; New Vision,ibtimes,IBTimes - International Business Times US,United States of America,Financial News,webnews,412997192,ibtimes-e8942101b44bb4bff51dd9ceea0d3908
2023-06-18T15:59:08.418Z,Arabic,https://www.almayadeen.net/research-papers/%d8%aa%d8%a8%d9%88%d9%86-%d9%81%d9%8a-%d8%b1%d9%88%d8%b3%d9%8a%d8%a7:-%d8%a3%d9%81%d8%b1%d8%a7%d8%ad-%d8%a7%d9%84%d9%83%d8%b1%d9%85%d9%84%d9%8a%d9%86-%d9%88%d9%85%d8%a2%d8%aa%d9%85-%d8%a7%d9%84%d8%a8%d9%8a%d8%aa-%d8%a7%d9%84%d8%a3%d8%a8%d9%8a%d8%b6,https://portal.who.int/eios/#/items/412996998/title/full-article,تبون في روسيا: أفراح الكرملين ومآتم البيت الأبيض,,,,الرئيس الجزائري عبد المجيد تبون خلال لقائه نظيره الروسي فلاديمير بوتين. أثارت زيارة الرئيس الجزائري عبد المجيد تبون إلى روسيا منتصف شهر حزيران/يونيو الجاري اهتمام وسائل الإعلام كافة حول العالم، حيث رصدت مختلف الصحف والفضائيات الإخبارية تفاصيل الزيارة، والتصريحات التي صدرت عن مسؤولي البلدين خلالها،....,Conflict,Algeria; Brazil; China; India; Russian Federation; South Africa; United States of America; Viet Nam,"Algeria; France; Moscow in Moscow, Russian Federation; China",عبد السلام; عبد المجيد; Vladimir Putin,Maison Blanche; NATO,almayadeen,Al-Mayadine,Lebanon,General News,webnews,412996998,almayadeen-02f0a0fdcbaf6719ca684905b1b6c547
2023-06-18T15:56:08.128Z,English,https://independent.ng/lagos-govt-calls-for-safe-conversion-of-petrol-for-domestic-consumption/,https://portal.who.int/eios/#/items/412996907/lagos-govt-calls-for-safe-conversion-of-petrol-for-domestic/full-article,Lagos Govt Calls For Safe Conversion Of Petrol For Domestic,,The Lagos State government wishes to alert the general public of the safety hazards and risks inherent in the conversion process. Mojola listed them as: Spark or heat from the generator can cause fire outbreak if gas leakage occurs. Explosion could occur if the generator house is not properly ventilated thereby allowing gas leak build up in enclosed space.,,"He listed the benefits to include: CNG and LPG are generally cheaper than petrol, offering potential cost savings over the long term; These fuels are cleaner, and so do not contaminate the air as much as petrol and diesel do; Natural gas and LPG are often more abundant and domestically sourced in certain regions compared to petrol.",Man-Made Disasters,Nigeria,"Lagos in Lagos, Nigeria",,,independent-ng,independent,Nigeria,General News,webnews,412996907,independent-ng-cd188788d132976e89026017c8f52968
2023-06-18T15:56:08.814Z,English,https://bulawayo24.com/news/national/232105,https://portal.who.int/eios/#/items/412996914/lithium-war-erupts-in-zimbabwe/full-article,Lithium war erupts in Zimbabwe,,"Lithium is used in the manufacture of energy-storing batteries and has seen growing demand as electric vehicles gain global popularity. Zimbabwe boasts Africa's largest and the world's fifth-biggest reserves of ""white gold"" Locals have told The NewsHawks that the miner has left a trail of destruction while exposing the community to serious environmental threats.",,"THE scramble for lithium in Zimbabwe - which boasts Africa's largest and the world's fifth-biggest reserves of ""white gold"" - is escalating against the backdrop of soaring demand for the lucrative mineral, but local communities continue getting a raw deal and are largely excluded from benefitting.",Air pollution; Asthma; Chemicalaccidents,Zimbabwe,"Epworth in Harare, Zimbabwe",,Environmental Management Agency; Zimbabwe Republic Police; District Council,bulawayo24,Bulawayo 24,Zimbabwe,General News,webnews,412996914,bulawayo24-b58ae7b5b56ac38bcc44d662b87fe662
2023-06-18T15:49:09.142Z,Turkish,https://haberbolgesi.com/papa-francis-hastanede-karin-ameliyati-gecirdikten-sonra-halki-selamladi/,https://portal.who.int/eios/#/items/412996760/5-papa-francis-hastanede-karn-ameliyat-geirdikten-sonra-halk-selamlad/full-article,5 Papa Francis hastanede karın ameliyatı geçirdikten sonra halkı selamladı,,,,"Papa’nın Apostolik Sarayı’nın bir penceresindeki görünümü için düzenli olarak gelen binlerce Romalı, turist ve hacı, Papa’yı pencerede gördüklerinde genellikle alkışlarken, bu kez halkın alkışı her zamankinden daha yüksek oldu. . Genel anestezi altında geçen üç saatlik ameliyat, Francis’i geçen Pazar günkü görünüşü atlamaya zorlamıştı.",Conflict; Natural Disasters; Refugees and Internally Displaced Persons; Terrorist Attack,Brazil; Congo; Democratic Republic of the Congo; Holy See; Mongolia; Portugal; Uganda; Ukraine,Uganda; Russian Federation; Holy See; Ukraine; Congo; Portugal; Mongolia; Democratic Republic of the Congo; Brazil,Pope Francis; Aziz Petrus Meydanı,United Nations,haberbolgesi,Turkish News,Türkiye,General News,webnews,412996760,haberbolgesi-7349714f3b2a95830dd689461ac9c226
2023-06-18T15:46:06.912Z,English,https://www.observerbd.com/news.php?id=424560,https://portal.who.int/eios/#/items/412996625/sudan-warring-generals-agree-new-truce-after-fighting-intensifies/full-article,Sudan warring generals agree new truce after fighting intensifies,,"Saudi and U.S. mediators announce a 72-hour ceasefire in Sudan's two-month war. Ceasefire will take effect at 6 am (0400 GMT) Saturday, the mediators say. A citizens' group says air strikes killed 17 civilians, including five children, in Khartoum. Medics in Chad say they are overwhelmed by the hundreds of wounded fleeing Darfur.",,"Air strikes killed 17 civilians, including five children, in the capital Saturday, a citizens' group said, as medics in Chad reported hundreds of wounded from Darfur seeking treatment. Multiple truces have been agreed and broken during the two-month war, including after the United States slapped....",Conflict; Genocide; Terrorist Attack,Chad; Saudi Arabia; Sudan; United States of America,"Chad; Khartoum in Khartoum, Sudan; Al Junaynah in Western Darfur, Sudan; Saudi Arabia; United States of America",Omar el Bashir; Yasser Atta; Mohammed Hamdan; Abdel Fattah al Burhan; Hamdan Daglo,United Nations; IOM; International Organization for Migration; Facebook; Armed Forces; Rapid Support Forces; State Department; Medecins Sans Frontieres,observerbd,The Daily Observer Bangladesh News,Bangladesh,General News,webnews,412996625,observerbd-6f110dd22afe6784565386c2dd69aa63
2023-06-18T15:44:07.335Z,Spanish; Castilian,https://www.elespectador.com/mundo/mas-paises/sudan-vive-una-nueva-tregua-de-72-horas-en-medio-de-algidos-combates/,https://portal.who.int/eios/#/items/412996531/the-measure-was-negotiated-by-saudi-managers-and-americans-worried-about-the-complicated-situation-in-khartoum-after-the/full-article,The measure was negotiated by saudi managers and americans worried about the complicated situation in Khartoum after the...,La medida fue negociada por gestores saudís y estadounidenses preocupados por la complicada situación en Jartum tras los...,,"A new truce 72 hours entered into force this Sunday between the two generals who had been fighting for power in sudan, announced by the mediators saudis and americans to try to curb an intensification of the fighting in Khartoum. After an intensification of the fighting in the....","Una nueva tregua de 72 horas entró en vigor este domingo entre los dos generales que se disputan el poder en Sudán, anunciada por los mediadores sauditas y estadounidenses para tratar de frenar una intensificación de los combates en Jartum. Tras una intensificación de los enfrentamientos en la....",Terrorist Attack,Chad; China; Sudan; United States of America,"Khartoum in Khartoum, Sudan; Chad; Beijing in Beijing, China; Saudi Arabia; United States of America",Martin Griffiths; Hamdan Daglo; Mohammed Hamdan,United Nations; Medecins Sans Frontieres; Fatah,elespectador,El Espectador,Colombia,General News,webnews,412996531,elespectador-ae7fd21b69aab09b8d3c04521c188cdb
2023-06-18T16:18:16.392Z,English,https://article.wn.com/view/2023/06/18/Calm_returns_to_Ugandan_town_after_deadly_school_attack/,https://portal.who.int/eios/#/items/412997660/calm-returns-to-ugandan-town-after-deadly-school-attack/full-article,Calm returns to Ugandan town after deadly school attack,,"calm has returned to Mpondwe town in Uganda's southwestern district of Kasese. Rebels killed 41 people, most of them students, a government official said Sunday. ""There is no problem on the ground. We are normal and calm. There is nothing to worry about,"" said a government spokesman.",,"KAMPALA, June 18 (Xinhua) -- Calm has returned to Mpondwe town in Uganda's southwestern district of Kasese, where the Allied Democratic Forces (ADF) rebels killed 41 people, most of them students, a government official said Sunday. ""There is no problem on the ground. We are normal and calm.",Terrorist Attack,Uganda,Kasese in Uganda,,,Emmnews,PRESS Latest articles about Communicable Disease,Italy,European News,webnews,412997660,Emmnews-303cc7ade0efd6dad32de9ab26aa24cc
2023-06-18T15:43:05.194Z,English,https://www.watchdoguganda.com/news/20230618/155474/full-statement-president-museveni-speaks-out-on-kasese-adf-attack-that-left-37-students-killed.html,https://portal.who.int/eios/#/items/412996440/18th-june-2023-at-1748/full-article,18th June 2023 at 17:48,,"I extend condolences to the families and the whole country. This new atrocity by the elements of the ADF is criminal, desperate, terrorist and futile. Since Operation Shujja started, the Congo Army and our Army, have put alot of pressure on ADF who had turned that area into their territory for almost 20 years. In air miles, I think the Mountain is 60 miles, North- South and 30 miles, East to West.",,"Fellow Ugandans, especially the Bazzukulu. Greetings. Condolences on the death of the 37 students of Nyabugaando Peter Hunter Secondary School at the hands of the terrorists of ADF, possibly working with other criminals because I hear that school had some wrangles about it. I extend condolences to the families and the whole country.",Terrorist Attack,Congo; Uganda,Entebbe in Uganda; Ntoroko in Uganda; Uganda,Yoweri K Museveni; Peter Hunter,Congo government,watchdoguganda,watchdoguganda,Uganda,General News,webnews,412996440,watchdoguganda-043a578c05f010e470d2c288174146d5
2023-06-18T15:43:09.879Z,English,https://www.reuters.com/world/africa/uganda-sends-more-troops-pursue-attackers-who-killed-37-students-2023-06-18/,https://portal.who.int/eios/#/items/412996487/uganda-sends-more-troops-to-pursue-attackers-who-killed-37-students/full-article,Uganda sends more troops to pursue attackers who killed 37 students,,,,"KAMPALA, June 18 (Reuters) - Uganda's President Yoweri Museveni on Sunday ordered more troops to western Uganda where attackers from a group with links to Islamic State killed at least 37 secondary school students. Members of the rebel Allied Democratic Forces (ADF) killed the students late on....",Conflict; Terrorist Attack,Congo; Democratic Republic of the Congo; Uganda,Congo; Democratic Republic of the Congo,Janet Museveni; Yoweri Museveni,Intergovernmental Authority on Development; African Union; United Nations; Ugandan military; New Vision,reuters-german,Reuters  (Deutsch),The United Kingdom,General News,webnews,412996487,reuters-german-a3a0a3b779666fce8ec74d14640e2ebd
2023-06-18T15:41:05.209Z,German,https://www.fr.de/panorama/der-weite-weg-des-dammschlamms-92349016.html,https://portal.who.int/eios/#/items/412996353/the-vastness-path-of-damm-sludge/full-article,The vastness path of damm sludge,Der weite Weg des Dammschlamms,,"Black sea port of Constanta: experts, environmental protectors inside and environmentalists fear increased algae education. © Hecke/Imago. The destruction of the Kachowka-Damms, above all in Ukraine to the community), Now fear the black sea states, bulgaria and romania have a Ökokatastrophe and a slump in tourism.","Schwarzmeerhafen Constanta: Fachleute, Umweltschützerinnen und Umweltschützer befürchten eine verstärkte Algenbildung. © Hecke/Imago. Die Zerstörung des Kachowka-Damms hat vor allem in der Ukraine fatale Folgen. Nun fürchten auch die Schwarzmeerstaaten Bulgarien und Rumänien eine Ökokatastrophe und einen Einbruch des Tourismus.",Cholera:,Bulgaria; Comoros; Ukraine,"Ukraine; Romania; Sofia in Sofia-Capital, Bulgaria",,World Health Organization,fr-de,Frankfurter Rundschau,Germany,General News,webnews,412996353,fr-de-416bc0fe8c0d6e744ce167aa7b5bc4aa
2023-06-18T15:40:04.885Z,French,https://www.aps.dz/algerie/157128-attentat-contre-un-dortoir-des-lyceens-en-ouganda-l-algerie-condamne-energiquement-un-crime-terroriste-abject,https://portal.who.int/eios/#/items/412996325/attack-on-a-dormitory-pupils-in-uganda-algeria-condemns-terrorist-crime-a-despicable/full-article,Attack on a dormitory pupils in Uganda: algeria condemns terrorist crime a despicable,Attentat contre un dortoir des lycéens en Ouganda: l'Algérie condamne un crime terroriste abject,,"Algiers - algeria has condemned ""vigorously"" the cowardly terrorist attack which targeted, Friday evening, a dormitory for pupils to Lhubiriha in the town of Mpondwe (Uganda), leaving dozens dead among the pupils and several injured. ""Algeria strongly condemns the terrorist attack.","ALGER- L'Algérie a condamné ""énergiquement"" l'attentat terroriste lâche ayant ciblé, vendredi soir, un dortoir pour lycéens à Lhubiriha dans la ville de Mpondwe (Ouganda), faisant des dizaines de morts parmi les lycéens et plusieurs blessés.

""L'Algérie condamne énergiquement l'attentat terroriste....",Terrorist Attack,Algeria; Uganda,Uganda; Algeria,,,aps-dz,APS : Alg�rie Presse Service,Algeria,General News,webnews,412996325,aps-dz-66683c7cb84d4116e264dcb8213a93f6
2023-06-18T15:39:05.585Z,French,http://bamada.net/norinco-le-mali-recoit-plus-darmes-chinoises,https://portal.who.int/eios/#/items/412996304/norinco-mali-receives-more-chinese-arms/full-article,Norinco: Mali receives more chinese arms,Norinco: Le Mali reçoit plus d’armes chinoises,,"By 18/06/2023. Bamada. net the Malian army has taken delivery of a second batch of equipment of the chinese group Norinco, including combat vehicles of infantry tractors paper - 551 and VP11…Les MRAP vehicles have been photographed at the port of Conakry, guinea, on 3 June.","Par 18/06/2023. Bamada.net L’armée malienne a pris livraison d’un deuxième lot d’équipements du groupe chinois Norinco, notamment des véhicules de combat d’infanterie à roues WZ-551 et des MRAP VP11…Les véhicules ont été photographiés au port de Conakry, en Guinée, le 3 juin.",Conflict,Guinea; Mali,"Mali; Conakry in Conakry Region, Guinea",,,bamada,bamada,Mali,Medical,Medical,412996304,bamada-12feeaf51be17ac85442e6fa790a06d3
2023-06-18T15:35:05.965Z,Arabic,https://www.alwafd.news/5107049,https://portal.who.int/eios/#/items/412996213/title/full-article,الرئيس السنغالي: الحرب الروسية الأوكرانية دمرت العالم قدم الرئيس ماكي صال، رئيس دولة السنغال، الشكر لرئيس فلاديمير بوتين علي ترحاب واستعداده للحوار واستماعه لمبادرة السلام الأفريقي ، لإنهاء الحرب بين روسيا وأوكرانية.,,,,"قدم الرئيس ماكي صال، رئيس دولة السنغال، الشكر لرئيس فلاديمير بوتين علي ترحاب واستعداده للحوار واستماعه لمبادرة ""السلام الأفريقي""، لإنهاء الحرب بين روسيا وأوكرانية. مبادرة السلام الأفريقي. وغرد صال، عبر حسابه الرسمي علي تويتر، علي ضرورة إنهاء الحرب الروسية الأوكرانية وأيجاد حل سلمي، بعد معاناة السكان....",Conflict,Comoros; Congo; Russian Federation; Senegal; South Africa; Uganda; Ukraine,"Senegal; Zambia; Moscow in Moscow, Russian Federation; South Africa; Minsk in Minsk City, Belarus; Uganda; Comoros; Congo; Kiev in Ukraine",Vladimir Putin; Cyril Ramaphosa; Volodymyr Zelenskyj,United Nations,alwafid,alwafid,Morocco,General News,webnews,412996213,alwafid-cade468add2601766fef4361853f144e
2023-06-18T15:35:08.607Z,English,https://www.sciencedirect.com/science/article/abs/pii/S0378112723004024?dgcid=rss_sd_all,https://portal.who.int/eios/#/items/412996234/stand-characteristics-and-ecological-benefits-of-chinese-fir-chinese-cedar-and-mixed-plantations-in-the-mountainous-areas-of-the-sichuan-basin/full-article,"Stand characteristics and ecological benefits of Chinese Fir, Chinese Cedar, and mixed plantations in the mountainous areas of the Sichuan Basin",,"China's forest plantation area was 7.95 million hectares, putting it in first place in global rankings (State Forestry Administration of China, 2019) Plantations have been established to restore degraded land, deliver forest ecosystem services, and mitigate climate change. It is important that afforestation strategies for the coming decades are based on a sound understanding of the ecological benefits of plantations.",,"Introduction Plantations were initially designed to alleviate future timber shortages (West, 2014). As human awareness of environmental and development issues has increased, people have come to see plantations as a nexus between environmental protection and development (Paquette and Messier, 2010, Pawson et al.",Ecology; Floods,Chad; China,Mao in Chad,Hao Yang,United Nations; Gong; Sichuan University; Development Programme; International Union for Conservation of Nature; State Forestry Administration; IUCN; Research Fund,sciencedirect-forest-ecology,Forest Ecology and Management,The United Kingdom,Unknown,Medical,412996234,sciencedirect-forest-ecology-5d5f2f2c4ed5c55e953bd245c82c61a7
2023-06-18T15:33:04.859Z,Hungarian,https://index.hu/kulfold/2023/06/18/afrika-mali-nepszavazas-hatalom-alkotmany-allamfo/,https://portal.who.int/eios/#/items/412996151/j-alkotmnyrl-szavaznak-maliban/full-article,Új alkotmányról szavaznak Maliban,,,,"Népszavazás kezdődött vasárnap Maliban a nyugat-afrikai ország új alkotmányáról. A népszavazásra bocsátott dokumentum 191 cikkelyt tartalmaz, és jelentősen kibővíti az államfő hatalmát.

A három évvel ezelőtti katonai hatalomátvétel óta most először szavazhatnak az állampolgárok a válságban lévő ország jövőjét érintő kérdésről.",Political Unrest,Mali,Mali,Ibrahim Boubakar Keita; Moctar Ouane; Bah N Daw; Assimi Goita,,index,Index,Hungary,General News,webnews,412996151,index-69891d750f0207bf2642510a5c3114ca
2023-06-18T15:32:03.156Z,English,https://pmnewsnigeria.com/2023/06/18/terrorists-kill-traditional-ruler-his-4-children-cart-away-100-cows/,https://portal.who.int/eios/#/items/412996098/terrorists-kill-traditional-ruler-his-4-children-cart-away-100-cows/full-article,"Terrorists kill traditional ruler, his 4 children; cart away 100 cows",,"Terrorists have killed a traditional title holder, the Ardo of Birni and Kewaye of Zazzau Emirate, Alhaji Shuaibu Mohammed. The incident occurred on Saturday night at about 10pm in Dorayi village of Zaria Local Government Area, Kaduna State. The terrorists numbering five also rustled 100 cows belonging to the deceased.",,"By Mustapha Yauri. Terrorists have killed a traditional title holder, the Ardo of Birni and Kewaye of Zazzau Emirate, Alhaji Shuaibu Mohammed and his four children. The incident occurred on Saturday night at about 10pm in Dorayi village of Zaria Local Government Area, Kaduna State.",Terrorist Attack,Nigeria,"Zaria in Kaduna State, Nigeria",Mohammed Jalige; Ibrahim Haruna,Local Government Area,pmnewsnigeria,pmnewsnigeria,Nigeria,General News,webnews,412996098,pmnewsnigeria-748c4e8fd8195bba88981b4e93451f68
2023-06-18T15:31:04.514Z,English,https://gphin.canada.ca/cepr/showarticle.jsp?docId=1014106820,https://portal.who.int/eios/#/items/412996058/dengue-fever-epidemic-extended-fever-gao-municipal-health-bureau-monitors-vector-mosquitoes-and-prescribes-medical-specialties/full-article,Dengue fever epidemic extended fever Gao Municipal Health Bureau monitors vector mosquitoes and prescribes medical specialties,,"Tainan dengue fever epidemic extended, Kaohsiung is also strictly on guard. Gao Municipal Health Bureau yesterday inspected the old campus of Shuren Medical College and found a large number of stagnant water containers and many positive points. The Health Bureau has issued a fine. On the 18th, it went to Oriental Design University for environmental inspection, found that the bonsai water in the campus, the carport and the outer wall of the back door accumulated debris.",,"Tainan dengue fever epidemic extended, Kaohsiung is also strictly on guard, Gao Municipal Health Bureau yesterday inspected the old campus of Shuren Medical College and found a large number of stagnant water containers and many positive points, the Health Bureau has issued a fine, and on the 18th,....",Dengue Fever; Epidemic; Fever; Headache; Rash; Travel Restrictions,Mali,"Gao in Gao, Mali; Kaohsiung in Taiwan, China; Tainan in Taiwan, Taiwan, China",,Design University,gphin,gphin,Canada,Medical,wire,412996058,gphin-02dfc1a251e41d2c4091801bf2a21c94
2023-06-18T15:31:07.876Z,English,https://www.citizen.co.za/news/south-africa/weather/weather-rain-cold-front-18-june-2023/,https://portal.who.int/eios/#/items/412996092/weather-alert-brace-for-intense-rainfall-more-flooding-cold-front/full-article,"Weather alert: Brace for intense rainfall, more flooding, cold front",,"Severe weather conditions have battered parts of the Western Cape over the past three days, resulting in Here’s what to expect this week. Rainfall accumulations for the region could reach between 15 to 30mm. Orange level 5 warning for wind is expected over the Northern and Western Cape.",,"Brace for a significant downpour, more flooding and another cold front in the Western Cape as weather conditions deteriorate. The latest weather alerts come amidst concern for safety and potential disruptions to essential services, prompting an advisory from the Department of Water and Sanitation. Weather alerts.",Floods; Natural Disasters,South Africa,"Ceres in Ceres, Witzenberg, Cape Winelands District Municipality, Western Cape, South Africa",,Provincial Government,citizen,The Citizen,South Africa,General News,webnews,412996092,citizen-d2dea3812d16e45494165d17cae5a0aa
2023-06-18T15:29:02.513Z,Swedish,https://www.avhandlingar.se/om/Maria+Pereira/,https://portal.who.int/eios/#/items/412995994/maria-pereira/full-article,Maria Pereira,,,,"Sökning: ""Maria Pereira"" Visar resultat 1 - 5 av 7 avhandlingar innehållade orden Maria Pereira

Sammanfattning : OBJECTIVES: To elucidate the role of genital infections in last trimester pre-labour foetal death and the role and aetiology of chorioamnionitis in stillbirth in Maputo, Mozambique.",HIV infection-AIDS; MPHO Related; MPHOTransplantationDonation; Pregnant women; Syphilis,Mozambique,25 de Junho ”B” in Mozambique,Maria Pereira,,avhandlingar,Avfall Sverige,Sweden,General News,webnews,412995994,avhandlingar-92eb0354ab0ca587c8104aa1a64f36fc
2023-06-18T15:28:02.725Z,Arabic,https://alnwrs.com/2023/06/130354/,https://portal.who.int/eios/#/items/412995990/title/full-article,عادل الباز … يكتب …. جنجويد الإمبراطورية!!.,,,,جنجويد الإمبراطورية!!. ★كنت أود أن أختم فى هذه الحلقات اليوم باستعراض كتاب د. عشاري ولكن لأن هنالك تطورات متلاحقة مرتبطة بموضوع الكتاب نفسه آثرت أن أخصص هذه الحلقة عن تلك التطورات وأثرها في المشهد السياسي. ★أهم التطورات هي تلك التي حدثت في الموقفين الأمريكي والأوروبي تجاه الحرب فى السودان وتجاه قوات الدعم السريع.,Conflict; Refugees and Internally Displaced Persons,Seychelles; Sudan; United States of America,"Victoria in English River, Seychelles; Chad; Kenya",الامريكي الجديد,,elnwrsnews,elnwrsnews,Sudan,General News,webnews,412995990,elnwrsnews-2654c335f44e0b2a1b123554bf04e574
2023-06-18T15:26:04.316Z,English,https://gphin.canada.ca/cepr/showarticle.jsp?docId=1014107481,https://portal.who.int/eios/#/items/412995812/mohp-steps-up-efforts-to-combat-mpox-in-nepal/full-article,MoHP steps up efforts to combat Mpox in Nepal,,"A 60-year-old foreign national has been detected positive for monkeypox infection. The infection of the virus was confirmed after a body fluid test. Mpox infection has been confirmed in 111 countries around the world in 2022-2023. The symptoms of Mpox are characterized by fever, headache, swollen lymph nodes.",,"KATHMANDU, June 18 -- With the first confirmed case of monkeypox infection in the capital of Nepal on Saturday, the Ministry of the Health and Population (MoHP) has begun to make contingency plans to tackle this disease.
In addition to designating 14 doctors in various hospitals across the country....",Communicabledisease; Cough; Death and Monkeypox; Fever; Headache; Mpox; Pain; Pneumonia; Pox; Vaccination,Congo; Democratic Republic of the Congo; Nepal,Congo; Cameroon; Nigeria; Democratic Republic of the Congo,Samir Kumar,World Health Organization,gphin,gphin,Canada,Medical,wire,412995812,gphin-5fbcbf5cd776dea38ec7aa1cb906a630
2023-06-18T15:26:05.817Z,English,https://inshorts.com/en/news/fatal-toxin-found-in-indiabased-synercares-paracetamol-nigeria-1687096221667,https://portal.who.int/eios/#/items/412995824/fatal-toxin-found-in-india-based-synercares-paracetamol-nigeria/full-article,Fatal toxin found in India-based Synercare's paracetamol: Nigeria,,Nigeria's National Agency for Food and Drugs Administration and Control (NAFDAC) has issued an alert about Mumbai-based Synercare's paracetamol suspension named Para Clear Suspension 125. The agency said it found ethylene glycol in the product.,,"Nigeria's National Agency for Food and Drugs Administration and Control (NAFDAC) has issued an alert about Mumbai-based Synercare's paracetamol suspension named Para Clear Suspension 125. The agency said it found ethylene glycol in the product. ""Diethylene glycol and ethylene glycol are toxic to....",Diethylene glycol; Ethylene; Ethylene glycol,Nigeria,Nigeria,,Food and Drugs Administration,inshorts,India news,India,General News,webnews,412995824,inshorts-318e1003796f60c01ae2285966e0364c
2023-06-18T15:26:06.111Z,English,https://inshorts.com/en/news/us-imposes-visa-restrictions-on-some-ugandans-after-antigay-law-1687097122218,https://portal.who.int/eios/#/items/412995826/us-imposes-visa-restrictions-on-some-ugandans-after-anti-gay-law/full-article,US imposes visa restrictions on some Ugandans after anti-gay law,,"US has imposed visa restrictions on some Ugandans following the implementation of an anti-gay law in Uganda. Law states that a person can be sentenced to death if they engage in ""aggravated homosexuality"" Other possible actions to ""promote accountability for Ugandan officials"" and others complicit in the passage of the law will be considered.",,"US has imposed visa restrictions on some Ugandans following the implementation of an anti-gay law in Uganda. Other possible actions to ""promote accountability for Ugandan officials"" and others complicit in the passage of the law will be considered, the US State Department said.",Travel Restrictions,Uganda,Uganda,,State Department,inshorts,India news,India,General News,webnews,412995826,inshorts-c0e51a201299775bd6a15013bd789ff9
2023-06-18T15:24:11.128Z,Italian,https://www.blitzquotidiano.it/salute/zanzare-portatrici-di-malattie-letali-uccidono-mezzo-milione-allanno-3541545/,https://portal.who.int/eios/#/items/412995715/mosquitoes-carriers-to-fatal-diseases-kill-half-a-million-per-year-that-is-odours-skin-that-the-attention-raising/full-article,"Mosquitoes carriers to fatal diseases, kill half a million per year: that is odours skin that the attention-raising","Zanzare portatrici di malattie letali, uccidono mezzo milione all’anno: ecco gli odori della pelle che le attirano",,"Scientists have discovered that mosquitoes carrying malaria, yellow fever are attracted by specific chemicals at the expense of certain parties. This first point has enabled researchers to give a signal in seeking solutions to see how and in which....",Gli scienziati hanno scoperto che le zanzare portatrici di malaria e febbre gialla sono attratte da specifiche sostanze chimiche presenti sulla pelle di alcune persone. Questa prima osservazione ha permesso agli studiosi di aprire una nuova strada nella ricerca di soluzioni per capire come e in che....,Aedes aegypti; Aedes mosquito; Chemicalthreats; Malaria; Yellow Fever,Zambia,Zambia,Howard Hughes; Clément Vinauger; Leslie Vosshall,Johns Hopkins; Virginia Tech,blitzquotidiano,Blitz quotidiano,Italy,General News,webnews,412995715,blitzquotidiano-bf75a86762bb9a1532611ed8979e3999
2023-06-18T15:23:04.897Z,English,https://www.monitor.co.ug/uganda/news/national/adf-are-desperate-cowardly-to-attack-school-museveni-4274662,https://portal.who.int/eios/#/items/412995580/museveni-why-didnt-our-people-in-drc-detect-school-attack-national-16-min-ago/full-article,Museveni: Why didn’t our people in DRC detect school attack? National 16 min ago,,"President Museveni says the ADF have become desperate and cowardly due to pressure exerted by both the Uganda People’s Defence Forces (UPDF) and the DR Congo national army. The UPDF commander of mountain division, Maj Gen Dick Olum, said the suspected rebels spent two nights in Kasese before the raid that also left unconfirmed number of students abducted.",,"According to Mr Museveni, the ADF, one of the fiercest rebel groups operating in eastern DRC, have become desperate and cowardly due to pressure exerted by both the Uganda People’s Defence Forces (UPDF) and the DR Congo national army following a joint operation launched in November 2021.",Terrorist Attack,Democratic Republic of the Congo; Uganda,Uganda; Congo; Ntoroko in Uganda; Kasese in Uganda; Democratic Republic of the Congo,Maj-Gen; Dick Olum,,monitorUG,daily monitor,Uganda,General News,webnews,412995580,monitorUG-6b3b398aee07a54d6725b34833824c39
2023-06-18T15:23:03.136Z,English,https://www.washingtontimes.com/news/2023/jun/18/ugandan-border-town-prepares-to-bury-victims-of-re/?utm_source=RSS_Feed&utm_medium=RSS,https://portal.who.int/eios/#/items/412995563/ugandan-border-town-prepares-to-bury-victims-of-rebel-massacre-that-left-42-dead-mostly-students/full-article,"Ugandan border town prepares to bury victims of rebel massacre that left 42 dead, mostly students",,"Militants armed with guns and machetes attacked Lhubiriha Secondary School. Some students were burned beyond recognition, and others were shot or hacked to death. Ugandan authorities believe at least six students were abducted, taken as porters back inside In addition to the 38 students, the victims include a school guard and three civilians.",,"A member of the security forces uses his mobile phone torch to inspect a bedroom inside the Lhubiriha Secondary School following an attack on the school on Saturday, in Mpondwe, Uganda Sunday, June 18, 2023, near the border with Congo. … A member of the security forces …

, Uganda — A bereaved....",Conflict; Suicide; Terrorist Attack,Congo; Uganda,"Congo; Kampala in Uganda; Kinshasa in Kinshasa, Democratic Republic of the Congo",Janet Museveni; Antonio Guterres; Yoweri Museveni,,washtimes,The Washington Times,United States of America,General News,webnews,412995563,washtimes-992aecc1a137154d71306ef58bc79e35
2023-06-18T15:22:10.074Z,French,https://www.centre-presse.fr/article-880886-en-ouganda-des-familles-eprouvees-apres-l-attaque-jihadiste-contre-un-lycee.html,https://portal.who.int/eios/#/items/412995530/in-uganda-families-proven-after-the-jihadist-attack-against-a-grammar-school/full-article,"In uganda, families proven after the jihadist attack against a grammar school","En Ouganda, des familles éprouvées après l'attaque jihadiste contre un lycée",,"At least 41 people were killed on the night of Friday to Saturday, mostly students, in that attack, the worst of this kind perpetrated in the country for years. The victims were attacked with machetes, slaughtered by bullets or burnt alive during the raid.","Au moins 41 personnes ont été tuées dans la nuit de vendredi à samedi, majoritairement des étudiants, dans cette attaque, la pire de ce type perpétrée dans le pays depuis des années. Les victimes ont été attaquées à coup de machettes, abattues par balles ou brûlées vives lors de ce raid.",Conflict; Terrorist Attack,Congo; Democratic Republic of the Congo; Somalia; Uganda,Congo; France; Kampala in Uganda; Somalia; Kasese in Uganda; Democratic Republic of the Congo,Janet Museveni; Antonio Guterres; Dick Olum,African Union; United Nations,centre-presse,Centre Presse,France,General News,webnews,412995530,centre-presse-87d5fce6b383e1ee043165558adcb02a
2023-06-18T15:19:02.832Z,English,https://www.standard.co.uk/news/world/pope-francis-vatican-rome-italy-sunday-surgery-hospital-b1088619.html,https://portal.who.int/eios/#/items/412995271/pope-francis-met-with-shouts-of-long-live-the-pope-as-he-returns-to-vatican/full-article,Pope Francis met with shouts of ‘Long live the pope!’ as he returns to Vatican,,"Pope Francis was hospitalised for abdominal surgery in Rome on June 7. The three-hour surgery under general anaesthesia forced Francis to skip the Sunday appearance on June 11. The 86-year-old sounded a bit breathless and hoarse at times, but he clearly looked delighted to be back to his routine.",,"The pontiff was met with crowds shouting “Long live the pope!” as he resumed his cherished Sunday custom of expressing thanks for the comfort he received after surgery. Before launching into prepared remarks, Francis expressed gratitude for “affection, attention and friendship” and the assurance of “the support of prayer”.",Migrants; Terrorist Attack,Brazil; Greece; Holy See; Mongolia; Portugal; Uganda; Ukraine,"Holy See; Russian Federation; Uganda; Ukraine; Congo; Roma in Rome, Rome, Latium, Italy; Greece; Portugal; Mongolia; Democratic Republic of the Congo; Brazil",Pope Francis,United Nations,standard,London Evening Standard,The United Kingdom,General News,webnews,412995271,standard-65a5870b0aa12a5173e59f524116ee42
2023-06-18T15:18:05.413Z,English,https://www.abcactionnews.com/news/national/pope-francis-back-to-vatican-routine-post-surgery-says-thanks-to-shouts-of-long-live-the-pope,https://portal.who.int/eios/#/items/412995239/national-pope-francis-back-to-vatican-routine-post-surgery-associated-press/full-article,"National Pope Francis, back to Vatican routine post-surgery Associated Press",,"Francis expresses gratitude for ""affection, attention and friendship"" during his hospitalization. He adlibbed at times from the prepared speech, and clearly looked delighted to be back to his routine. The pope's doctors have urged him to take it easy as much as possible even as he resumes his Vatican workload.",,"Before launching into prepared remarks, Francis expressed gratitude for ""affection, attention and friendship"" and the assurance of “the support of prayer” during his hospitalization for June 7 abdominal surgery at a Rome hospital to repair a hernia and remove increasingly painful scarring around his intestines.",Adolescents; Migrants; Refugees and Internally Displaced Persons; Terrorist Attack,Brazil; Greece; Holy See; Mongolia; Portugal; Uganda; Ukraine,"Holy See; Russian Federation; Uganda; Ukraine; Congo; Roma in Rome, Rome, Latium, Italy; Greece; Portugal; Mongolia; Democratic Republic of the Congo; Brazil",Pope Francis,Associated Press; United Nations,abcactionnews,Abc GAction news,United States of America,General News,webnews,412995239,abcactionnews-331fedc4862431db66c3a38d936e57e9
2023-06-18T15:18:06.250Z,Russian,https://www.dv.ee/novosti/2023/06/18/jestonskie-fermy-stradajut-ot-zasuhi-esli-zhivotnym-ne-hvatit-korma-im-grozit-otpravka-na-skotobojnju,https://portal.who.int/eios/#/items/412995246/estonian-farmwide-suffer-from-drought-if-beastcollide-dont-khvatit-maxfilenamelength-they-risked-kbabel-at-the-slaughterhouse/full-article,"Estonian farmwide suffer from drought: if beastcollide don’t khvatit maxfilenamelength, they risked kbabel at the slaughterhouse","Эстонские фермы страдают от засухи: если животным не хватит корма, им грозит отправка на скотобойню",,"Kranidi, farmwide Реммельгамаа ¬án Пийрфельдт tells that drought this year prover after-sales-services in a very difficult situation. At the moment, farm-bound there is only a quarter of the requisite number of feedmill. The woman concerned, however, that every year the dry periods are becoming longer and.......","Хозяйка фермы Реммельгамаа Кая Пийрфельдт рассказывает, что засуха в этом году поставила животноводов в очень тяжелое положение. На данный момент на ферме есть лишь четверть необходимого количества комбикорма. Женщина обеспокоена тем, что с каждым годом засушливые периоды становятся все длиннее, и....",Drought,Burkina Faso; Estonia,"Kaya in Centre-Nord, Burkina Faso; Raja in Jõgevamaa, Estonia; Central in China, Hong Kong SAR; Estonia",,,ap3-ru,Aripaev in Russian,Estonia,Financial News,webnews,412995246,ap3-ru-702a966b51ba5aa9dcce288303b234df
2023-06-18T15:17:01.636Z,Portuguese,https://www.bol.uol.com.br/noticias/2023/06/18/generais-que-disputam-poder-no-sudao-concordam-com-nova-tregua-em-meio-a-intensificacao-dos-combates.htm,https://portal.who.int/eios/#/items/412995129/rfi-generals-contesting-power-in-sudan-agrees-with-new-truce-in-intensified-fighting-the-two-generals-battling-for-power-in-sudan-concurred-with-a-new/full-article,Rfi generals contesting power in sudan agrees with new truce in intensified fighting the two generals battling for power in sudan concurred with a new truce 72 hours from this Sunday 11h08 18/06/2023,"RFI Generais que disputam poder no Sudão concordam com nova trégua em meio a intensificação dos combates Os dois generais que disputam o poder no Sudão concordaram com uma nova trégua de 72 horas, a partir deste domingo 18/06/2023 11h08",,"The two generals battling for power in sudan agreed to a new truce 72 hours, from this Sunday (18), informed the saudi and american mediators. The fighting, which began in April, opposed the army chief, general Fattah al-burhan, and the paramilitary forces support....","Os dois generais que disputam o poder no Sudão concordaram com uma nova trégua de 72 horas, a partir deste domingo (18), informaram os mediadores sauditas e americanos. Os combates, que começaram em abril, opõem o chefe do Exército, general Fattah al-Burhan, e os paramilitares das Forças de Apoio....",Terrorist Attack,Chad; Saudi Arabia; Sudan,"Saudi Arabia; Khartoum in Khartoum, Sudan; Chad; Brasília in Brasília, Brasília, Federal District, Brazil",Sem Fronteiras; Martin Griffiths; Hamdan Daglo; Mohammed Hamdan,United Nations; Rfi,bol-noticias,BOL Notícias - Brasil,Brazil,General News,webnews,412995129,bol-noticias-03e3a583677aa95d55f380255a34a6b4
2023-06-18T15:16:12.677Z,Turkish,https://www.mynet.com/galeri/siddetli-yagislar-bir-ilde-daha-hayati-felc-etti-vatandaslara-sms-gonderildi-hayati-tehlike-yaratiyor-yola-cikmayin-110107135396,https://portal.who.int/eios/#/items/412995096/iddetli-yalar-bir-ilde-daha-hayat-fel-etti-vatandalara-kritik-uyar-geldi-yola-kmayn/full-article,Şiddetli yağışlar bir ilde daha hayatı felç etti! Vatandaşlara kritik uyarı geldi: Yola çıkmayın,,,,"'nin Saros Körfezi'ne kıyısı bulunan Keşan ilçesine bağlı Mecidiye, Erikli, Yayla, Danişment ve Gökçetepe köyü sahillerinde dün akşam saatlerinde başlayan sağanak hayatı olumsuz etkiledi. Köy ve sahillerde tarım arazileri, ağıllar ile turistik tesisler su altında kaldı.",Natural Disasters,Nigeria,"Yola in Adamawa, Nigeria; Söğütlü in Bingöl, Türkiye; Karakasım in Edirne, Türkiye; Mecidiye in Edirne, Türkiye; Danişment in Balıkesir, Türkiye",HAYATİ TEHLİKE,,haber-mynet,Mynet Haber,Türkiye,General News,webnews,412995096,haber-mynet-d1eafa6d00b20fbb7d5109883844e3e0
2023-06-18T15:16:04.167Z,English,https://www.ibtimes.com/analysis-mali-faces-spectre-anarchy-after-demanding-uns-departure-3700592,https://portal.who.int/eios/#/items/412995002/analysis-mali-faces-spectre-of-anarchy-after-demanding-uns-departure/full-article,Analysis-Mali Faces Spectre Of Anarchy After Demanding UN's Departure,,Mali's demand for the departure of U.N. peacekeepers heralded a sudden end to a decade-long mission. The move raises fears the country could slide deeper into chaos amid an Islamist insurgency and the possible revival of a separatist uprising. Mali's ruling junta joined forces with Russian military contractor Wagner Group in 2021.,,"United Nations peacekeepers at the MINUSMA base fight fires after a mortar attack in Kidal, Mali, June 8, 2017. Picture taken June 8, 2017. MINUSMA/Sylvain Liechti/Handout via Reuters. Mali's demand for the departure of U.N. peacekeepers heralded a sudden end to a decade-long mission that has....",Conflict,Algeria; Belgium; Burkina Faso; France; Mali; Niger; Russian Federation; Sweden,"Kidal in Kidal, Mali; Egypt; Paris in Paris, Paris, Île-de-France, France; Bamako in Bamako Region, Mali; Gao in Gao, Mali; Brussels in Brussels Capital, Belgium; Germany; Timbuktu in Tombouctou, Mali; Algiers in Algiers, Algeria; Sweden; Niger; Central African Republic; The United Kingdom",Fatoumata Sinkoun Kaba; Abdoulaye Diop; Konrad Adenauer; Yvan Guichaoua; Ulf Laessing; Ould Mohamed; Ahmedou Ould Abdallah; Antonio Guterres,United Nations; Friedrich Ebert Stiftung; Malian government; Wagner Group; Russian military; Al Qaeda; UN Security Council,ibtimes,IBTimes - International Business Times US,United States of America,Financial News,webnews,412995002,ibtimes-186a98d8775b09e08c8dd6656684edb2
2023-06-18T15:14:05.164Z,English,https://www.africa-newsroom.com/press/source/united-nations-population-fund-unfpa,https://portal.who.int/eios/#/items/412994833/united-nations-population-fund-unfpa/full-article,United Nations Population Fund (UNFPA),,"The United Nations Population Fund (UNFPA) Somalia and King Salman Humanitarian Aid and Relief Centre (KS Relief) announced the launch of a groundbreaking project. The project aims to improve access to quality maternal and reproductive health for vulnerable and displacement-affected populations in Somalia. This collaborative initiative between UNFPA and KS-Relief aims to address… Angola is wrangling with a widespread HIV epidemic, with some 2 per cent of the adult population infected.",,"This collaborative initiative between UNFPA and KS-Relief aims to address the critical healthcare needs of vulnerable communities, particularly women and girls impacted by displacement and humanitarian crises. The United Nations Population Fund (UNFPA) Somalia and King Salman Humanitarian Aid and....",Access to sexual and reproductive health; Cholera:; Cyclonic storm; Epidemic; Floods; HIV infection-AIDS; Pregnant women,Gambia; Mozambique; Somalia; Sudan,"Somalia; Khartoum in Khartoum, Sudan; Angola; Gambia; Mozambique",King Salman,Relief Centre; United Nations; Baptist Church; Rapid Support Forces; UNFPA,africa-newsroom,africa-newsroom,Switzerland,General News,webnews,412994833,africa-newsroom-c64440512424bc82194a61002cf57321
2023-06-18T15:14:02.257Z,English,https://www.pulse.ng/news/local/ndlea-intercepts-122900-tramadol-pills-exol-5-in-3-states/j95vp91,https://portal.who.int/eios/#/items/412994800/ndlea-intercepts-122900-tramadol-pills-exol-5-in-3-states/full-article,"NDLEA intercepts 122,900 Tramadol pills, Exol-5 in 3 states",,,,"The National Drug Law Enforcement Agency (NDLEA) has intercepted no fewer than 122,900 tramadol pills and Exol-5 in Bauchi, Kano and Benue States.

The NDLEA spokesperson, Femi Babafemi , said in a statement on Sunday in Abuja that 87,000 tramadol pills were recovered from a suspect, Tony Ogbonna, 40, at Yelwa area of Bauchi, on June 17.",Opioid,Nigeria,"Bauchi in Bauchi, Nigeria; Kano in Kano State, Nigeria; Kaduna in Kaduna State, Nigeria; Niger; Abuja in FCT, Nigeria; Ikeja in Lagos, Nigeria; Sokoto in Sokoto State, Nigeria",Aminu Mohammed,National Drug Law Enforcement Agency; Murtala Muhammed International Airport,pulse.nghausa,Pulse Nigeria Hausa,Nigeria,General News,webnews,412994800,pulse.nghausa-db73c1056abe9943004c871be9916157
2023-06-18T15:13:00.281Z,English,https://www.wbrc.com/2023/06/18/first-alert-weather-possibility-severe-storms-through-monday/,https://portal.who.int/eios/#/items/412994729/first-alert-weather-increased-chance-for-storms-overnight/full-article,First Alert Weather: Increased chance for storms overnight,,A weak front which moved into Northeast Alabama is beginning to lose strength as an area of low pressure moves north tonight and tomorrow. Our area will remain with a northwesterly wind flow pattern with little change over the next couple of days. A lingering marginal threat for severe storms will continue tomorrow as the overnight disturbance rotates out of the area.,,"BIRMINGHAM, Ala. (WBRC) -Today a weak front which moved into Northeast Alabama is beginning to lose strength as an area of low pressure moves north tonight and tomorrow. Our area will remain with a northwesterly wind flow pattern with little change over the next couple of days.",Cyclonic storm; Hurricanes; Natural Disasters,Cabo Verde,Cabo Verde,,National Hurricane Center,wbrc,WBRC,United States of America,General News,webnews,412994729,wbrc-d2a7ca8c22e2d4dfc5e51394d179867c
2023-06-18T15:12:17.276Z,French,https://www.radiookapi.net/2023/06/18/actualite/securite/attaque-des-adf-contre-une-ecole-en-ouganda-plusieurs-reactions,https://portal.who.int/eios/#/items/412994670/attack-on-adf-against-a-school-in-uganda-several-reactions-condemn-this-terrorist-act/full-article,Attack on ADF against a school in Uganda: several reactions condemn this terrorist act,Attaque des ADF contre une école en Ouganda : plusieurs réactions condamnent cet acte terroriste,,"In the aftermath of the attack on a school in the town of Bwera by the Ugandan ADF, not far from the border with the drc, several reactions condemning this terrorist act are recorded across the world. France condemned ""in the strongest terms the heinous attack” which has caused.","Au lendemain de l’attaque d’une école dans la localité ougandaise de Bwera par les ADF, non loin de la frontière avec la RDC, plusieurs réactions condamnant cet acte terroriste sont enregistrées à travers le monde. La France a condamné « avec la plus grande fermeté l'attaque abominable » qui a causé....",Terrorist Attack,France; Uganda,Uganda; Democratic Republic of the Congo; France,Antonio Guterres; Farhan Haq; Pape François; Moussa Faki Mahamat,African Union Commission; United Nations; EU; Quai d Orsay,radiookapi,Radio Okapi,Democratic Republic of the Congo,General News,webnews,412994670,radiookapi-283093e8433c750d277b58d8d8b846e2
2023-06-18T15:11:17.679Z,Arabic,https://www.bbc.com/arabic/interactivity-65945178,https://portal.who.int/eios/#/items/412994578/title/full-article,كيف ترون تداعيات انهيار السودان على دول جواره؟,,,,لم تكن التحذيرات، التي أطلقها مالك عقار، نائب رئيس مجلس السيادة السوداني لدى وجوده في القاهرة، من تداعيات انهيار السودان على دول الجوار، بمثابة الأمر الجديد، إذ أن الكثير من التحليلات التي استشرفت تداعيات الحرب الدائرة في السودان، كانت قد نبهت إلى أن الدول المجاورة، لن تكون بمنأى عن الأزمات والإنهيارات، في حالة حدوث انهيار السودان كدولة.,Conflict; Refugees and Internally Displaced Persons,Egypt; Eritrea; Sudan,"Sudan; Ethiopia; Cairo in Cairo, Egypt",مالك عقار,,bbc-arabic,BBC Arabic,The United Kingdom,General News,TVRadio,412994578,bbc-arabic-8b6a2feb980598cdeaef0d12dd15cf68
2023-06-18T15:09:17.178Z,English,https://nehandaradio.com/2023/06/18/grief-stricken-parents-visit-mortuary-after-brutal-uganda-school-attack/,https://portal.who.int/eios/#/items/412994452/grief-stricken-parents-visit-mortuary-after-brutal-uganda-school-attack/full-article,Grief-stricken parents visit mortuary after ‘brutal’ Uganda school attack,,"Families wait all night in the cold outside a mortuary in Bwera, a town near where the attack occurred. The government said Sunday it would assist with funeral arrangements and supporting the injured. Uganda and DR Congo launched a joint offensive in 2021 to drive the ADF out of their Congolese strongholds.",,"Fifteen others from the community, including five girls, were still missing, said Eriphaz Muhindi, chairman of Kasese district, which shares a long and forested border with DR Congo. Seventeen victims were burned beyond recognition when the attackers set a locked dormitory ablaze, frustrating....",Conflict,Congo; Uganda,Congo; Kampala in Uganda; United States of America; Democratic Republic of the Congo; France,Janet Museveni; Antonio Guterres; Dick Olum,African Union; Kasese district; Al Shabab,nehandaradio,Nehanda Radio,Zimbabwe,General News,webnews,412994452,nehandaradio-b701709641f0b2f00ece7d93b1ed22f2
2023-06-18T15:04:14.800Z,French,https://www.la-croix.com/Monde/Soudan-Darfour-Occidental-massacre-poursuit-2023-06-18-1201272002,https://portal.who.int/eios/#/items/412994132/sudan-at-darfour-occidental-the-massacre-continues/full-article,"Sudan: at Darfour-Occidental, the massacre continues","Soudan : au Darfour-Occidental, le massacre se poursuit",,"""We need an international intervention to protect the people remaining in the region,"" suppliait general Khamis Abdallah Abakar, on the chain émirienne Al-Hadath, on 14 June. A few hours later, the governor or wali of Darfour-Occidental was arrested, then....","« Nous avons besoin d’une intervention internationale pour protéger les populations restant dans la région » , suppliait le général Khamis Abdallah Abakar, sur la chaîne émirienne Al-Hadath, le 14 juin. Quelques heures plus tard, ce gouverneur ou wali du Darfour-Occidental était arrêté, puis....",Conflict; Genocide; Refugees and Internally Displaced Persons,Chad; Morocco; Sudan,"Chad; Khartoum in Khartoum, Sudan",Christophe Garnier; Abd Allāh,Medecins Sans Frontieres; Strategic Initiative,la-croix,la-Croix,France,General News,webnews,412994132,la-croix-6accb1ea02682e5d93b60f2efb49b806
2023-06-18T15:03:14.136Z,Spanish; Castilian,https://mag.elcomercio.pe/fama/pecado-original-quien-es-kaya-ekinci-en-la-telenovela-turca-yasak-elma-nnda-nnlt-noticia/,https://portal.who.int/eios/#/items/412994103/who-is-kaya-ekinci-in-original-sin/full-article,Who is Kaya Ekinci in “original sin”,Quién es Kaya Ekinci en “Pecado original”,,"Ekinci Kaya who is in “ORIGINAL sin”? Kaya EKINCI, as interpreted by the actor Baris Kiliç, is one of the new characters of the second season of “ORIGINAL sin”. He is the exnovio of Ender and has returned to turkey to join the Holding company Argun. When Ender saw Kaya EKINCI was in shock.","¿QUIÉN ES KAYA EKINCI EN “PECADO ORIGINAL”? Kaya Ekinci, interpretado por el actor Baris Kiliç, es uno de los nuevos personajes de la segunda temporada de “Pecado original”. Él es el exnovio de Ender y ha regresado a Turquía para unirse a la empresa Holding Argun. Cuando Ender vio a Kaya Ekinci se quedó en shock.",Conflict,Burkina Faso; Türkiye,"Kaya in Centre-Nord, Burkina Faso; Constantinople in Istanbul, Türkiye; Arguvan in Malatya, Türkiye; Türkiye; United States of America; Mira in Cuenca, Castille-La Mancha, Spain; Spain; Erdek in Balıkesir, Türkiye; Han in Eskişehir, Türkiye",Murat OEztürk; Melis Civelek; Neslihan Yeşilyurt; Zeynep Gul,İstanbul Universitesi; Orkut,elcomercio-pe,"MAG.-Noticias, historias y tendencias en espanol",Peru,General News,webnews,412994103,elcomercio-pe-70ef756474134962d89462d21dec0d35
2023-06-18T15:02:15.501Z,English,https://www.nampa.org/index.php?model=categories&function=display&id=22223835,https://portal.who.int/eios/#/items/412994073/iran-condemns-deadly-terror-attack-on-ugandan-school/full-article,"Iran condemns deadly ""terror"" attack on Ugandan school",,"Iranian Foreign Ministry spokesman condemns deadly ""terrorist"" attack in Uganda. Nasser Kanaani made the remarks in a statement published on the Iranian Foreign Ministry's website. Attack by suspected Allied Democratic Forces (ADF) rebels on Lhubirira Secondary School on Friday night.",,". Contributed by NAMPA / Xinhua. TEHRAN, June 18 (Xinhua) -- The Iranian Foreign Ministry spokesman on Sunday strongly condemned a deadly ""terrorist"" attack on a secondary school in southwestern Uganda that killed at least 41 people. Nasser Kanaani made the remarks in a statement published on the....",Terrorist Attack,Congo; Iran (Islamic Republic of),Congo; Democratic Republic of the Congo,Nasser Kanaani,Iranian Foreign Ministry; Ugandan school,nampa,Namibian Press Agency,Namibia,General News,webnews,412994073,nampa-2981d72951894eed6edbdb569450cef8
2023-06-18T15:02:18.368Z,French,https://www.senenews.com/actualites/macky-sall-hausse-le-ton-je-condamne-fermement-cet-acte_448740.html,https://portal.who.int/eios/#/items/412994099/alert-info-macky-sall-increase-the-tone-i-strongly-condemns-this-act-socit-president-senegalese-macky-sall-has-strongly-condemned-the-terrorist-attack/full-article,"Alert Info Macky Sall increase the tone: ""I strongly condemns this act’ société - president senegalese Macky Sall has strongly condemned the terrorist attack tragic perpetrated against a grammar school in the district of Kasese in uganda. He expressed...",Alerte Info Macky Sall hausse le ton : « Je condamne fermement cet acte » Societe - Le président sénégalais Macky Sall a vivement condamné l'attentat terroriste tragique perpétré contre un lycée dans le district de Kasese en Ouganda. Il a exprimé ...,,"The senegalese president Macky Sall has strongly condemned the tragic terrorist attack perpetrated against a grammar school in the district of Kasese in uganda. It has expressed its sincere condolences to the bereaved families and to the ugandan authorities. has published a message saying: ""I strongly condemns.",Le président sénégalais Macky Sall a vivement condamné l’attentat terroriste tragique perpétré contre un lycée dans le district de Kasese en Ouganda. Il a exprimé ses sincères condoléances aux familles endeuillées et aux autorités ougandaises. a publié un message affirmant : « Je condamne fermement....,Conflict; Terrorist Attack,Democratic Republic of the Congo; Senegal; Uganda; Ukraine,Kasese in Uganda; Ukraine; Congo; Democratic Republic of the Congo,Macky Sall; Fred Enanga,,senenews,senenews,Senegal,General News,webnews,412994099,senenews-7b625f902c309eb7801960c50ffe802e
2023-06-18T15:01:18.282Z,Arabic,https://www.elbalad.news/5813841,https://portal.who.int/eios/#/items/412994034/title/full-article,علاء عابد: الدور المصري يتعاظم عالميا بفضل جهود الرئيس السيسي,,,,أكد النائب علاء عابد، رئيس لجنة النقل والمواصلات بمجلس النواب، نائب رئيس البرلمان العربي، أن مشاركة رئيس الوزراء الدكتور مصطفى مدبولي نيابة عن الرئيس عبد الفتاح السيسي في وفد المبادرة الأفريقية المشتركة لتسوية الأزمة الروسية الأوكرانية، تعكس تعاظم الدور المصري عالميا وأفريقيا وإقليميا بفضل جهود....,Conflict,Egypt; Russian Federation; South Africa; Ukraine,Egypt; Russian Federation; Congo; South Africa; Kiev in Ukraine,عبد الفتاح; Sameh Shoukry,,elbalad,elbalad,Egypt,General News,webnews,412994034,elbalad-f87b128ccd9af457583d4758ba5418d4
2023-06-18T15:01:16.626Z,English,https://www.news18.com/videos/uganda-news-today-rebel-attack-in-ugandan-school-near-congo-border-claims-many-lives-news18-8109541.html,https://portal.who.int/eios/#/items/412994018/uganda-news-today-rebel-attack-in-ugandan-school-near-congo-border-claims-many-lives-news18/full-article,Uganda News Today | Rebel Attack In Ugandan School Near Congo Border Claims Many Lives | News18,,"Ugandan authorities recovered the bodies of 41 people — including 38 students — who were burned, shot or hacked to death after suspected rebels attacked a secondary school. At least six people were abducted by the rebels, who fled across the porous border into Congo after the raid on Friday night.",,"Uganda News Today | Rebel Attack In Ugandan School Near Congo Border Claims Many LivesUgandan authorities recovered the bodies of 41 people — including 38 students — who were burned, shot or hacked to death after suspected rebels attacked a secondary school near the border with Congo, the local mayor said Saturday.",Terrorist Attack,Congo; Uganda,Congo; Democratic Republic of the Congo,,Ugandan military; News Today; Ugandan school; Uganda News,news18,News 18,India,General News,webnews,412994018,news18-bd9dfeb921cb945b73045b18bbfc815b