﻿importDateUTC,language,externalLink,eiosLink,title,originalTitle,summary,translatedDescription,description,categories,mentionedCountries,locations,mentionedPersons,mentionedOrgsEntities,source,sourceName,sourceCountry,sourceSubject,sourceType,id,emmId
2023-06-18T17:37:07.881Z,Arabic,https://www.elfagr.org/4711831,https://portal.who.int/eios/#/items/413000636/title/full-article,ألمانيا ترفض طلب سلطات مالي بالخروج الفوري لقوات حفظ السلام,,,,"رفضت ألمانيا طلب السلطات المالية بخروج فوري لقوات حفظ السلام، معتبرة أن خلفيته سياسية، وتمسكت بخروج منظم. وقالت ألمانيا اليوم الأحد إن طلب المجلس العسكري في مالي بمغادرة قوات حفظ السلام التابعة للأمم المتحدة للبلاد ""دون إبطاء"" مدفوع سياسيا وإن برلين لا تزال ترغب في انسحاب منظم لقواتها بحلول مايو 2024.",Conflict,China; France; Germany; Mali,"Mali; Russian Federation; Paris in Paris, Paris, Île-de-France, France; China; Berlin in Bezirk Mitte, Berlin, Berlin, Stadt, Land Berlin, Germany",,,elfagr,Alfagr,Egypt,General News,webnews,413000636,elfagr-07c4b94f2ad3b798a13d2556a11e0b32
2023-06-18T17:36:08.853Z,English,https://historynewsnetwork.org/article/185783,https://portal.who.int/eios/#/items/413000608/californias-collusion-with-a-texas-timber-company-let-ancient-redwoods-be-clearcut/full-article,California's Collusion with a Texas Timber Company Let Ancient Redwoods be Clearcut,,"In 1985, fresh out of college, I took a job as a reporter in my hometown of Guerneville, a small village set alongside the Russian River in western Sonoma County, California. At the time, Pacific Lumber owned the very last private inventory of old-growth redwood forest still standing outside of parks. Maxxam completed one of the most consequential corporate buyouts of the era by leveraging $754 million in high-yield “junk bonds”",,"Old-growth redwoods, Headwaters Forest Reserve (CA) In 1985, fresh out of college, I took a job as a reporter in my hometown of Guerneville, a small village set alongside the Russian River in western Sonoma County, California. Among my many beats was the North Coast timber industry.",Ecology,Chad; Georgia; United States of America,"Houston in Harris, Texas, United States of America; Reading in West Berkshire, England, The United Kingdom; Sacramento in Sacramento, California, United States of America; Davis in Yolo, California, United States of America",Sally Bell; George Deukmejian; Stephen Davis,Humboldt State University; Drexel Burnham Lambert; radical,historynewsnetwork,History News Network,United States of America,General News,webnews,413000608,historynewsnetwork-1305ffa406477c1578e6bf0aef64c1de
2023-06-18T17:34:08.239Z,Lithuanian,https://www.tv3.lt/naujiena/lietuva/dar-vienas-akibrokstas-radviliskio-rajone-nukirstas-tvirtas-azuolas-20-metu-toks-dar-butu-stovejes-n1243151,https://portal.who.int/eios/#/items/413000541/one-is-an-insult-to-cut-radvilikio-area-solidly-grounded-oak-20-years-ago-is-still-stood-for/full-article,"One is an insult to cut Radviliškio area… solidly-grounded oak: 20 years ago is still stood for """,Dar vienas akibrokštas – Radviliškio rajone nukirstas tvirtas ąžuolas: „20 metų toks dar būtų stovėjęs“,,"‘The plan will work, and as we would like to see all the lines would be cleaned to some very sHort term. Therefore, tHose trees are felled, removing dangerous, then when the time comes to pruning plain-boiled according to the timetable, ""it will, Mr Juodkienė. Clearing the lines in the village of electricians Pociūnėlių užsitraukė ≥ spotwise anger.","„Negalime taip suplanuoti darbų, kad ir kaip norėtume, kad visos linijos būtų išvalytos tam tikru, labai trumpu laikotarpiu. Todėl tenka tuos medžius kirsti, šalinti pavojingus, genėti tiesiog tada kai ateina laikas pagal grafiką“, – tikina R. Juodkienė. Valydami linijas Pociūnėlių kaime elektrikai užsitraukė ne vieno vietinio pyktį.",Natural Disasters,Ghana,"Ho in Volta Region, Ghana",,,balsas,Balsas - Lithuanian news,Lithuania,General News,webnews,413000541,balsas-13cc5987814f01e30c7b36bea669ea5a
2023-06-18T17:31:09.776Z,Italian,https://www.zazoom.it/2023-06-18/uguanda-attacco-terroristico-contro-una-scuola-strage-di-studenti-41-morti-arsi-vivi-e-aggrediti-col-macete-gruppo-legato-allisis/13074239/,https://portal.who.int/eios/#/items/413000436/uguanda-terrorist-attack-against-a-school-massacre-of-students-41-dead-arsi-live-and-attacked-col-macete-group-linked-to-isis/full-article,"Uguanda, terrorist attack against a school, massacre of students: 41 dead arsi live and attacked col macete. “Group linked to Isis”","Uguanda, attacco terroristico contro una scuola, strage di studenti: 41 morti arsi vivi e aggrediti col macete. “Gruppo legato all'Isis”",,"On Sunday (18 June 2023) the nightmare foisted on Lhubiriha secondary school located in the district of Kasese, Uganda, with devastating consequences. Terrorist attack has left a tragic balance of at least 41 people killed, including 38 students, one policeman and two members of the local community.","(Di domenica 18 giugno 2023) L'incubo si è abbattuto sulla scuola secondaria Lhubiriha situata nel distretto di Kasese, in Uganda, con conseguenze devastanti. Un attacco terroristico ha lasciato un saldo tragico di almeno 41 persone uccise, tra cui 38 studenti , una guardia e due membri della comunità locale.",Terrorist Attack,Uganda,Kasese in Uganda,,,zazoom,Zazoom,Italy,General News,webnews,413000436,zazoom-9847d67f82dcebcaf371189f496e1e63
2023-06-18T17:30:09.235Z,English,https://www.manilatimes.net/2023/06/19/opinion/columns/india-says-no/1896730,https://portal.who.int/eios/#/items/413000360/india-says-no/full-article,India says no,,India has overtaken China as the most populous country in the world. India is now the sixth-largest economy and has assumed greater strategic importance to the West. A US congressional committee has released an invitation to India to become a member of the North Atlantic Treaty Organization (NATO) Plus.,,"INDIA, with an estimated population of 1.4286 billion, has overtaken China with 1.4257 billion, as the most populous country in the world. This could become an irreversible turning point. After the US, China, Japan, Germany and the United Kingdom, India is now the sixth-largest economy and has assumed greater strategic importance to the West.",Coronavirus; Coronavirus Gathering,Australia; Brazil; China; India; Iran (Islamic Republic of); Israel; Japan; Montenegro; New Zealand; Philippines; Republic of Korea; Russian Federation; Serbia; Sri Lanka; Uganda; Ukraine,"China; Montenegro; Australia; Belgrade in Serbia; Brazil; Germany; Israel; Japan; Qarchak in Ostān-e Tehrān, Iran (Islamic Republic of); New Zealand; Philippines; Republic of Korea; Russian Federation; South Africa; Colombo in Sri Lanka; The United Kingdom; Kampala in Uganda; Washington in City of Washington, Washington, Washington, D.C., United States of America; Kiev in Ukraine",Jejomar Binay; Zhou Enlai; Narendra Modi; Josip Broz Tito; Jawaharlal Nehru; Indian Ocean; Vladimir Putin; Joe Biden; Subrahmanyam Jaishankar; Kwame Nkrumah; Gamal Abdel Nasser,United Nations; Cold War; United Nations General Assembly; NATO; Non Aligned Movement,manilatimes,The Manila Times,Philippines,General News,webnews,413000360,manilatimes-2f2607ab96341bcb22a4ec0b68fed738
2023-06-18T17:27:07.208Z,French,https://www.la-croix.com/Debats/Manouchian-Pantheon-memoire-plurielle-2023-06-18-1201272014,https://portal.who.int/eios/#/items/413000263/manouchian-at-pantheon-memory-pluriform/full-article,Manouchian at pantheon: memory pluriform,Manouchian au Panthéon : mémoire plurielle,,"Read also ""Manouchian in the pantheon, this is a tribute to all foreign resistant’ the mémorielle approach, provided that it is to look at history, including its pages less glorious – what did the president of the republic by launching a work on the war....","À lire aussi « Manouchian au Panthéon, c’est un hommage à tous les résistants étrangers » La démarche mémorielle, à condition qu’elle consiste à regarder l’histoire en face, y compris ses pages les moins glorieuses – ce qu’a fait le président de la République en lançant un travail sur la guerre....",Conflict,Algeria; France,Algeria; Rwanda; Germany; France,Victor Hugo; Marie Curie,,la-croix,la-Croix,France,General News,webnews,413000263,la-croix-91a85babc79695355acd362e572209bd
2023-06-18T17:25:06.481Z,Russian,https://tvzvezda.ru/news/20236181919-Bw0xe.html,https://portal.who.int/eios/#/items/413000189/military-doctors-awarded-in-the-zone-of-your-inscrio-ministry-equivalent-terekhin/full-article,Military doctors awarded in the zone of your inscrição ministry-equivalent terekhin,Военных медиков наградили в зоне СВО ведомственными медалями,,"On the day of the health worker the central military district command (ЦВО) borovlyani military medical state awards - terekhin the'rzsz for saving killed and "". Daily@item received dozens of patients in hospital with shrapnel wounds, burns, craniocerebral injuries and fractures.","В День медицинского работника командование Центрального военного округа (ЦВО) наградило военных медиков государственными наградами - медалями «За спасение погибавших». Ежедневно в госпиталь поступают десятки пациентов с осколочными ранениями, ожогами, черепно-мозговыми травмами и переломами.",Humanitarian Aid,Seychelles,"Victoria in English River, Seychelles",Nikolaï Baranov; Vladimir Putin,,tvzvezda,TV Zvezda,Russian Federation,General News,webnews,413000189,tvzvezda-0915856f3f085f7f7eb93a96eb13b5e3
2023-06-18T17:24:06.160Z,English,https://www.theafricareport.com/312922/uganda-drc-border-massacre-casts-doubt-on-musevenis-adf-narrative/,https://portal.who.int/eios/#/items/413000126/ugandadrc-border-massacre-casts-doubt-on-musevenis-adf-narrative/full-article,Uganda/DRC border massacre casts doubt on Museveni’s ADF narrative,,"41 people were killed when a secondary school was raided in Mpondwe, Kasese district on the Uganda-DRC border. Several security agencies suspect that the Allied Democratic Forces (ADF) was behind the brutal attack. If the group is indeed responsible for the on attack the school, located about three kilometres from the border, this will be ADF's second deadliest attack in Uganda.",,"Ugandan security forces stand guard as locals gather at the cordoned scene outside the Mpondwe Lhubirira Secondary School, after militants linked to rebel group Allied Democratic Forces (ADF) killed and abducted multiple people, in Mpondwe, western Uganda, June 17, 2023.",Terrorist Attack,Uganda,"Uganda; Addis Ababa in Addis Ababa, Ethiopia; Cairo in Cairo, Egypt; Abuja in FCT, Nigeria",Yoweri Museveni,Kasese district,theafricareport,The Africa Report,France,General News,webnews,413000126,theafricareport-d85337537661e71ec64d11823d98380c
2023-06-18T17:22:06.701Z,English,https://dailypost.ng/2023/06/18/truck-driver-dies-in-ogun-road-crash/,https://portal.who.int/eios/#/items/413000065/truck-driver-dies-in-ogun-road-crash/full-article,Truck driver dies in Ogun road crash,,"A truck driver has died in a road accident along the Sagamu-Benin highway in Ogun State. The crash, which occurred on Saturday around the Adelex axis in Ikenne Local Government Area, injured two women. A white Man Diesel truck marked AGL 830 XN and an unregistered red Mack truck were involved in the crash.",,"A truck driver has died in a road accident along the Sagamu-Benin highway in Ogun State. The crash, which occurred on Saturday around the Adelex axis in Ikenne Local Government Area, injured two women, DAILY POST learnt. Confirming the incident, the spokesman of the Ogun State Traffic Compliance and....",Man-Made Disasters; Road Traffic Accidents,Nigeria,"Ikenne in Ogun State, Nigeria; Oyo in Oyo State, Nigeria; Sagamu in Ogun State, Nigeria",Babatunde Akinbiyi,Local Government Area,dailypost,DailyPost Nigeria,Nigeria,General News,webnews,413000065,dailypost-02eb6719db3692a9d1491335628bf96d
2023-06-18T17:20:07.173Z,Spanish; Castilian,https://tribunademexico.com/ciclon-tropical-atlantico/,https://portal.who.int/eios/#/items/412999961/on-the-verge-of-formarse-tropical-cyclone-in-the-atlantic/full-article,On the verge of formarse tropical cyclone in the atlantic,A punto de formarse ciclón tropical en el Atlántico,,"The National Hurricane Center (NHC) of the united states issued this Sunday an alert on the increase in the development of the tropical wave travelling from the south of the islands of cape Verde, with an increase in the likelihood of the formation of a tropical cyclone, which is already 90% in the next seven days.","El Centro Nacional de Huracanes (NHC) de Estados Unidos emitió este domingo una alerta sobre el incremento en el desarrollo de la onda tropical que viaja por el sur de las islas del Cabo Verde, con un alza en la probabilidad de la formación de un ciclón tropical, que ya es del 90% en los próximos siete días.",Cyclonic storm; Hurricanes; Tropicaldiseases,Cabo Verde; Colombia,"Atlántico in Atlántico, Colombia; United States of America; Cabo Verde",,National Hurricane Center,tribunadelapaz,Noticias en La Paz y Baja California Sur-Tribuna de La Paz,Mexico,General News,webnews,412999961,tribunadelapaz-145161445392f4a5e99eb533e40969c8
2023-06-18T17:20:09.188Z,French,https://www.lemonde.fr/les-decodeurs/article/2023/06/18/missak-manouchian-au-pantheon-le-tunnel-lyon-turin-attaque-djihadiste-en-ouganda-les-cinq-infos-a-retenir-du-week-end_6178191_4355770.html,https://portal.who.int/eios/#/items/412999981/missak-manouchian-at-pantheon-the-tunnel-lyon-turin-jihadist-attack-in-ouganda-five-infos-folr-weekend/full-article,"Missak Manouchian at pantheon, the tunnel Lyon-Turin, jihadist attack in oUganda… five infos folr weekend","Missak Manouchian au Panthéon, le tunnel Lyon-Turin, attaque djihadiste en Ouganda… Les cinq infos à retenir du week-end",,"You have a little won the topical these last two days? You clashes here the main information the weekend of Saturday and Sunday 17 18 June. Missak Manouchian, resistance hero of armenian origin, in the pantheon Military leader of a group of resistant aliens in region....","Vous avez un peu décroché de l’actualité ces deux derniers jours ? Nous vous résumons les principales informations du week-end des samedi 17 et dimanche 18 juin. Missak Manouchian, héros de la Résistance d’origine arménienne, au Panthéon

Chef militaire d’un groupe de résistants étrangers en région....",Conflict,Uganda,"Uganda; Ivry-sur-Seine in Val-de-Marne, Île-de-France, France; France; Modane in Fourneaux, Arrondissement de Saint-Jean-de-Maurienne, Savoy, Auvergne-Rhône-Alpes, France; Italy; Turin in Torino, Turin, Piedmont, Italy; Susa in Turin, Piedmont, Italy",Olivier Chassignole; Francois Ravier,,LeMonde,Le Monde,France,General News,webnews,412999981,LeMonde-bbf43489313341ea5326f3464e34c0cf
2023-06-18T17:19:07.110Z,English,https://www.kuwaittimes.com/benin-feeling-the-pinch-as-nigeria-ends-fuel-subsidies/,https://portal.who.int/eios/#/items/412999905/benin-feeling-the-pinch-as-nigeria-ends-fuel-subsidies/full-article,Benin feeling the pinch as Nigeria ends fuel subsidies,,"Nigeria’s new president Bola Ahmed Tinubu abruptly ended long-standing subsidy on petrol two weeks ago. Since then, prices of black market fuel over the border in Benin have also doubled. Beninese President Patrice Talon recently dismissed his foreign minister. Rice imports are officially banned in Nigeria, which is trying to encourage local production.",,"COTONOU: Sitting on top of a yellow jerry can of fuel, Jeannine waits for customers on a sidewalk in Benin’s economic capital Cotonou, but business is slow. The motorbikes and cars she normally supplies are no longer stopping to stock up on her cheap gasoline, which is smuggled in from neighboring Nigeria.",Travel Restrictions,Benin; Nigeria,Nigeria; Cameroon,Bola Ahmed Tinubu; Muhammadu Buhari; Patrice Talon; Wilfried Houngbedji,,kuwaittimes,Kuwait Times Newspaper,Kuwait,General News,webnews,412999905,kuwaittimes-4c6f973d52597ac65ad3feb48390d1fb
2023-06-18T17:17:05.226Z,English,https://www.sciencedirect.com/science/article/abs/pii/S1386142523007254?dgcid=rss_sd_all,https://portal.who.int/eios/#/items/412999845/multicolor-emission-based-nitrogen-sulfur-and-boron-co-doped-photoluminescent-carbon-dots-for-sequential-sensing-of-fe3-and-cysteine-rgb-color-sensor/full-article,"Multicolor emission-based Nitrogen, Sulfur and Boron co-doped photoluminescent carbon dots for sequential sensing of Fe3+ and Cysteine: RGB color sensor and live cell imaging",,"Carbon dots (CDs) have attracted substantial interest and their potential as fluorescent materials is expected to increase due to low toxicity and tunable surface functional groups. Cysteine (Cys) is one of the richest intracellular biothiols, with numerous functions, including metal binding, detoxification, protein synthesis, and metabolism. Overabundance or absence of Cys can lead to several diseases (including anemia, diabetes, heart failure, and cardiovascular disease)",,"Introduction Carbon nanomaterials, which are mostly composed of carbon nanotubes, fullerenes, graphene, and carbon nanofilms, are promising scaffolds with diameters smaller than 10 nm and have been essential components in several applications, including biological markers, biochemistry, and biomedicine [1].",Nitrogen; Phosphorus and its compounds; Sodium; Sulfur,Republic of Korea; Saudi Arabia; Sierra Leone,"Bo in Southern Province, Sierra Leone; Republic of Korea",Rizwan Khan; Mohammad Rizwan; Riyadh Saudi,Saud University; Chemical company,sciencedirect-spectrochimica,Spectrochimica Acta Part A: Molecular and Biomolecular Spectroscopy,The United Kingdom,Medical,Medical,412999845,sciencedirect-spectrochimica-019e1f7c398e0a11638fc2161cc4bb71
2023-06-18T17:16:05.103Z,English,https://www.premiumtimesng.com/news/top-news/605232-profile-meet-salma-anas-president-tinubus-special-adviser-on-health.html,https://portal.who.int/eios/#/items/412999835/profile-meet-salma-anas-president-tinubus-special-adviser-on-health/full-article,"PROFILE: Meet Salma Anas, President Tinubu’s special adviser on health",,Salma Anas is director of Family Health Services at the Federal Ministry of Health. She is a former Commissioner for Health in Borno State. Her portfolio is to advise the President on health matters. Mr Tinubu’s choice has been hailed by many stakeholders who described the action as a step in the right direction.,,"on Thursday named eight special advisers, including Salma Anas, director of Family Health Services at the Federal Ministry of Health (FMOH). A former Commissioner for Health in Borno State, Mrs Anas’ portfolio is to advise the President on health matters.",Poliomyelitis,Nigeria,"Maiduguri in Borno State, Nigeria",Air Commodore; Kashim Shettima; Vivianne Ihekweazu,United Nations; Nigerian Air; Ministry of Health; UNFPA; Air Force,premiumtimesng,Premium Times Nigeria,Nigeria,General News,webnews,412999835,premiumtimesng-98133e945e44cadab18a0cb0ddbb7d9e
2023-06-18T17:12:04.911Z,English,https://www.archyde.com/tag/west-africa/,https://portal.who.int/eios/#/items/412999770/west-africa/full-article,West Africa,,"Scientists in developing countries recently received new funding to study potentially dangerous ways to slow the pace of global warming. The method is “solar geoengineering,” which involves artificially blocking sunlight by releasing reflective chemicals such as sulfur particles into the atmosphere. Ninety victims, including 56 minors, victims of sexual exploitation and forced labor, were “rescuedduring an operation carried out by Interpol in four West African countries in early December”",,"Oslo (8th Thomson Reuters Foundation) – Scientists in developing countries recently received new funding to study potentially dangerous ways to slow the pace of global warming. I put it in. The method is “solar geoengineering,” which involves artificially blocking sunlight by releasing reflective....",Sulfur,Bangladesh; Burkina Faso; Norway; Senegal,"Oslo in Oslo County, Norway; Ouagadougou in Centre, Burkina Faso; Dakar in Dakar, Senegal; Benin",Aminata Toure; Ibrahim Traore; Vincent Bado,Interpol; Reuters Group; The Thomson Corporation; International Finance Corporation; World Trade Organization; IFC,archyde,archyde,United States of America,General News,webnews,412999770,archyde-0df8075d995759dd158506db742167d3
2023-06-18T17:08:03.629Z,English,https://www.yorkpress.co.uk/news/national/23596936.ugandan-border-town-prepares-bury-victims-rebel-massacre/,https://portal.who.int/eios/#/items/412999660/ugandan-border-town-prepares-to-bury-victims-of-rebel-massacre/full-article,Ugandan border town prepares to bury victims of rebel massacre,,"One of eight people wounded in Friday night’s attack on Lhubiriha Secondary School had died overnight, mayor Selevest Mapoze said. Security forces were said to be stepping up patrols along the frontier with volatile eastern Congo. Ugandan authorities believe at least six students were abducted, taken as porters back to Congo.",,"One of eight people wounded in Friday night’s attack on Lhubiriha Secondary School – located just over a mile from the Congo border – had died overnight, Mpondwe-Lhubiriha mayor Selevest Mapoze said. Security forces were said to be stepping up patrols along the frontier with volatile eastern Congo.",Conflict; Terrorist Attack,Congo; Uganda,Uganda; Congo; Most in Czechia; Democratic Republic of the Congo,Antonio Guterres; Yoweri Museveni,,yorkpress,The Press,The United Kingdom,European News,webnews,412999660,yorkpress-950db336adb9701516d4501e9a99f39b
2023-06-18T17:10:04.291Z,English,https://ubc.go.ug/2023/06/18/statement-from-h-e-the-president-on-the-kasese-adf-attack/,https://portal.who.int/eios/#/items/412999705/statement-from-he-the-president-on-the-kasese-adf-attack/full-article,STATEMENT FROM H.E THE PRESIDENT ON THE KASESE ADF ATTACK,,"President Museveni has made a significant statement addressing the escalating situation in Kasese involving rebel groups. In this comprehensive statement, the President provides insights into the ongoing conflict, outlining the actions taken by the government and emphasizing the need for a strategic approach to counter the rebels’ activities. Let us delve into the details of the President’s statement and gain a deeper understanding of the measures proposed to address the challenges posed by the rebel groups in Kasinge.",,"President Museveni has made a significant statement addressing the escalating situation in Kasese involving rebel groups. In this comprehensive statement, the President provides insights into the ongoing conflict, outlining the actions taken by the government and emphasizing the need for a strategic approach to counter the rebels’ activities.",Terrorist Attack,Congo; Uganda,Entebbe in Uganda; Ntoroko in Uganda; Uganda,Peter Hunter,Congo government,ubc-ug,Ugandan Broadcasting Cooperation,Uganda,General News,webnews,412999705,ubc-ug-2ead0188fcf5b6aa1cb977bb0ff4c16a
2023-06-18T17:05:04.563Z,Arabic,https://www.enabbaladi.net/archives/646558,https://portal.who.int/eios/#/items/412999590/307/full-article,“القرار 307” يعطّل أدوار نقابة مهندسي إدلب,,,,تدقيق جميع المخططات الهندسية الخاصة بالمعاملات الإدارية في وزارة الإدارة المحلية، وتدقيق دراسات المشاريع الهندسية في جميع فطاعات العمل. منح مزاولة المهنة للكوادر الهندسية بجميع الاختصاصات. تصنيف المكاتب والشركات الهندسية ومنح الرتب الهندسية للمهندسين بمختلف اختصاصاتهم. إقامة الدورات التدريبية والبرامج التأهيلية لجميع الاختصاصات الهندسية.,Earthquakes; Natural Disasters,Mali; Morocco; Syria,"El Jadid in Morocco; Syria; Ma‘arrat an Nu‘mān in Idlib, Syria; Salqīn in Idlib, Syria; Ath Thawrah in Ar-Raqqah, Syria; Aleppo in Aleppo, Syria; Mali",Hafez al Assad,Shura Council,enabbaladi,enabbaladi,Syria,General News,webnews,412999590,enabbaladi-ab12d3626639776a0ae01a5a0da6bb32
2023-06-18T17:05:03.173Z,English,https://www.independent.co.ug/odpp-celebrates-candlelight-day/,https://portal.who.int/eios/#/items/412999581/odpp-celebrates-candlelight-day/full-article,ODPP celebrates candlelight day,,"The Office of the Director of Public Prosecutions (ODPP) through its HIV Prevention and Care Committee on June 12th at the office of the RSA Gulu, joined the rest of the world to celebrate the International Candlelight Memorial Day. ODPP Regional Officer, Rukundo Martin welcomed all the Governance and Security Programme actors and encouraged them to participate in the HIV testing, cervical screening and counseling services.",,"The ODPP Regional Officer, Rukundo Martin. Kampala, Uganda | THE INDEPENDENT | The Office of the Director of Public Prosecutions (ODPP) through its HIV Prevention and Care Committee on June 12th at the office of the RSA Gulu, joined the rest of the world to celebrate the International Candlelight....",HIV infection-AIDS,Uganda,Kampala in Uganda; Gulu in Uganda,,Director of Public Prosecutions; The Independent,independent-UG,The Independent,Uganda,General News,webnews,412999581,independent-UG-230a33fc119ef86721da89a41f6d441b
2023-06-18T17:05:02.677Z,French,http://www.rnanews.com/proces-hategekimana-manier-pour-genocide-a-paris-16-juin-2023-j25/,https://portal.who.int/eios/#/items/412999577/procs-hategekimanamanier-pour-gnocide-paris-16-juin-2023-j25/full-article,"Procès Hategekimana/Manier pour génocide à Paris, 16 juin 2023. J25",,,,"Audition de Marie INGABIRE, constituée partie civile. Audition de Gloriose MUSENGAYIRE, constituée partie civile. Audition de Pierre LAURENT, expertise balistique. Audition de Josias Semujanga, professeur à l’Université de Montréal. Audition de madame Marie Ingabire, souhaite se constituer partie....",Conflict; Genocide; Refugees and Internally Displaced Persons,Burundi; Canada; France; Rwanda,"Nyanza in Southern Province, Rwanda; Gikongoro in Southern Province, Rwanda; Butare in Southern Province, Rwanda; Paris in Paris, Paris, Île-de-France, France; Gitarama in Southern Province, Rwanda; Burundi; Canada; Uganda; Congo; Democratic Republic of the Congo",Colette Braeckman; Christ Roi; Pierre Laurent; Jacques Bigot; Alain Gauthier; Hannah Arendt,,rnanews,Rwanda News Agency,Rwanda,General News,webnews,412999577,rnanews-3e231ab95de12dc4b8e5e0ef99964602
2023-06-18T16:58:01.013Z,Spanish; Castilian,https://www.soy502.com/articulo/papa-francisco-reaparecio-ante-fieles-tras-operacion-101567-0,https://portal.who.int/eios/#/items/412999366/the-pope-francis-reappears-this-sunday/full-article,The Pope Francis reappears this Sunday,El papa Francisco reaparece este domingo,,"The pope chaired the praying the Ángelus, demanded aid for refugees and condemned the brutal attack on a school in Uganda Te: Pope Francisco leaves hospital after days complicated the Pope Francisco reappeared today before the faithful after its recent hernia operation to preside over....","El pontífice presidió el rezo del Ángelus, exigió ayudas para los refugiados y condenó el brutal ataque contra una escuela en Uganda Te interesa: Papa Francisco deja el hospital tras días complicados El papa Francisco reapareció hoy ante los fieles tras su reciente operación de hernia para presidir....",Adolescents; Pneumonia; Refugees and Internally Displaced Persons; TravelHealth,Holy See; Mongolia; Portugal; Uganda,"Uganda; Mongolia; Lisbon in Lisbon, Portugal; France; Roma in Rome, Rome, Latium, Italy",Pope Francis; Luiz Inacio Lula da Silva,,soy502,Soy502 - Noticias sobre Guatemala,Guatemala,General News,webnews,412999366,soy502-c01e532622214f13b4e86bdd63b03e1f
2023-06-18T16:57:03.406Z,Arabic,https://gate.ahram.org.eg/News/4335666.aspx,https://portal.who.int/eios/#/items/412999342/2023/full-article,تنزانيا تفلت من فخ النيجر وتنعش آمالها في بلوغ نهائيات أمم إفريقيا 2023 |,,,,أنعش منتخب تنزانيا آماله في التأهل لنهائيات كأس الأمم الأفريقية لكرة القدم، المقرر إقامتها في كوت ديفوار مطلع العام المقبل، عقب فوزه الثمين 1 / صفر على ضيفه منتخب النيجر، اليوم الأحد، في الجولة الخامسة (قبل الأخيرة) لمنافسات المجموعة السادسة بالتصفيات المؤهلة للمسابقة القارية.,Conflict; Disabilities,Algeria; Niger; Uganda; United Republic of Tanzania,United Republic of Tanzania; Uganda; Algeria; Côte d’Ivoire; Niger,,,gate-ahram,gate-ahram,Egypt,General News,webnews,412999342,gate-ahram-ac9f4bd658420e7a64fcaa5312e5e551
2023-06-18T16:56:01.382Z,French,https://www.radiookapi.net/2023/06/18/actualite/securite/djugu-les-fardc-se-lancent-la-traque-du-groupe-arme-codeco,https://portal.who.int/eios/#/items/412999312/djugu-the-fardc-embark-on-the-tracking-of-armed-group-codeco/full-article,Djugu: the FARDC embark on the tracking of armed group codeco,Djugu : les FARDC se lancent à la traque du groupe armé CODECO,,"The armed Forces of the democratic republic of the Congo (FARDC) have launched, Saturday morning 17 June, an offensive against the CODECO armed group in the village of Petro and its periphery, to the territory of Ituri (Djugu), indiquent military sources. At least seven localities employed by the militia.","Le Forces armées de la République démocratique du Congo (FARDC) ont lancé, samedi matin 17 juin, une offensive contre le groupe armé CODECO dans le village de Petro et sa périphérie, au territoire de Djugu (Ituri), indiquent des sources militaires. Au moins sept localités occupées par cette milice....",Children-Youth; Conflict,Congo; Democratic Republic of the Congo,"Congo; Bunia in Nord Kivu, Democratic Republic of the Congo",,,radiookapi,Radio Okapi,Democratic Republic of the Congo,General News,webnews,412999312,radiookapi-448c81c7e28dea566c734d495d8942e1
2023-06-18T16:56:01.492Z,French,https://www.radiookapi.net/2023/06/18/actualite/securite/ouganda-apres-le-massacre-de-37-ecoliers-par-les-adf-lupdf-appelle-la,https://portal.who.int/eios/#/items/412999313/uganda-after-the-massacre-of-37-schoolchildren-by-the-adf-the-updf-calls-the-population-to-altertness/full-article,"Uganda: after the massacre of 37 schoolchildren by the ADF, the UPDF calls the population to altertness","Ouganda: après le massacre de 37 écoliers par les ADF, l’UPDF appelle la population à la vigilance",,"The Ugandan army (UPDF) called, on Saturday 17 June the population of Bwera (Uganda) to ""vigilance and report any suspected person in their entities."" This appeal was launched by the général-major Dick Olum, commander of the quota UPDF engaged jointly with the FARDC in operations.","L’armée Ougandaise (UPDF) a appelé, samedi 17 juin la population de Bwera(Ouganda) à « la vigilance et à dénoncer toute personne suspecte dans leurs entités ». Cet appel a été lancé par le général-major Dick Olum, commandant du contingent UPDF engagé conjointement avec les FARDC dans les opérations....",Conflict,Democratic Republic of the Congo; Uganda,"Uganda; Congo; Ituri in Nord Kivu, Democratic Republic of the Congo; Nord-Kivu in Democratic Republic of the Congo",Dick Olum,,radiookapi,Radio Okapi,Democratic Republic of the Congo,General News,webnews,412999313,radiookapi-34e6a60996c5c7d9b1fa0848d3b80c96
2023-06-18T16:56:01.602Z,French,https://www.radiookapi.net/2023/06/18/actualite/securite/ituri-la-societe-civile-de-mambasa-annonce-lintegration-de-pres-de,https://portal.who.int/eios/#/items/412999314/ituri-civil-society-of-mambasa-announces-integration-of-nearly-1000-mai-mai-militiamen-ddrcs-program/full-article,Ituri: civil society of Mambasa announces integration of nearly 1000 Mai-Mai militiamen DDRCS program,Ituri : la société civile de Mambasa annonce l’intégration de près de 1000 miliciens Mai-Mai au programme DDRCS,,"More than a thousand militia Mai-Mai armed groups which a dozen children are grouped, for a few days, Kasoko in the chefferie of Babila Babombi, Mambasa (Ituri) where they hope to integrate the Programme of demobilization, disarmament, increase community and stabilisation (P - DDRCS), according to civil society in Mambasa.","Plus de mille miliciens des groupes armés Mai-Mai dont une dizaine d’enfants se sont regroupés, depuis quelques jours, à Kasoko, dans la chefferie de Babila Babombi, à Mambasa(Ituri) où ils espèrent intégrer le Programme de démobilisation, désarmement, relèvement communautaire et stabilisation(P-DDRCS), selon la société civile de Mambasa.",Conflict,Democratic Republic of the Congo,"Ituri in Nord Kivu, Democratic Republic of the Congo",John Vuleverio,,radiookapi,Radio Okapi,Democratic Republic of the Congo,General News,webnews,412999314,radiookapi-170c1b0d83b09a35d21419ca4e019c3e
2023-06-18T16:54:01.896Z,Arabic,https://www.elaosboa.com/971287/,https://portal.who.int/eios/#/items/412999269/2023/full-article,غانا تتعادل مع مدغشقر وتشعل صراع التأهل إلى كأس أمم إفريقيا 2023,,,,سقط منتخب غانا في فخ التعادل السلبي مع مضيفه منتخب مدغشقر، اليوم الأحد، في الجولة الخامسة قبل الأخيرة، بالمجموعة الخامسة من التصفيات المؤهلة لبطولة كأس الأمم الأفريقية لكرة القدم، المقررة في كوت ديفوار مطلع العام القادم. وعجز كلا المنتخبين عن هز الشباك على مدار شوطي المباراة، بعدما تبارى لاعبوهما في....,Conflict; Disabilities,Ghana; Madagascar,Ghana; Côte d’Ivoire; Angola; Madagascar,,,qaliubiya,qaliubiya,Egypt,General News,webnews,412999269,qaliubiya-629f7b8f4ba6cbbdb96336174b77e92e
2023-06-18T16:52:15.629Z,Portuguese,http://www.lilpastanews.net/2023/06/cristino-ndeitunga-sambwako-desviou-de.html,https://portal.who.int/eios/#/items/412999169/ndeitunga-cristino-sambwako-diverted-funds-to-combat-drought-in-cunene/full-article,Ndeitunga Cristino Sambwako diverted funds to combat drought in cunene,Cristino Ndeitunga Sambwako desviou de fundos para combate a seca no cunene,,"The fight against corruption has been one of the main priorities of the government led by angolan president, comrade João Lourenço, and her party, the Popular movement for the liberation of Angola (MPLA). The fight against corruption is fundamental to promote transparency, sustainable development and ensure A fairer society.","A luta contra a corrupção tem sido uma das principais prioridades do governo liderado pelo presidente de Angola, Camarada João Lourenço, e seu partido, o Movimento Popular de Libertação de Angola (MPLA). O combate à corrupção é fundamental para promover a transparência, o desenvolvimento sustentável e garantir uma sociedade mais justa.",Drought,Angola,"Luanda in Luanda, Angola",João Lourenço,,LilPastaNews,Lil Pasta News,Angola,General News,webnews,412999169,LilPastaNews-66ad4129efed19d0bdebc5df3fdfdef4
2023-06-18T16:52:20.616Z,English,https://chimpreports.com/kasese-attack-museveni-hints-on-intelligence-failure/?utm_source=rss&utm_medium=rss&utm_campaign=kasese-attack-museveni-hints-on-intelligence-failure,https://portal.who.int/eios/#/items/412999218/kasese-attack-museveni-hints-on-intelligence-failure/full-article,Kasese Attack: Museveni Hints on Intelligence Failure,,"Museveni appears to attribute the ADF attack on Mpondwe Lhubirira Secondary School in Kasese district to an intelligence failure. In his first remarks since Friday’s attack in which 37 students were killed by ADF militants, Museveni said the ‘criminal and cowardly scheme would not, however, have succeeded’ He asked: ‘Was an alarm sounded and by whom?'",,"President Museveni appears to attribute the ADF attack on Mpondwe Lhubirira Secondary School in Kasese district to an intelligence failure. In his first remarks since Friday’s attack in which 37 students were killed by ADF militants, Museveni said the “criminal and cowardly scheme would not,....",Terrorist Attack,Congo; Uganda,Kasese in Uganda; Ntoroko in Uganda; Uganda; Entebbe in Uganda,Yoweri K Museveni; Peter Hunter,Police Post; Kasese district; Police Division; Congo government,chimpreports,chimpreports,Uganda,General News,webnews,412999218,chimpreports-4c535e7a3b9ea07c4bd39beccc9b40cc
2023-06-18T16:45:14.145Z,Arabic,https://www.akhersaa-dz.com/2023/06/18/%d8%b9%d9%86%d8%a7%d8%a8%d8%a9-20%d8%b3%d9%86%d8%a9-%d8%b3%d8%ac%d9%86%d8%a7-%d9%86%d8%a7%d9%81%d8%b0%d8%a7-%d9%84%d9%82%d8%a7%d8%aa%d9%84-%d8%b7%d9%84%d9%8a%d9%82%d8%aa%d9%87-%d8%a8%d8%ad/,https://portal.who.int/eios/#/items/412998847/20/full-article,عنابة: 20سنة سجنا نافذا لقاتل طليقته بحي مرزوق عمار,,,,Want create site? Find and plugins. Free WordPress Themes توافد صبيحة اليوم الأحد عدد من أصحاب الجبّة السوداء بالإضافة إلى الأطراف المدنيّة على مجلس قضاء عنابة من أجل إلقاء نظرة على جلسة محاكمة الشاب الذي أزهق روح طليقته بطريقة وحشيّة في حيّ مرزوق عمار التابع لبلديّة سيدي عمار فتحت هيئة محكمة....,Conflict,Algeria,"Annaba in Annaba, Algeria; Al Bāb in Aleppo, Syria",ابن رشد,,akhersaa-dz,akhersaa,Algeria,General News,webnews,412998847,akhersaa-dz-18b2c88f3f5bfe1dae8a0c65c34f9f76
2023-06-18T16:45:14.745Z,French,https://www.tsa-algerie.com/canicule-une-vague-de-chaleur-deferle-sur-lalgerie/,https://portal.who.int/eios/#/items/412998856/heatwave-a-heatwave-is-sweeping-algeria/full-article,Heatwave: a heatwave is sweeping algeria,Canicule : une vague de chaleur déferle sur l’Algérie,,"The summer moves before the hour in algeria. While the spring is on its last days, a wave of exceptional heat is sweeping the northern algeria since Saturday with temperatures can reach 44° C in certain regions of the country. Without transition, algeria faces a....","L’été s’installe avant l’heure en Algérie. Alors que le printemps vit ses derniers jours, une vague de chaleur exceptionnelle déferle sur le Nord de l’Algérie depuis samedi avec des températures pouvant atteindre 44° C dans certaines régions du pays. Sans transition, l’Algérie fait face à une....",Natural Disasters; People with comorbidities,Algeria,"Bejaïa in Algeria; Annaba in Annaba, Algeria; Tissemsilt in Algeria; Souk Ahras in Algeria; Blida in Algeria; Algiers in Algiers, Algeria; El Tarf in Algeria; Jijel in Algeria; Tipasa in Algeria; Guelma in Algeria; Skikda in Algeria; Aïn Defla in Aïn Defla, Algeria; ash-Shalif in Algeria; Tiaret in Algeria; Tizi Ouzou in Algeria",,Facebook,tsa-algerie,Tout sur l'Algerie,Algeria,General News,webnews,412998856,tsa-algerie-461df814d713667404a4d58a9a3d61d2
2023-06-18T16:44:14.624Z,French,https://news.abidjan.net/articles/721565/inondation-katinan-kone-decouvre-lampleur-du-drame-qui-frappe-les-quartiers-de-port-bouet,https://portal.who.int/eios/#/items/412998800/abidjan-net-18-june-2023-flood-katinan-kon-discovers-the-scale-of-the-drama-that-hits-the-stadtteile-port-bout/full-article,Abidjan. net - 18 June 2023 flood: Katinan Koné discovers the scale of the drama that hits the stadtteile port-bouët,Abidjan.net - 18 juin 2023 Inondation : Katinan Koné découvre l'ampleur du drame qui frappe les quartiers de Port-Bouët,,"This Saturday 17 June 2023, Justin Katinan Kone, declared candidate of PPA-CI, the party of president Laurent Gbagbo, the municipal of 02 September 2023 to Port-Bouët, went to see for himself the extent of direct and collateral damage caused by the significant rainfall which slaughters....","Ce samedi 17 juin 2023, Justin Katinan Koné, candidat déclaré du PPA-CI, le parti du Président Laurent Gbagbo, aux municipales du 02 Septembre 2023 à Port-Bouët, est allé se rendre compte par lui-même de l'étendue des dégâts directs et collatéraux causés par l'importante pluviométrie qui s'abat....",Floods; Natural Disasters; Refugees and Internally Displaced Persons,Côte d’Ivoire,Abidjan in Côte d’Ivoire; Koné in New Caledonia,Justin Katinan Kone; Laurent Gbagbo; Jesus Christ,,abidjan,Abidjan,Côte d’Ivoire,General News,webnews,412998800,abidjan-b9b4c3e368e60afd19c6fd807a473152
2023-06-18T16:44:15.149Z,French,https://news.abidjan.net/articles/721562/le-maire-de-ndouci-invite-les-populations-a-quitter-les-zones-a-risques-dinondation,https://portal.who.int/eios/#/items/412998804/aip-18-june-2023-the-mayor-of-blunted-invites-people-to-leave-areas-to-flood-risks/full-article,Aip - 18 June 2023 the mayor of blunted invites people to leave areas to flood risks,AIP - 18 juin 2023 Le maire de N'douci invite les populations à quitter les zones à risques d'inondation,,"Tiassalé (AIP) - the mayor of not blunted, am Marcelin Oboumou Golé, invited the populations of the areas potentially at risk of flooding, to leave the premises before the torrential rain announced do damage. Recalling that the efforts of construction and curage of caniveaux were....","Tiassalé (AIP) - Le maire de N'douci, Me Marcelin Oboumou Golé, a invité les populations des zones potentiellement à risques d'inondation, à quitter les lieux avant que les pluies diluviennes annoncées ne fassent des dégâts. Rappelant que des efforts de construction et de curage de caniveaux ont été....",Floods; Natural Disasters,Côte d’Ivoire,"Tiassalé in Lagunes, Côte d’Ivoire",,,abidjan,Abidjan,Côte d’Ivoire,General News,webnews,412998804,abidjan-eeb9fb91176c3676932f1e08bd1854f3
2023-06-18T16:44:14.729Z,French,https://news.abidjan.net/articles/721560/sensibilisation-a-bondoukou-sur-la-lutte-contre-lextremisme-violent-et-la-denonciation-des-suspects,https://portal.who.int/eios/#/items/412998801/aip-18-june-2023-awareness-to-bondoukou-on-the-fight-against-violent-extremism-and-denunciation-of/full-article,Aip - 18 June 2023 awareness to Bondoukou on the fight against violent extremism and denunciation of...,AIP - 18 juin 2023 Sensibilisation à Bondoukou sur la lutte contre l'extrémisme violent et la dénonciation des...,,"Bondoukou (AIP) - a delegation of the national Commission to combat the proliferation and the illicit control of small arms and light weapons (salw) ComNat - led by its responsible for communication, Beka Alexis romeo, awakened carriers and community leaders of Bondoukou....","Bondoukou (AIP) - Une délégation de la Commission nationale de lutte contre la prolifération et la lutte illicite des armes légères et de petit calibre (ComNat-ALPC), conduite par son chargé de communication, Beka Alexis Roméo, a sensibilisé les transporteurs et les chefs de communautés de Bondoukou....",Terrorist Attack,Côte d’Ivoire,"Bondoukou in Zanzan, Côte d’Ivoire",,Economic Community of West African States,abidjan,Abidjan,Côte d’Ivoire,General News,webnews,412998801,abidjan-0c6641ac8199322db1c786e75206222f
2023-06-18T16:44:14.839Z,French,https://news.abidjan.net/articles/721561/journee-mondiale-du-donneur-de-sang-le-responsable-de-lantenne-de-transfusion-sanguine-de-toumodi-plaide-pour-lobtention-dune-centrifugeuse,https://portal.who.int/eios/#/items/412998802/aip-18-june-2023-world-day-blood-donor-the-responsible-antenna-blood-transfusion-toumodi-of/full-article,Aip - 18 June 2023 world day blood donor: the responsible antenna blood-transfusion Toumodi of...,AIP - 18 juin 2023 Journée mondiale du donneur de sang: le responsable de l'antenne de transfusion sanguine de Toumodi...,,"© AIP by Guy Lasme governmental activities: the minister Alain Logbognon initiates the operation ""a million pockets of blood young."" Thursday 21 March 2013, university Felix Houphouet Boigny. Abidjan-cocody. The ministry for the Promotion of youth, Sports and leisure, in partnership with the....","© AIP Par Guy Lasme Activités gouvernementales : Le Ministre Alain Logbognon initie l’opération « Un million de poches de sang jeune. » Jeudi 21 mars 2013, Université Félix Houphouët Boigny. Abidjan-Cocody. Le Ministère de la Promotion de la Jeunesse, des Sports et Loisirs, en partenariat avec le....",Adolescents; MPHOTransplantationDonation,Côte d’Ivoire,Toumodi in Côte d’Ivoire,Felix Houphouet Boigny,,abidjan,Abidjan,Côte d’Ivoire,General News,webnews,412998802,abidjan-0be2e6a50495fcb5e651aa0c61676e4f
2023-06-18T16:44:14.984Z,French,https://news.abidjan.net/articles/721566/compassion-les-etudiants-sinistres-de-port-bouet-2-recoivent-le-soutien-de-katinan-kone,https://portal.who.int/eios/#/items/412998803/abidjan-net-18-june-2023-compassion-students-victims-of-port-bout-2-benefit-the-support-of-katinan-kon/full-article,Abidjan. net - 18 June 2023 Compassion: students victims of Port-Bouët 2 benefit the support of Katinan koné,Abidjan.net - 18 juin 2023 Compassion : les étudiants sinistrés de Port-Bouët 2 recoivent le soutien de Katinan Koné,,"This Saturday 17 June 2023, is a day to mark a milestone in the annals of students of the university residence of Port-Bouët 2, Port-Bouët. But also in those of the ex minister Justin Katinan Kone, declared candidate of PPA-CI, the new party of president Laurent Gbagbo, the municipal of 02 September 2023 to Port-Bouët.","Ce samedi 17 juin 2023, est un jour à marquer d'une pierre blanche dans les annales des étudiants de la résidence Universitaire de Port-Bouët 2, à Port-Bouët. Mais aussi, dans ceux de l'ex ministre Justin Katinan Koné, candidat déclaré du PPA-CI, le nouveau parti du Président Laurent Gbagbo, aux municipales du 02 Septembre 2023 à Port-Bouët.",Natural Disasters; Refugees and Internally Displaced Persons,Côte d’Ivoire; Pakistan,Abidjan in Côte d’Ivoire; Pakistan; Koné in New Caledonia,Justin Katinan Kone; Laurent Gbagbo,,abidjan,Abidjan,Côte d’Ivoire,General News,webnews,412998803,abidjan-22a83741db5f56324db60a151dd66b19
2023-06-18T16:43:17.239Z,Arabic,https://arabi21.com/story/1519325/%D8%A7%D9%84%D8%B3%D9%8A%D9%86%D8%A7%D8%B1%D9%8A%D9%88%D9%87%D8%A7%D8%AA-%D8%A7%D9%84%D8%B1%D8%A6%D8%A7%D8%B3%D9%8A%D8%A9-%D8%A7%D9%84%D9%85%D8%AD%D8%AA%D9%85%D9%84%D8%A9-%D9%81%D9%8A-%D9%84%D8%A8%D9%86%D8%A7%D9%86-%D8%A8%D8%B9%D8%AF-%D8%AC%D9%84%D8%B3%D8%A9-%D8%A7%D9%84%D8%A3%D8%B1%D8%A8%D8%B9%D8%A7%D8%A1,https://portal.who.int/eios/#/items/412998786/title/full-article,السيناريوهات الرئاسية المحتملة في لبنان بعد جلسة الأربعاء,,,,".

فشل البرلمان اللبناني في انتخاب رئيس للمرة الثانية عشرة- جيتي.

تزامناً مع فشل لانتخاب الرئيس في لبنان ، تصاعدت النقاشات الإقليمية والدولية حول فرض عقوبات جديدة على القيادات السياسية، وخصوصاً الأطراف الدولية المشاركة في الخلية الخماسية التي اجتمعت في باريس مطلع شباط/ فبراير الماضي، وأبرز تلك....",Conflict,France; Israel; Lebanon; Mali; Qatar; Saudi Arabia; United States of America,"Lebanon; Paris in Paris, Paris, Île-de-France, France; Israel; Doha in Ad Dawḩah al Jadīdah, Doha, Baladīyat ad Dawḩah, Qatar",Jean Yves Le Drian,Hezbollah,arabi21,arabi21,Egypt,General News,webnews,412998786,arabi21-6252de86a7d8ef66d5b3b9a65ec58f3e
2023-06-18T16:43:16.323Z,Arabic,https://ahlmasrnews.com/news/egypt-news/13148415/%d9%88%d8%b2%d8%a7%d8%b1%d8%a9-%d8%a7%d9%84%d8%aa%d9%85%d9%88%d9%8a%d9%86,https://portal.who.int/eios/#/items/412998778/195-300/full-article,«التموين»: طرح اللحوم البلدي بـ195 جنيه بالمنافذ بعد وصولها 300 بالأسواق,,,,أكد الدكتور على المصيلحى، وزير التموين، إنه يتم ضخ كميات كبيرة من اللحوم الطازجة و المبردة بمنافذ المجمعات الاستهلاكية، فى إطار استعدادات الوزارة ل المبارك. عيد الأضحى وأضاف «المصيلحى» في بيان اليوم الأحد 18 يونيو، أن فتح الاعتماد المالى بقيمة 10 ملايين دولار ساهم فى زيادة كميات رؤوس الماشية....,Coronavirus; Coronavirus Gathering,Egypt; India; United Republic of Tanzania,"United Republic of Tanzania; Sudan; Cairo in Cairo, Egypt; India; Uganda",Khalid Abdulla; عبد الله أن; أحمد كمال; أكد عبد الله,Eid al Adha,ahlmasrnews,ahlmasrnews,Egypt,General News,webnews,412998778,ahlmasrnews-3091ca63f759920750dd267da396f083
2023-06-18T16:42:14.619Z,English,https://www.monitor.co.ug/uganda/pictorial/41-killed-as-suspected-rebels-attack-kasese-school--4274800,https://portal.who.int/eios/#/items/412998739/41-killed-as-suspected-rebels-attack-kasese-school-pictorial-29-min-ago/full-article,41 killed as suspected rebels attack Kasese school Pictorial 29 min ago,,"UPDF commander of mountain division and operation Shujaa in DR Congo, Maj Gen Dick Olum talks to the State Minister for higher Education, John Chrysostom Muyingo and the ministry’s PS, Ms Ketty Lamaro. One of the dormitories was set ablaze by assailants by assailants.",,"The UPDF commander of mountain division and operation Shujaa in DR Congo, Maj Gen Dick Olum (L) gestures as he talks to the State Minister for higher Education, John Chrysostom Muyingo (C) and the ministry’s PS, Ms Ketty Lamaro (R) in one of the dormitories was set ablaze by assailants 
....",Terrorist Attack,Congo,Congo; Democratic Republic of the Congo,Maj-Gen; Dick Olum,,monitorUG,daily monitor,Uganda,General News,webnews,412998739,monitorUG-7cf4cde3892a7e18718dabc1f7fe7809
2023-06-18T16:41:17.261Z,English,https://www.k24tv.co.ke/news/2-kdf-soldiers-killed-in-lamu-106292/,https://portal.who.int/eios/#/items/412998727/2-kdf-soldiers-killed-in-suspected-al-shabaab-attack-in-lamu/full-article,2 KDF soldiers killed in suspected Al-Shabaab attack in Lamu,,The GSU officers were on their routine patrol within the Pandanguo route which borders the vast Boni forest. The explosive is suspected to have been planted on the road by Al-Shabaab militants at the scene. At least 15 security officers have been killed in separate attacks in Lamu and Garissa counties in the last week.,,"“They moved swiftly to secure the area and recover the wounded. Regrettably, during the recovery operation, two KDF personnel were fatally wounded in a follow-up ambush,” Brig. Kioko said. The explosive is suspected to have been planted on the road by Al-Shabaab militants at the scene which lies between Pandanguo and Witu.",Terrorist Attack,Kenya; Somalia,Lamu in Kenya; Somalia; Garissa in Kenya; Kenya,Linda Boni; Kithure Kindiki,Quick Response Unit; Al Shabab; Interior Cabinet; toyota,K24TV,K24 TV Newpage,Kenya,General News,TVRadio,412998727,K24TV-d415fed2447654a8a70beda5ee0b0ed4
2023-06-18T16:40:14.575Z,English,https://www.ugandanews.net/news/273870906/10-police-officers-wounded-in-roadside-blast-in-kenyan-coast,https://portal.who.int/eios/#/items/412998676/10-police-officers-wounded-in-roadside-blast-in-kenyan-coast/full-article,10 police officers wounded in roadside blast in Kenyan coast,,"At least 10 paramilitary police officers were wounded on Sunday in a roadside blast. Officers from the elite General Service Unit (GSU) were wounded. Response team of Kenya Defence Forces (KDF) was also ambushed in the attack. Last week, the al-Shabab militants killed at least 15 security officials in separate attacks.",,"LAMU, Kenya, June 18 (Xinhua) -- At least 10 paramilitary police officers were wounded on Sunday in a roadside blast in Kenya's eastern coastal county of Lamu, according to a police source. Officers from the elite General Service Unit (GSU) were wounded when their vehicle ran over an improvised....",Conflict; Terrorist Attack; Wildfires,Kenya,Garissa in Kenya,,General Service; Kenya Defence Forces,ugandanews,ugandanews,Uganda,General News,webnews,412998676,ugandanews-dce46bf90b0fc8049273f37aa92e4571
2023-06-18T16:40:14.420Z,English,https://www.ugandanews.net/news/273870908/au-commission-chairperson-condemns-terror-attack-in-western-uganda,https://portal.who.int/eios/#/items/412998675/au-commission-chairperson-condemns-terror-attack-in-western-uganda/full-article,AU Commission chairperson condemns terror attack in western Uganda,,"Moussa Faki Mahamat has issued a statement condemning a terror attack in western Uganda. The attack by suspected Allied Democratic Force (ADF) militia killed dozens of students. The ADF, which is a branch of the Islamic State in Central Africa, is a Ugandan rebel group.",,"ADDIS ABABA, June 18 (Xinhua) -- Chairperson of the African Union (AU) Commission Moussa Faki Mahamat has issued a statement condemning a terror attack in western Uganda that has killed dozens of students. In a press statement released late Saturday, Faki said he strongly condemns the heinous and....",Terrorist Attack,Congo; Democratic Republic of the Congo; Uganda,Congo; Kampala in Uganda; Democratic Republic of the Congo,Moussa Faki Mahamat,African Union Commission; Ugandan military,ugandanews,ugandanews,Uganda,General News,webnews,412998675,ugandanews-fb780f561a8342e465ce96ba9636b9e3
2023-06-18T16:40:14.781Z,English,https://www.ugandanews.net/news/273870879/why-africa-has-joined-peacemakers-club-on-ukraine-crisis-after-china,https://portal.who.int/eios/#/items/412998680/why-africa-has-joined-peacemakers-club-on-ukraine-crisis-after-china/full-article,Why Africa has joined peacemakers' club on Ukraine crisis after China,,"A peace delegation of African leaders has visited Ukraine and Russia to help end a year-long conflict between the two countries. The delegation, led by South African President Cyril Ramaphosa, also involves leaders from Senegal, Zambia, the Comoros and Egypt. They held talks with Ukrainian President Volodymyr Zelenskyy in Kyiv on Friday and Russian President Vladimir Putin in St Petersburg on Saturday.",,"A peace delegation of African leaders has visited Ukraine and Russia to help end a year-long conflict between the two countries, another effort of mediation after China sent its special envoy to Europe last month to promote a political settlement. The delegation, led by South African President Cyril....",Food Security And Food Aid,China; Congo; Egypt; Russian Federation; Senegal; South Africa; Ukraine; Zimbabwe,"Senegal; Zambia; Sudan; Egypt; Benin; Comoros; Congo; Democratic Republic of the Congo; Djibouti; Eritrea; Moscow in Moscow, Russian Federation; Leningrad in St.-Petersburg, Russian Federation; Uganda; United Republic of Tanzania; Kiev in Ukraine",Dmytro Kuleba; Cyril Ramaphosa; Vladimir Putin; Sergey Lavrov; Vincent Magwenya; Volodymyr Zelenskyj,United Nations Human Rights Council; International Studies; Cold War; African Development Bank; Constantine Palace; South African government; United Nations General Assembly; China Media Group; University of KwaZulu-Natal,ugandanews,ugandanews,Uganda,General News,webnews,412998680,ugandanews-e12218ea9c0eff3c11947ef01103f907
2023-06-18T16:35:12.743Z,French,https://www.france24.com/fr/afrique/20230618-au-soudan-une-%C3%A9ni%C3%A8me-tr%C3%AAve-pour-permettre-l-acheminement-de-l-aide-humanitaire,https://portal.who.int/eios/#/items/412998529/in-sudan-i-th-truce-to-allow-the-delivery-of-humanitarian-aid/full-article,"In sudan, i-th truce to allow the delivery of humanitarian aid","Au Soudan, énième trêve pour permettre l’acheminement d'une aide humanitaire",,". A new attempt to ceasefire began, Sunday, sudan, concluded between the army and the paramilitary groups, which are waging a ruthless war since mid-April. This truce must take 72 hours and allow the delivery of humanitarian assistance throughout the country.",". Une nouvelle tentative de cessez-le-feu a débuté, dimanche, au Soudan, conclu entre l’armée et les paramilitaires, qui se livrent une guerre sans merci depuis mi-avril. Cette trêve doit durer 72 heures et permettre l'acheminement d'aide humanitaire dans tout le pays.",Conflict,Chad; France; Kuwait; Sudan; Switzerland; Tunisia,"Khartoum in Khartoum, Sudan; Saudi Arabia; Tunisia; Chad; Kuwait",Abdel Fattah al Burhan; Abdel Fattah al Sissi; Volker Perthes; Idriss Deby; Malik Aggar,United Nations; France 24,france24,France 24,France,General News,webnews,412998529,france24-375d02c86533727f8f6be7a100a87076
2023-06-18T16:30:13.970Z,English,"https://www.qna.org.qa/en/News-Area/News/2023-06/18/0023-education-above-all-condemns-attack-on-ugandan-school,-urges-international-action-to-uphold-right-to-safe,-quality-education",https://portal.who.int/eios/#/items/412998331/education-above-all-condemns-attack-on-ugandan-school-urges-international-action-to-uphold-right-to-safe-quality-education/full-article,"Education Above All Condemns Attack on Ugandan School, Urges International Action to Uphold Right to Safe, Quality Education",,"The global education foundation, Education Above All (EAA) strongly condemned the attack by armed groups on a school in Western Uganda. The deliberate targeting of students and educational facilities is a serious escalation in the conflict in Uganda and the DRC. EAA Foundation will continue to work in conflict affected situations to ensure that the most vulnerable children have access to quality education.",,"Doha, June 18 (QNA) - The global education foundation, Education Above All (EAA) strongly condemned the attack by armed groups on a school in Western Uganda. The exact number of casualties is not confirmed, but reports suggest that nearly 40 people, mostly students have been killed. The school was burnt and some students were abducted.",Conflict,Democratic Republic of the Congo; Qatar; Uganda,"Doha in Ad Dawḩah al Jadīdah, Doha, Baladīyat ad Dawḩah, Qatar; Congo; Democratic Republic of the Congo",Mary Joy Pigozzi,UN Security Council; Ugandan school,qna,Qatar News,Qatar,General News,webnews,412998331,qna-9b79d6f7763bbde2f094f5a9e304bf98
2023-06-18T16:31:12.609Z,Arabic,https://www.sarayanews.com/article/854691/%d9%81%d9%8a%d9%86%d9%8a%d8%b3%d9%8a%d9%88%d8%b3-%d9%8a%d8%b4%d8%aa%d9%83%d9%8a-%d9%85%d9%86-%d8%aa%d8%b9%d8%b1%d8%b6-%d9%85%d8%b3%d8%aa%d8%b4%d8%a7%d8%b1%d9%87-%d9%84%d8%a5%d8%b3%d8%a7%d8%a1%d8%a9-%d8%b9%d9%86%d8%b5%d8%b1%d9%8a%d8%a9,https://portal.who.int/eios/#/items/412998361/title/full-article,فينيسيوس يشتكي من تعرض مستشاره لإساءة عنصرية,,,,خاض المنتخب البرازيلي المباراة بزي أسود بالكامل للمرة الأولى في تاريخه، خل <ال الفوز 4-1 على غينيا في ملعب إسبانيول في برشلونة، احتجاجا على التمييز العنصري تجاه لاعب ريال مدريد فينيسيوس الذي كان ضحية إساءات عنصرية مرات عدة هذا الموسم في الدوري الاسباني.,Man-Made Disasters,Guinea,"Guinea; Barcelona in Barcelona, Barcelona, Catalonia, Spain",,Real Madrid,sarayanews,sarayanews,Jordan,General News,webnews,412998361,sarayanews-bc97144a8bf1334508cd478fef416536
2023-06-18T16:28:15.586Z,English,https://tvpworld.com/70643413/the-meaning-of-de-escalation-surrender-of-the-free-to-the-smug-elites,https://portal.who.int/eios/#/items/412998264/the-meaning-of-de-escalation-surrender-of-the-free-to-the-smug-elites-breezy-posturing-by-bystanders-of-the-valiant-is-a-cloak-that-hides-weakness-and/full-article,The meaning of de-escalation: surrender of the free to the smug elites Breezy posturing by bystanders of the valiant is a cloak that hides weakness and fear. see more,,"President Cyril Ramaphosa of South Africa said there should be ""de-escalation"" on both sides in Ukraine. Frida Ghitis: Anyone who calls for Ukraine to de-escalate, regardless of what they say, believes neither in democracy nor in decency. She says Ukrainians want to win more than ever and know they must make victory happen soon.",,"The person in the first image, President Cyril Ramaphosa of South Africa, does not understand what those in the other three scenes do. ""This war must be settled and there should be peace through negotiations,"" the South African president told reporters in Kyiv on June 16.",Chemicalaccidents; Cyclonic storm; Tornado,Russian Federation; South Africa; Ukraine,"South Africa; Moscow in Moscow, Russian Federation; London in Greater London, England, The United Kingdom; Lviv in L’vivs’ka Oblast’, Ukraine; Kiev in Ukraine",Moshe Azman; Nova Kakhovka; George VI; Cyril Ramaphosa; Joe Biden,,polandin,Poland In,Poland,General News,webnews,412998264,polandin-a027976108071783490de48c826ff3db
2023-06-18T16:27:14.683Z,Arabic,https://www.albawabhnews.com/4825853,https://portal.who.int/eios/#/items/412998195/le-dialogue/full-article,Le Dialogue بالعربي وقائع عن بربرية العنف والترويع!.. حق اللجوء مضلّل بثقافة «حقوق غير محدودة للمهاجرين بلا مهام وبلا واجبات».. مواطنو أوروبا يشعرون بغضب لاختلاس القيم الديمقراطية للبلدان المرحبة بالمهاجرين,,,,حادث الطعن الأخير فى إحدى المدن الفرنسية، أثار تساؤلات عديدة فى الدوائر الرسمية والشعبية فى الغرب، خاصةً أن مرتكب الحادث الذى طعن صغارًا وكبارًا بالسكين، مسيحى الديانة.. هذا التقرير، يشرح أبعاد العنف ويحلل ما خفى وراء مثل هذا الحادث وغيره من أحداث شهدتها القارة العجوز.,Asylum seekers; Man-Made Disasters; Migrants; Refugees and Internally Displaced Persons; Terrorist Attack,"Afghanistan; Australia; Belgium; China; Eritrea; France; Greece; Israel; Italy; Luxembourg; Occupied Palestinian territory, including east Jerusalem; Sweden","France; Serbia; Luxembourg; Australia; Denmark; Germany; Greece; Sweden; London in Greater London, England, The United Kingdom; Italy",,,albawabhnews,albawabhnews,Egypt,General News,webnews,412998195,albawabhnews-44b99782a71a5c77e6c1cd16c290b315
2023-06-18T16:27:15.829Z,Portuguese,https://inforpress.cv/regiao-sanitaria-santiago-norte-promove-marcha-para-chamar-atencao-da-importancia-da-doacao-de-sangue/,https://portal.who.int/eios/#/items/412998204/santiago-53-dead-ahead-promotes-health-region-to-draw-attention-of-the-importance-of-blood-donation/full-article,Santiago 53° dead-ahead promotes health region to draw attention of the importance of blood donation,Região Sanitária Santiago Norte promove marcha para chamar atenção da importância da doação de sangue,,"Assomada, 18 Jun (Inforpress) – the region health Santiago Norte (RSSN Assomada) promoted today, Santa Catarina, running to draw attention of the population on the importance of the blood donation. The initiative to celebrate the international day of the donor blood pointed out on 15 June....","Assomada, 18 Jun (Inforpress) – A Região Sanitária Santiago Norte (RSSN) promoveu hoje em Assomada, Santa Catarina, uma marcha para chamar atenção da população sobre importância da dádiva de sangue. A iniciativa, para celebrar o Dia Mundial do Doador de Sangue, assinalado no passado dia 15 de Junho,....",MPHOTransplantationDonation,Cabo Verde,Assomada in Cabo Verde; Pedra Badejo in Cabo Verde,Santiago Norte; Joao Batista,World Health Organization,inforpress,Inforpress - Cabo Verde,Cabo Verde,REC,webnews,412998204,inforpress-97e0d1585a0a690f3ab1444884cc04d2
2023-06-18T16:27:12.539Z,Arabic,https://www.albawabhnews.com/4825842,https://portal.who.int/eios/#/items/412998179/title/full-article,ليوناردو دينى يكتب: تحديات عالمية.. «روسيا الجديدة» أم «طريق الحرير» الصينى الجديد؟,,,,هذا المقال، محاولة لاستكشاف التحدى العسكرى لشبه جزيرة القرم وخلفية الحرب فى أوكرانيا، مع التذكير بالأهمية الاستراتيجية للمصالح الاقتصادية والمالية التى تم تجاوزها ليس فقط الأوروبية أو الأمريكية أو الروسية أو العربية، ولكن أيضًا الصينية، التى لا تتحدث عنها الصحافة إلا قليلًا ولكنها ليست عملاقة فحسب،....,Conflict,Brazil; China; Democratic People’s Republic of Korea; Germany; Holy See; India; Israel; Japan; Poland; Russian Federation; South Africa; Türkiye; Ukraine; United Arab Emirates; United States of America; Uzbekistan; Venezuela (Bolivarian Republic of),"Beijing in Beijing, China; China, Hong Kong SAR; Poland; Moscow in Moscow, Russian Federation; South Africa; London in Greater London, England, The United Kingdom; Kherson in Khersons’ka Oblast’, Ukraine; India; Iran (Islamic Republic of); Türkiye; Odesa in Odessa, Ukraine; Italy; United Arab Emirates; Lviv in L’vivs’ka Oblast’, Ukraine; Japan; Kiev in Ukraine; Kazakhstan; Venezuela (Bolivarian Republic of)",Boris Johnson; علي أمل; Luiz Inacio Lula da Silva; Ted Cruz; Vladimir Putin; Joe Biden; Volodymyr Zelenskyj; Marco Polo,Nord Stream; JP Morgan,albawabhnews,albawabhnews,Egypt,General News,webnews,412998179,albawabhnews-df586cc9598c210f7af34f9c416ac058
2023-06-18T16:27:13.008Z,Arabic,https://www.albawabhnews.com/4825831,https://portal.who.int/eios/#/items/412998182/le-dialogue/full-article,Le Dialogue بالعربي ألكسندر ديل فال يكتب: شكسبير فى مواجهة موليير.. ساحة صراع لغوى بطابع جيوسياسى وحضارى داخل العالم الغربى,,,,مثلما كان هناك نظام ثنائى القطبية فى الجانب الجيوسياسى بعد يالطا والذى استمر حتى انهيار الاتحاد السوفييتي، يمكننا اليوم الحديث عن تثبيت تقسيم العالم على المستوى اللغوي، بين لغة شكسبير (أو بالأحرى لغة العم سام!) من جهة- وهى لغة العولمة الخطيرة التى تمحو الهويات لصالح قرية عالمية ناطقة بالإنجليزية-....,Conflict,Australia; Belgium; Canada; Democratic Republic of the Congo; France; India; Kuwait; New Zealand; Poland; Qatar; Romania; Rwanda; South Africa; United States of America; Viet Nam,"Cannes in Cannes, Arrondissement de Grasse, Alpes-Maritimes, Provence-Alpes-Côte d'Azur, France; Canada; Congo; Rwanda; Paris in Paris, Paris, Île-de-France, France; Saudi Arabia; India; The United Kingdom; Viet Nam",,,albawabhnews,albawabhnews,Egypt,General News,webnews,412998182,albawabhnews-3b62ddd5c7d97e4fe835b473d3c7efe2