﻿importDateUTC,language,externalLink,eiosLink,title,originalTitle,summary,translatedDescription,description,categories,mentionedCountries,locations,mentionedPersons,mentionedOrgsEntities,source,sourceName,sourceCountry,sourceSubject,sourceType,id,emmId
2023-07-08T23:28:15.754Z,Arabic,https://elaph.com/Web/Sports/2023/07/1511336.html,https://portal.who.int/eios/#/items/414699581/title/full-article,"حالة فان در سار ""مستقرة لكن لا تزال مقلقة""",,,,"لاهاي: لا يزال حارس المرمى الدولي الهولندي السابق إدوين فان در سار راقداً في المستشفى السبت بعد إصابته بنزيف في المخ، وحالته مستقرة لكن لا تزال مقلقة، بحسب ما أعلن فريقه السابق أياكس أمستردام.

وكان فان در سار البالغ من العمر 52 عاماً والذي دافع عن ألوان أياكس ويوفنتوس الإيطالي وفولهام ومانشستر....",Haemorrhage,Chad; Netherlands,"Kyabé in Moyen-Chari, Chad; Netherlands; Hague in South Holland, Netherlands; Bayān in Hawalli, Kuwait; Barcelona in Barcelona, Barcelona, Catalonia, Spain",Edwin van der Saar,Ajax Amsterdam; Manchester United; Champions League,elaph,Arabic News,The United Kingdom,General News,webnews,414699581,elaph-c044fc5048c426d77e07a063ce5ebcee
2023-07-08T23:26:15.035Z,French,https://www.aps.dz/regions/158010-sidi-bel-abbes-la-depouille-de-la-moudjahida-belbachir-menzoula-dite-fatima-inhumee,https://portal.who.int/eios/#/items/414699485/sidi-bel-abbes-the-spoils-of-the-moudjahida-belbachir-menzoula-dite-fatima-inhume/full-article,Sidi Bel Abbes: the spoils of the Moudjahida Belbachir Menzoula dite Fatima inhumée,Sidi Bel Abbes: la dépouille de la Moudjahida Belbachir Menzoula dite Fatima inhumée,,"The defunct Moudjahida has extinguished, sis Friday in his home in the town of Sidi Bel Abbès following an illness, at the age of 92 years, it has been learnt from the direction of wilaya of Moudjahidine. The Moudjahida Belbachir Menzoula, born in 1931 in El Gor (wilaya of Tlemcen), joined the....","La défunte moudjahida s’est éteinte, vendredi dans son domicile sis dans la ville de Sidi Bel Abbès suite à une maladie, à l’âge de 92 ans, a-t-on appris auprès de la direction de wilaya des Moudjahidine. La Moudjahida Belbachir Menzoula, née en 1931 à El Gor (wilaya de Tlemcen ), a rejoint les....",Conflict,Algeria,"Sidi Bel Abbes in Algeria; Tlemcen in Algeria; Aïn Temouchent in Aïn Témouchent, Algeria",,,aps-dz,APS : Alg�rie Presse Service,Algeria,General News,webnews,414699485,aps-dz-4e8fb1251609e253a49cb4584012d48e
2023-07-08T23:21:14.603Z,English,https://thenewdawnliberia.com/tukpah-was-prevented-for-his-own-safety/,https://portal.who.int/eios/#/items/414699281/tukpah-was-prevented-for-his-own-safety/full-article,Tukpah was prevented for his own safety,,"Isaac Vah Tukpah, co-authored of the now controversial book ‘George Weah, The Dream, The Legend, The Rise To Power,’ attempted to leave the country via a border crossing checkpoint in Tianeh, Grand Capemount County. The Government in a statement issued Wednesday said it has no intention of arresting the former Coalition for Democratic Change (CDC) steward while dismissing media reports about his arrest.",,"GoL has no intention to pursue him. Mr. Isaac Vah Tukpah, the former Chief of Office Staff to Alternative National Congress (ANC) political leader Alexander B. Cummings was prevented from traveling for his own safety, the Liberian Government said Wednesday, Feb. 2. Mr.",Travel Restrictions,Liberia,"Monrovia in Montserrado County, Liberia; United States of America",Rise To; Alexander B Cummings; Alexander Cummings; Nathaniel F McGill; George M Weah; George Weah; Political Leader; Emmanuel Clarke,Immigration Service; National Congress; National Investment Commission; Democratic Change,NewDawn,"The New Dawn Liberia, premier resource for latest news",Liberia,General News,webnews,414699281,NewDawn-d0a88dcf09287095954dbc9f60003056
2023-07-08T23:21:15.188Z,English,https://thenewdawnliberia.com/preparing-now-in-anticipation-of-the-zika-virus/,https://portal.who.int/eios/#/items/414699285/preparing-now-in-anticipation-of-the-zika-virus/full-article,Preparing Now in Anticipation of the Zika Virus,,"The World Health Organization or WHO seems to be very relentless in being proactive against any outbreak the world-over. Unlike its previous delayed response to the Ebola crisis in West Africa, the WHO has already moved quickly in declaring a disease linked to the Zika virus in Latin America a global public health emergency.",,"After being confronted with heavy criticism for prolonging the declaration of the deadly Ebola outbreak as public emergency, the World Health Organization or WHO seems to be very relentless in being proactive against any outbreak the world-over. Unlike its previous delayed response to the Ebola....",Asymptomatic; Ebola; GuillainBarre; Paralysis; Zika virus,Brazil; Liberia,Brazil; Liberia; Most in Czechia,,Health Ministry; Ministry of Health; World Health Organization,NewDawn,"The New Dawn Liberia, premier resource for latest news",Liberia,General News,webnews,414699285,NewDawn-0a9ed975945e588f7e8ab812a8158611
2023-07-08T23:18:15.911Z,Swahili,https://issamichuzi.blogspot.com/2023/07/katibu-mkuu-maliasili-awakaribisha.html,https://portal.who.int/eios/#/items/414699226/katibu-mkuu-maliasili-awakaribisha-wadau-kuwekeza-kwenye-hifadhi-za-misitu/full-article,KATIBU MKUU MALIASILI AWAKARIBISHA WADAU KUWEKEZA KWENYE HIFADHI ZA MISITU,,,,Katibu Mkuu wa Wizara ya Maliasili na Utalii Dkt Hassan Abbasi amewakaribisha wananchi na wadau mbalimbali kuchangamkia fursa za uwekezaji zinazopatikana kwenye hifadhi za misitu ya Serikali nchini. Akizungumza na Waandishi wa habari kwenye viwanja vya Mwalimu Julius Nyerere maarufu sabasaba....,Food Security And Food Aid,United Republic of Tanzania,United Republic of Tanzania,Jose Eduardo dos Santos; Hassan Abbasi; Mwalimu Julius Nyerere; Hassan Abbas; Royal Tour,,Michuziblog,Michuzi Blog website,United Republic of Tanzania,General News,webnews,414699226,Michuziblog-eaaf403951bf1b6bf561f6c712b03295
2023-07-08T23:17:17.437Z,Arabic,https://www.alriyadh.com/2021544,https://portal.who.int/eios/#/items/414699175/26/full-article,إصابة 26 شرطيا ألمانيا في صدامات خلال مهرجان موسيقى إريترية,,,,"أصيب 26 شرطيا في غيسن بغرب ألمانيا في صدامات مختلفة مع مشاركين في مهرجان موسيقى إريترية مثير للجدل، وفق ما أعلنت الشرطة المحلية السبت. وقالت الشرطة عبر تويتر إن 26 من عناصرها ""أصيبوا بجروح خصوصا نتيجة رشق الحجارة"". تعرض الشرطيون للرشق بالحجارة والزجاجات في عدة أماكن بالمدينة، وردوا باستخدام الغاز المسيل للدموع وخراطيم المياه.",Teargas,Eritrea; Germany,"Germany; Eritrea; Medina in Saudi Arabia; Giessen in Gießen, Universitätsstadt, Giessen, Regierungsbezirk Gießen, Hesse, Germany; Frankfurt in Regierungsbezirk Darmstadt, Hesse, Germany",أسياس أفورقي,,alriyadh,Alriyadh,Saudi Arabia,General News,webnews,414699175,alriyadh-9f38060451995c1397436c7259535d29
2023-07-08T23:17:17.286Z,Arabic,https://www.alriyadh.com/2021548,https://portal.who.int/eios/#/items/414699174/title/full-article,الحرب الأهلية تلوح في السودان.. ومخاوف من ...,,,,"أفاد شهود عيان أن قوات الدعم السريع هاجمت مدينة بارا في ولاية شمال كردفان، حيث ارتكبت أعمال ""سلب ونهب"" للبنوك والمنشآت الحكومية، فيما تواصلت المعارك في الخرطوم. وأفاد سكان من بارا التي تبعد 50 كيلومترا شمال شرق مدينة الأبيض عاصمة الولاية، أن ""(قوات) الدعم السريع تهاجم مدينة بارا وتهاجم البنوك والمنشآت الحكومية"".",Adolescents; Conflict; Humanitarian Aid; Refugees and Internally Displaced Persons,Egypt; Kenya; Sudan,"Egypt; Addis Ababa in Addis Ababa, Ethiopia; Saudi Arabia; South Sudan; Kenya",عبد الفتاح,United Nations,alriyadh,Alriyadh,Saudi Arabia,General News,webnews,414699174,alriyadh-c6311f69d2ef40b8a4248908c0ea50fa
2023-07-08T23:15:17.752Z,French,https://imazpress.com/actus-reunion/volcan-la-premiere-eruption-de-l-annee-a-commence-il-y-a-deja-une-semaine,https://portal.who.int/eios/#/items/414699123/photosvideo-return-in-pictures/full-article,[PHOTOS/video] return in pictures,[PHOTOS/VIDÉOS] Retour en images,,"It was already a week – Sunday 2 July 2023 – while the Observatorio Vulcanologico of Piton de la Fournaise announced an imminent eruption, it took not wait long for that the volcano decides to spit its lava. Immediately, the prefecture triggers the alert the plan....","C'était il y a déjà une semaine – le dimanche 2 juillet 2023 – alors que l'Observatoire volcanologique du Piton de la Fournaise annonçait une éruption imminente, il ne fallut pas attendre bien longtemps pour que le Volcan décide de cracher sa lave. Aussitôt, la préfecture déclenche l'alerte du plan....",Natural Disasters; Volcanic eruption,Mauritius,"Piton in Rivière du Rempart District, Mauritius",,Observatorio Vulcanologico,ipreunion,iMaz Press Reunion,Réunion,General News,webnews,414699123,ipreunion-4839a8c0d37a75e29c0ffe08aa75ed57
2023-07-08T23:15:18.311Z,Spanish; Castilian,https://misionesonline.net/2023/07/08/kylian-mbappe-dio-una-entrevista-a-medios-franceses-y-dejo-frases-muy-fuertes-sobre-el-psg-y-su-futuro/,https://portal.who.int/eios/#/items/414699127/kylian-mbappe-gave-an-interview-to-french-media-and-left-on-the-very-strong-r-phrases-psg-and-its-future/full-article,Kylian Mbappe gave an interview to french media and left on the very strong r-phrases PSG and its future,Kylian Mbappé dio una entrevista a medios franceses y dejó frases muy fuertes sobre el PSG y su futuro,,"In the midst of controversy with his contract, the french star spoke from Cameroon. In turn, Mbappé went with caps of tip in France Football and L Equipe to refer the PSG: “it is A club that divide and does not help to win the golden ball” after the surprise ultimatum that launched Paris....","En medio de polémicas con su contrato, la estrella francesa habló desde Camerún. A su vez, Mbappé salió con los tapones de punta en France Football y L’Equipe al referirse al PSG: “Es un club que divide y no ayuda a ganar el Balón de Oro” Después del sorpresivo ultimátum que lanzó Paris....",Food Security And Food Aid,Cameroon; France; Qatar,"Cameroon; Paris in Paris, Paris, Île-de-France, France; Qatar",Thierry Henry; Antoine Griezmann; Cristiano Ronaldo; Kylian Mbappe; Luis Enrique; Karim Benzema; Lionel Messi,Ligue 1; L Equipe; Paris Saint Germain; Atletico de Madrid; Champions League; France Football; Ballon d Or,misionesonline.net,Misiones Online,Argentina,General News,webnews,414699127,misionesonline.net-347e18bd0e07b87be3829c98ec1ba14b
2023-07-08T23:14:13.631Z,Arabic,https://akhbarlibya24.net/2023/07/09/%d8%aa%d8%b1%d8%ad%d9%8a%d9%84-2802-%d9%85%d9%87%d8%a7%d8%ac%d8%b1-%d9%85%d9%86-%d8%b7%d8%a8%d8%b1%d9%82-%d9%81%d9%8a-%d8%a7%d9%84%d9%86%d8%b5%d9%81-%d8%a7%d9%84%d8%a3%d9%88%d9%84-%d9%85%d9%86-%d8%b9,https://portal.who.int/eios/#/items/414699061/2802-2023/full-article,ترحيل 2802 مهاجر من طبرق في النصف الأول من عام 2023,,,,أخبار ليبيا 24 – خاص. قال اللواء إبراهيم الأربد رئيس فرع جهاز مكافحة الهجرة غير الشرعية في طبرق لأخبار ليبيا 24 إن الجهاز رحّل 2802 مهاجر من مختلف الجنسيات في النصف الأول من عام 2023 بينهم مصابين بالتهاب الكبد والإيدز. وأضاف الأربد، أنّه تمّ ترحيل عدد 178 مهاجرا بسبب الإصابة بالتهاب الكبد الوبائي والإيدز.,Epidemic; HIV infection-AIDS; Hepatitis,Libya; Nigeria; Syria,"Tobruk in Al Buţnān, Libya; Syria; Nigeria",,,akhbarlibya24,akhbarlibya24,Libya,General News,webnews,414699061,akhbarlibya24-03f5d44f9fb8fd5e9c47e07f3173dccf
2023-07-08T23:12:14.345Z,Dutch; Flemish,"https://www.bladna.nl/marokko-gijzelaars-terroristen-burkina-faso-redde,47547.html",https://portal.who.int/eios/#/items/414699009/how-does-morocco-two-hostages-out-of-the-hands-of-terrorists-in-burkina-faso-rescued/full-article,How does morocco two hostages out of the hands of terrorists in Burkina Faso rescued,Hoe Marokko twee gijzelaars uit handen van terroristen in Burkina Faso redde,,"The liberation of two abducted moroccan cyclists between Niger and Burkina Faso, discretion is achieved by the moroccan authorities. The conduct is explained in detail by the ministry of foreign affairs in an answer to a member of parliament.","De bevrijding van twee ontvoerde Marokkaanse fietsers tussen Niger en Burkina Faso, is discreet bereikt door de Marokkaanse autoriteiten. Het verloop wordt in detail uitgelegd door het ministerie van Buitenlandse Zaken in een antwoord aan een parlementslid.",Malaria,Burkina Faso; Morocco; Niger,"Morocco; Ouagadougou in Centre, Burkina Faso; Téra in Tillaberi Region, Niger; Niamey in Niamey, Niger",,,bladna,bladna,Netherlands,General News,webnews,414699009,bladna-1176515e68e0cde06d3e1c91fbeb738e
2023-07-08T23:07:13.227Z,English,https://inquirernewspaper.com/conservation-international-partners-donate-to-2-communities/,https://portal.who.int/eios/#/items/414698849/conservation-international-partners-donate-to-2-communities/full-article,"Conservation International, Partners Donate To 2 Communities",,Two community based Enterprises involved into Waste Management have benefited IN-KIND GRANT from Conservation international through the support of the Swedish International Development Agency (SIDA) through the Embassy of Sweden in Liberia. The organizations are Device Community Sanitation and Waste Management and Evergreen Africa Conservation both of the Catholic and Kebbah communities. The Grant is aimed at reducing marine litter and supporting plastic value chain linked to livelihoods.,,Two community based Enterprises involved into Waste Management have benefited IN-KIND GRANT from Conservation international through the support of the Swedish International Development Agency (SIDA) through the Embassy of Sweden in Liberia. The Organizations that benefited from the IN-KIND GRANT....,Ecology,Liberia; Sweden; United States of America,"Sweden; Monrovia in Montserrado County, Liberia; United States of America",,Swedish international; Waste Management Inc; International Development Agency,TheInquirer,"Independent daily newspaper published in Liberia, based in Monrovia.",Liberia,General News,webnews,414698849,TheInquirer-e2df25e347580b236a075ca0d46428a7
2023-07-08T23:03:13.427Z,French,https://mediaguinee.com/les-groupes-terroristes-en-afrique-terreau-dattentats-en-europe/,https://portal.who.int/eios/#/items/414698734/terrorist-groups-in-africa-seedbed-attacks-in-europe/full-article,Terrorist groups in africa: seedbed attacks in EUrope?,Les groupes terroristes en Afrique : terreau d’attentats en Europe ?,,"The islamists are very present in africa and recruit in huge refugee camps. And they use conflicts for their propaganda on the Internet, which extends until bavaria. Experts warn against a strengthening of the EI, al-qaeda and others.","Les islamistes sont très présents en Afrique et recrutent dans d’immenses camps de réfugiés. Et ils utilisent les conflits pour leur propagande sur Internet, qui s’étend jusqu’en Bavière. Les experts mettent en garde contre un renforcement de l’EI, d’Al-Qaïda et d’autres.",Refugees and Internally Displaced Persons; Terrorist Attack,Algeria; Iraq; Morocco; Somalia; Spain; Syria,"Les in Lleida, Catalonia, Spain; Algeria; Somalia; Madrid in Madrid, Madrid, Madrid, Spain; Morocco; Syria; Nigeria; Iraq",Ahmed Mansour; Hans Jakob Schindler,Counter Extremism Project; EU; Boko Haram; Facebook; Al Qaeda,mediaguinee,Media Guinee,Guinea,General News,webnews,414698734,mediaguinee-d52c5f97a94f593a96230e7f303fb05a
2023-07-08T22:56:10.326Z,French,http://www.lequotidien-oran.com/index.php?news=5322342,https://portal.who.int/eios/#/items/414698495/rehabilitation-of-sewerage-and-rainwater-two-structural-projects-type-approved-to-the-city-zabana/full-article,Rehabilitation of sewerage and rainwater: two structural projects type-approved to the city zabana,Réhabilitation du réseau d'assainissement et des eaux pluviales: Deux projets structurants réceptionnés à la cité Zabana,,"Two structural projects and public utilities have been type-approved in Zabana loathed, on the heights of the city of Arzew. The first is the draft sewerage rehabilitation of sewage, and from school Ahmed Zabana jusqu'à school Belkebir....","Deux projets structurants et d'utilité publique ont été réceptionnés dans le quartier de Haï Zabana, sur les hauteurs de la ville d'Arzew. Il s'agit tout d'abord du projet de réhabilitation du réseau d'assainissement des eaux usées, et ce, en allant du lycée Ahmed Zabana jusqu'à l'école Belkebir....",Floods; Landslides; Natural Disasters,Algeria,,Ahmed Zabana,,lequotidien-oran,Le Quotidien d'Oran,Algeria,General News,webnews,414698495,lequotidien-oran-042e7eb6bf74d58abe08b571368ce614
2023-07-08T22:57:18.025Z,French,http://www.lequotidien-oran.com/?news=5322280,https://portal.who.int/eios/#/items/414698567/what-is-a-nation/full-article,What is a nation?,Qu'est-ce qu'une nation ?,,"Such the portraitistes a king, aware of the role that they fulfilled with passion and dedication, the french official historians such as Jules Michelet and Ernest Lavisse if acquittèrent superbly sacerdoce of which their drum play, fully aware of the considerable service that they made to their country, their homeland, their nation.","Tels les portraitistes d'un roi, conscients du rôle qu'ils accomplissaient avec ferveur et dévouement, les historiens officiels français tels que Jules Michelet et Ernest Lavisse s'acquittèrent magistralement du sacerdoce qui leur fût dévolu, pleinement conscients du service considérable qu'ils rendaient à leur pays, à leur patrie, à leur nation.",Conflict; Suicide,Algeria; France; Germany,"Germany; Algiers in Algiers, Algeria; Paris in Paris, Paris, Île-de-France, France",Emmanuel Macron; Gordon Brown; Lives Matter; Jacques Paris; Patrick Boucheron; Pierre Chaunu; Francois Maspero; Thomas Hobbes; Karl Deutsch; Ernest Lavisse; Eric Zemmour; Jules Michelet; Fernand Braudel; Ernest Renan,Editions du Seuil; ordre nouveau; Robert Laffont,lequotidien-oran,Le Quotidien d'Oran,Algeria,General News,webnews,414698567,lequotidien-oran-d363faa2d976641e27dec2cf789f0f1a
2023-07-08T22:57:18.302Z,French,http://www.lequotidien-oran.com/index.php?news=5322336,https://portal.who.int/eios/#/items/414698569/costantine-2-dead-and-4-injured-in-a-carambolage/full-article,Costantine: 2 dead and 4 injured in a carambolage,Constantine: 2 morts et 4 blessés dans un carambolage,,"Two people died and four others were injured following a carambolage between seven vehicles occurred on Thursday afternoon at the exit of transrhumel Salah Bey, the capital of the wilaya of Constantine, have we learned from the directorate of civil Protection (psps).","Deux personnes sont décédées et quatre autres ont été blessées suite à un carambolage entre sept véhicules survenu, jeudi après-midi, à la sortie du transrhumel Salah Bey, au chef-lieu de la wilaya de Constantine, a-t-on appris auprès de la direction de la Protection civile (DPC).",Elderly; Man-Made Disasters,Algeria,Constantine in Algeria; Salah Bey in Algeria,,,lequotidien-oran,Le Quotidien d'Oran,Algeria,General News,webnews,414698569,lequotidien-oran-af21d312e5e3f5c7821842eeafa93ed8
2023-07-08T22:57:18.458Z,French,http://www.lequotidien-oran.com/index.php?news=5322337,https://portal.who.int/eios/#/items/414698570/an-temouchent-a-bus-overturns-one-killed-and-12-injured/full-article,"Aïn Temouchent: a bus overturns, one killed and 12 injured","Aïn Temouchent: Un bus se renverse, un mort et 12 blessés",,"One person is dead and 12 others were injured to varying degrees of gravity in the overthrow of a bus, in the commune of Oulhaça (Aïn Temouchent), it has been learned, Friday, services of wilaya of civil Protection. The accident occurred Thursday evening, after a bus which effectuait....","Une personne est morte et 12 autres ont été blessées à différents degrés de gravité dans le renversement d'un bus, dans la commune d'Oulhaça (Aïn Temouchent), a-t-on appris, vendredi, des services de wilaya de la Protection civile. L'accident s'est produit, jeudi soir, après qu'un bus qui effectuait....",Man-Made Disasters,Algeria,"Aïn Temouchent in Aïn Témouchent, Algeria; Beni Saf in Aïn Témouchent, Algeria",Lieutenant Colonel,,lequotidien-oran,Le Quotidien d'Oran,Algeria,General News,webnews,414698570,lequotidien-oran-e29f3b8b3e65d742f30cc53754f8c0d8
2023-07-08T22:57:18.572Z,French,http://www.lequotidien-oran.com/index.php?news=5322338,https://portal.who.int/eios/#/items/414698571/public-banks-the-dossier-of-the-opening-of-capital-advance/full-article,Public banks: the dossier of the opening of capital advance,Banques publiques: Le dossier de l'ouverture du capital avance,,"Digitisation of services in the sector of finance is vitally important. In this connection, the state of progress of the various projects within this framework and the efforts and the human and material resources mobilised in order to implement the road map drawn by the powers.","La numérisation des services du secteur des Finances revêt une importance capitale. A ce titre, l'état d'avancement des différents projets inscrits dans ce cadre ainsi que les efforts et les moyens humains et matériels mobilisés en vue de concrétiser la feuille de route tracée par les pouvoirs....",Hydrogen,Algeria,,Aïmene Benabderrahmane,,lequotidien-oran,Le Quotidien d'Oran,Algeria,General News,webnews,414698571,lequotidien-oran-c2c7f501894f69e73f3b74535f79c8b6
2023-07-08T22:57:15.571Z,English,https://gphin.canada.ca/cepr/showarticle.jsp?docId=1014211758,https://portal.who.int/eios/#/items/414698547/health-warning-over-silent-killer-disease-with-very-few-early-symptoms/full-article,Health warning over silent killer disease with very few early symptoms,,"British Liver Trust has called for a 'prompt and comprehensive review' of adult liver services. This is to address 'huge variation and inequalities' in liver disease treatment and results. Hospital admissions where liver disease was the primary cause rose by more than a fifth 22% from 82,290 in 2021/22 to 67,458 in 2020/21.",,"Charity appeals for action as hospital admissions for preventable but deadly condition increase
A charity has appealed for action to tackle a disease with few visible symptoms that is on the increase.
The British Liver Trust has called for a 'prompt and comprehensive review' of adult liver services.",AlcoholUse; Asymptomatic; DrugUse; Hepatitis; Hepatitis B; Pain,Cameroon,"South in South, Cameroon; South in South, Iceland",Vanessa Hebditch,National Health Service; British Liver Trust,gphin,gphin,Canada,Medical,wire,414698547,gphin-f561210757686a63bfca5581081611dc
2023-07-08T22:55:13.931Z,Chinese,https://m.bjnews.com.cn/detail/1688804336129032.html,https://portal.who.int/eios/#/items/414698468/75/full-article,如果没有意外发生，7月5日研学团结业，龚贺就可以开始新生活。张睿说，出事前龚贺曾讲过，这是他干导游的最后一单。 [全文],,,,来送大熊的人都会在那张照片前驻足。照片是在海上拍的，大熊举起刚钓上的鱼，笑容灿烂。他上衣胸前印着一头狼，正朝着月亮嗥叫。 作为一名导游，他当时正在夏威夷带团旅游。工作之余，和人拼船去海钓，花掉100多美元。他体形大，看到当地服装店的大码上衣打折，10美元一件，他一口气买了29件，全都印着动物图案——朋友说，他最喜欢动物，也喜欢亲近自然。 7月5日，龚贺告别会现场指示牌。受访者供图. 如今，在北京八宝山殡仪馆，他正静静地躺在棺木中。 7月2日，大熊在颐和园带团讲解时，因高温诱发热射病，送医抢救无效去世。这名想“敛尽天下美景，尝遍各地风味”的导游，好不容易熬过了旅游业的寒冬，却在这个“充满了希望”的....,Coma-related; Heatstroke,China; Czechia; Denmark; Finland; Kenya; Norway; Sweden,"Beijing in Beijing, China; Finland; Sri Lanka; Sweden; Taiping in Zhejiang, China; Qilian in Qinghai, China; Huayuan in Hubei, China; Baoshan in Heilongjiang, China; Biru in Xizang, China; Burang in Xizang, China; Zhongxin in Yunnan, China; Copenhagen in Capital Region, Denmark; Kunming in Yunnan, China; Tongzhou in Beijing, China; Norway; Nanhai in Guangdong, China; Kenya; Czechia",,自然,bjnews.com.cn,Beijing news,China,Medical Official,Medical,414698468,bjnews.com.cn-6dd9ee7800d56d98749c956ba698fa24
2023-07-08T22:53:13.519Z,Italian,https://www.repubblica.it/moda-e-beauty/d/2023/07/09/news/importanza_parole_razzzismo_frasi-406530835/?rss,https://portal.who.int/eios/#/items/414698395/are-not-racist-i-have-a-friend-black-i-by-mum-i-tell-racism-unaware/full-article,"""Are not racist I have a friend"" black "". I, by mum, I tell racism unaware","""Non sono razzista ho un amico nero"". Io, da mamma, vi racconto il razzismo inconsapevole",,"I really do not understand racism in 2023 is absurd that still exist. For me, ‘them’ like us', I said a close friend. How often have we heard after the phrase 'are not racist”: “I have a black friend”, “my son is in group two of them and treat them in a normal way”, “if you....","Io davvero non capisco il razzismo, nel 2023 è assurdo che ancora esista. Per me “loro” sono come noi», mi disse un giorno un caro amico. Quante volte abbiamo sentito dopo la frase “non sono razzista”: “ho un amico nero”, “mio figlio ha in classe due di loro e li tratta in modo normale”, “se si....",Nerveagents,Congo; Italy,"Congo; Eritrea; Ethiopia; Bianco in Provincia di Reggio Calabria, Calabria, Italy; Paese in Provincia di Treviso, Veneto, Italy; Roma in Rome, Rome, Latium, Italy; United States of America; Democratic Republic of the Congo",Regina Elena; Lilian Thuram,,repubblica,La Repubblica,Italy,General News,webnews,414698395,repubblica-69581002ada87309e0b5a90be62d4228
2023-07-08T22:51:10.496Z,English,https://www.sundaytimes.lk/230709/sunday-times-2/200-million-workers-sent-647-billion-to-over-800-million-families-worldwide-524846.html,https://portal.who.int/eios/#/items/414698354/200-million-workers-sent-647-billion-to-over-800-million-families-worldwide/full-article,200 million workers sent $647 billion to over 800 million families worldwide,,"In 2022, 200 million migrant workers sent $647 billion to over 800 million family members in low and middle-income countries, including Sri Lanka. Remittances allow families to fight poverty, put food on the table, pay medical and education expenses and improve their housing, water and sanitation. 17 out of 54 countries rely on remittances for at least 4 per cent of their GDP.",,"In its press release last month, the Rome-based International Fund for Agricultural Development (IFAD) said that in 2022, 200 million migrant workers sent $647 billion to over 800 million family members in low and middle-income countries, including Sri Lanka. This is done with small transactions of $200 on average, 10 to 12 times a year.",Food Security And Food Aid,Cabo Verde; Gambia; Guinea-Bissau; Somalia; Sri Lanka,"Sri Lanka; Guinea-Bissau; Lesotho; Cabo Verde; Egypt; Sierra Leone; Gambia; Comoros; Somalia; Nairobi in Nairobi, Kenya; South Sudan",Alvaro Lario,United Nations General Assembly; IFAD; International Fund for Agricultural Development; Official Development; Global Forum; UN Office; World Bank,sundaytimes,The Sunday Times,Sri Lanka,General News,webnews,414698354,sundaytimes-ff55c15f25890ae309ea0a6916b14cf4
2023-07-08T22:51:10.797Z,English,https://www.sundaytimes.lk/230709/sunday-times-2/religion-as-a-refuge-for-scoundrels-in-cricket-and-politics-524836.html,https://portal.who.int/eios/#/items/414698356/religion-as-a-refuge-for-scoundrels-in-cricket-and-politics/full-article,Religion as a refuge for scoundrels in cricket and politics,,Religion is the last refuge of scoundrels in power because it provides some sort of legitimacy and a cover against criticism by world powers and the United Nations. The most outrageous example of using religion — Buddhism — as a protection against international criticism is of Myanmar’s military junta who staged a coup against a freely elected leader Aung San Suu Kyi.,,"The saying ‘Religion is the last refuge of the scoundrel’ does not do justice to religion. Scoundrels seek refuge in an infinite number of niches and if religions are the final refuge in the order of priorities of a scoundrel, are religions to be faulted? A scoundrel is described as one who violates....",Conflict,Afghanistan; Australia; China; India; Myanmar; Russian Federation; Singapore; Sri Lanka; Sweden; Ukraine; Zimbabwe,"Sri Lanka; Afghanistan; Zimbabwe; Australia; Nay Pyi Taw in Myanmar; China; Moscow in Moscow, Russian Federation; Singapore; South Africa; Sweden; India; Ukraine; United States of America",Namal Rajapaksa; Gotabhaya Rajapakse; Min Aung Hliang; Mahinda Rajapakse; Min Aung Hlaing; Tom Andrews; Narendra Modi; Aung San Suu Kyi; Deputy Speaker,United Nations; World Cup; EU; Association of Southeast Asian Nations; Cricket Stadium; Myanmar military; National League for Democracy,sundaytimes,The Sunday Times,Sri Lanka,General News,webnews,414698356,sundaytimes-a22ba858787a8afefe79a2e68e984e44
2023-07-08T22:51:12.979Z,French,https://www.sidwaya.info/blog/coupe-ufoa-b-u20-garcons-cote-divoire-burkina-faso-0-1/,https://portal.who.int/eios/#/items/414698338/cutting-fluid-ufoa-b-u20-boyscte-d-ivoire-burkina-faso-0-1/full-article,Cutting-fluid UFOA - B U20 boys/Côte d’ Ivoire - Burkina Faso: 0 - 1,Coupe UFOA-B U20 Garçons/ Côte d’Ivoire-Burkina Faso : 0-1,,"Beautiful entry of platinum. Burkina Faso has beaten (1 - 0) Côte d'ivoire on 7 July 2023 at the stage of Robert Champoux Marcory. Comptant Match for the opening of the 2 nd edition of the cup UFOA - B U20 boys in the hen A, foals of coach Traoré Brama are A good entry in the competition.","Belle entrée des Etalons. Le Burkina Faso a battu (1-0) la Côte d’Ivoire le 7 juillet 2023 au stade Robert Champoux de Marcory. Match comptant pour l’ouverture de la 2 e édition de la coupe UFOA-B U20 garçons dans la poule A, les poulains du coach Brama Traoré font une bonne entrée dans la compétition.",Natural Disasters,Burkina Faso; Côte d’Ivoire,Burkina Faso; Niger; Abidjan in Côte d’Ivoire; Ghana,Aime Cesaire,,sidwaya,Quotidien Sidwaya,Burkina Faso,General News,webnews,414698338,sidwaya-dd6d939069144f5dbeaa162d6eee0fec
2023-07-08T22:48:09.140Z,French,https://www.maliweb.net/international/des-liens-entre-le-polisario-et-les-mouvements-terroristes-au-sahel-3028034.html,https://portal.who.int/eios/#/items/414698230/links-between-the-polisario-and-the-terrorist-movements-in-sahel/full-article,Links between the polisario and the terrorist movements in sahel,Des liens entre le polisario et les mouvements terroristes au Sahel,,"The german radio “BR24” has devoted, Saturdays 08 July 2023 a detailed article to the presence of terrorist groups in africa, and their methods of propaganda on the internet and recruitment in areas of instability, especially in the polisario camps in Tindouf, southwest of Algeria.","La radio allemande “BR24” a consacré, samedi 08 juillet 2023 un article détaillé à la présence des groupes terroristes en Afrique, ainsi qu’à leurs méthodes de propagande sur internet et de recrutement dans des zones d’instabilité, en particulier dans les camps du polisario à Tindouf, au sud-ouest de l’Algérie.",Refugees and Internally Displaced Persons; Terrorist Attack,Algeria; Spain; Syria,"Algeria; Syria; Les in Lleida, Catalonia, Spain; Madrid in Madrid, Madrid, Madrid, Spain",Hans Jakob Schindler; Abu Walid,Counter Extremism Project; Facebook; Al Qaeda,maliweb,MaliWeb,Mali,General News,webnews,414698230,maliweb-f58d5e0f6977c3c927d6721851e269fc
2023-07-08T22:49:12.173Z,English,https://www.voanews.com/a/refugees-asylum-seekers-top-week-s-immigration-news/7172796.html,https://portal.who.int/eios/#/items/414698269/refugees-asylum-seekers-top-weeks-immigration-news/full-article,"Refugees, Asylum-Seekers Top Week’s Immigration News",,Tens of thousands of people are waiting in dangerous Mexican border towns to snag a spot on the CBP One app. humanitarian groups warn of deteriorating sanitary conditions at migrant camps. Millions of Syrians are coping with stress on multiple fronts as the civil war drags on.,,"Biden’s New Asylum Policy Strands Migrants at Mexico Border as Conditions Worsen. Officials said regulations and other Biden immigration policies are reducing illegal border crossings that had hit record highs in recent years. But in the first month of the new policy, Reuters interviews with more than 50 migrants, U.",Asylum seekers; Conflict; Migrants,Kenya; Mexico; Somalia,"Mexico; Netherlands; Sfax in Gouvernorat de Sfax, Tunisia; Tunisia; Somalia; Lamu in Kenya; Garissa in Kenya; Kenya; Mandera in Kenya",Margaret Besheer; Mark Rutte; Kithure Kindiki,United Nations; Dutch government; Interior Ministry; Volkspartij voor Vrijheid en Democratie,newsnow-co-uk,migration NGO - News Now,The United Kingdom,General News,webnews,414698269,newsnow-co-uk-f06cd87fca152270c33d45bf88224149
2023-07-08T22:45:10.972Z,English,https://radionigeria.gov.ng/tag/lagos-state-government/,https://portal.who.int/eios/#/items/414698157/lagos-state-government/full-article,Lagos State Government,,"The Lagos State Government has advocated the safe conversion of petrol-powered generators to Liquified Petroleum. Governor Babajide Sanwo-Olu made the call on Monday. The Nigerian Safety Investigation Bureau (NSIB) says it will soon release its report on the Lagos train bus accident that occurred earlier this month. A National Youth Service Corps member, Miss Oreoluwa Aina, has been buried.",,"A generating set with a gas cyclinder. Photo: Twitter @Nairametrics The Lagos State Government has advocated the safe conversion of petrol-powered generators to Liquified Petroleum...

The Lagos State Government has solicited the support of residents in mitigating the challenge of plastic waste. Governor Babajide Sanwo-Olu made the call on Monday.",Adolescents; Man-Made Disasters,Nigeria,"Lagos in Lagos, Nigeria",,Lagos State Government; National Youth Service,radionigeria,radionigeria,Nigeria,General News,webnews,414698157,radionigeria-4bfdaa37206c3d6a97110594a5828469
2023-07-08T22:45:12.156Z,English,https://authorityngr.com/2020/09/19/visa-ban-fg-knocks-us-uk/,https://portal.who.int/eios/#/items/414698166/visa-ban-fg-knocks-us-uk/full-article,"Visa ban: FG knocks US, UK",,"The government said it took note of the concerns of some of its partners, specifically the United States and the United Kingdom governments regarding the elections in Edo and Ondo States. The government also noted that both countries expressed their intention to take punitive measures against those they decide will be involved in ‘undermining democracy’",,"The Federal Government, yesterday firmly stressed that the United States and the United Kingdom have right to punish its election offenders adding that the country has ample provisions in its laws to sanction violators and perpetrators of electoral violence and fraud in the country.",Travel Restrictions,Nigeria; The United Kingdom; United States of America,"The United Kingdom; Edo in Tokyo, Japan; United States of America; Nigeria",Abdulsalami Abubakar; Ferdinand Nwonye,Electoral Commission; EU; States Government; Federal Government,authorityngr,Authority,United States of America,General News,webnews,414698166,authorityngr-32bfa1fd0be815b828ec976b3e99ce36
2023-07-08T22:45:11.282Z,English,https://authorityngr.com/2021/11/12/how-military-killed-49-insurgents-criminals-across-the-country/,https://portal.who.int/eios/#/items/414698159/how-military-killed-49-insurgents-criminals-across-the-country/full-article,"How military killed 49 insurgents, criminals across the country",,"The Armed Forces of Nigeria continued it’s aggressive operations across the country, killing 49 persons involved in terrorism, banditry and criminality. Director, Defence Media Operations (DMO) Brig.-Gen Benard Onyeuko disclosed this in Abuja on Thursday. He said that 1,186 of Boko Haram terrorists and their families comprising 226 adult males, 406 adult females and 555 children surrendered to troops of Operation Hadin Kai.",,"The Armed Forces of Nigeria continued it’s aggressive operations across the country, killing 49 persons involved in terrorism, banditry and criminality. Director, Defence Media Operations (DMO) Brig.-Gen Benard Onyeuko disclosed this in Abuja on Thursday while briefing journalists on the update of military operations across the country.",Terrorist Attack,Myanmar; Nigeria,"Abuja in FCT, Nigeria; Bakura in Nigeria; Bama in Borno State, Nigeria",Hadin Kai; Benard Onyeuko,Boko Haram; Armed Forces; DMO,authorityngr,Authority,United States of America,General News,webnews,414698159,authorityngr-b9413f4b7f819df136e2997a6df3fcd2
2023-07-08T22:45:11.796Z,English,https://authorityngr.com/2020/08/21/military-recounts-achievements-across-the-federation/,https://portal.who.int/eios/#/items/414698163/military-recounts-achievements-across-the-federation/full-article,Military recounts achievements across the federation,,"The various operations have progressed satisfactorily in all the theatres from 13-19 August 2020. The troops of Operation LAFIYA DOLE have continued to exhibit sustained resilience in the fight against terrorism in the North East zone of the Country. Troops of Operation DELTA SAFE have continued with the aggressive fight against the illegal bunkering, pipeline vandalism and illegal oil bunkering.",,"Address by the Coordinator: This morning, I will be briefing you on operations of the Armed Forces of Nigeria and other security agencies across the Country, in line with our weekly schedule. The various operations have progressed satisfactorily in all the theatres from 13-19 August 2020. NORTH-EAST ZONE 2.",Terrorist Attack,Chad; Myanmar; Nigeria,"Chad; London in Greater London, England, The United Kingdom",Sahel Sanity; Safe Haven; Lafiya Dole; Marine Solutions; Ocean Marine,Nigeria Police; Boko Haram; Armed Forces; Civil Military; North Central Zone; Christian Association of Nigeria; Strong Response Area; Nigerian military,authorityngr,Authority,United States of America,General News,webnews,414698163,authorityngr-c62b2d59fd568be49a9dfa93a7d02514
2023-07-08T22:33:09.390Z,Arabic,https://althawrah.ye/archives/816229,https://portal.who.int/eios/#/items/414697762/title/full-article,حسم معارك الخرطوم.. نهاية للحرب أم ولادة لأخرى ؟,,,,رغم الانتصارات التي حققها الجيش السوداني خلال الأيام الماضية في إخماد نيرات قوات الدعم السريع في منطقة أم درمان ومناطق أخرى في العاصمة الخرطوم، إلا أن الظهور المفاجئ لبعض القوى السياسية المدنية التي عقدت لقاءات ومؤتمرات تحت شعار “لا للحرب” أثار الشكوك من تحركات سياسية لدعم قوات الدعم السريع من شأنها....,Conflict,Sudan; Türkiye; Uganda,"Uganda; Cairo in Cairo, Egypt; Chad",عبد الفتاح; أبو بكر; مالك عقار,,AthThawrah-ar,Althawra news,Yemen,General News,webnews,414697762,AthThawrah-ar-4ce748855fabe909ac185624fc85ffb1
2023-07-08T22:32:10.602Z,English,http://www.sundayobserver.lk/2023/07/09/news/siripa-sevana-haven-drug-addicts,https://portal.who.int/eios/#/items/414697730/siripa-sevana-a-haven-for-drug-addicts/full-article,"Siripa Sevana, a haven for drug addicts",,"The Siripa Sevana rehabilitation centre in the Sudhagala village in the Kuruwita Divisional Secretariat division in the Ratnapura district marked its first year recently. The founder chairman and the Managing Director, Manoj Ganepalla, an experienced drug counsellor is the national director of Lanka Fundamental Rights Organisation. He is the National Organiser of the Commonwealth Buddhist Council and a member of the World Federation against Drugs. The rehabilitation course for 120 days involves treatment.",,"The Siripa Sevana rehabilitation centre in the Sudhagala village in the Kuruwita Divisional Secretariat division in the Ratnapura district marked its first year recently. The Siripa Sevana quarantine centre which opened on June 23, 2022 commemorated its first anniversary which included an all-night....",Travel Restrictions,Burkina Faso,"Centre in Centre, Burkina Faso; Centre in Centre, Haiti; Centre in Centre, Cameroon; Centre in Centre-Val de Loire, France",Maha Sangha,Ratnapura district; radical,sundayobserver,Sunday Observer,Sri Lanka,General News,webnews,414697730,sundayobserver-2611ca7d468b819b3d59eb170c971632
2023-07-08T22:28:06.926Z,Arabic,https://aawsat.com/%D8%A7%D9%84%D8%B9%D8%A7%D9%84%D9%85-%D8%A7%D9%84%D8%B9%D8%B1%D8%A8%D9%8A/%D8%A7%D9%84%D9%85%D8%B4%D8%B1%D9%82-%D8%A7%D9%84%D8%B9%D8%B1%D8%A8%D9%8A/4422811-%D9%87%D9%8A%D8%A6%D8%A9-%D8%B1%D9%88%D8%B3%D9%8A%D8%A9-%D9%85%D8%B3%D9%8A%D9%91%D8%B1%D8%A7%D8%AA-%D8%A7%D9%84%D8%AA%D8%AD%D8%A7%D9%84%D9%81-%D8%A7%D9%84%D8%AF%D9%88%D9%84%D9%8A-%C2%AB%D8%A7%D9%86%D8%AA%D9%87%D9%83%D8%AA%C2%BB-%D8%A8%D8%B1%D9%88%D8%AA%D9%88%D9%83%D9%88%D9%84%D8%A7%D8%AA-%D8%AA%D8%AC%D9%86%D8%A8,https://portal.who.int/eios/#/items/414697579/9-24/full-article,هيئة روسية: مسيّرات التحالف الدولي «انتهكت» بروتوكولات تجنب الصدام في سوريا 9 مرات خلال 24 ساعة,,,,على الرغم من إعلان السلطات العراقية فتحها تحقيقاً بشأن اختطاف الباحثة الإسرائيلية - الروسية، إليزابيث تسوركوف في العراق، فإن جداراً سميكاً من الغموض ما زال يحيط بمصيرها، خصوصاً مع عدم حديث السلطات عن أي تطور جديد في ملف التحقيق، بينما تشير مصادر إلى ضغوط تُمارس على بعض الفصائل الشيعية المسلحة لمعرفة مصيرها.,Conflict; Refugees and Internally Displaced Persons,"Belgium; France; Iran (Islamic Republic of); Iraq; Israel; Jordan; Lebanon; Mali; Occupied Palestinian territory, including east Jerusalem; Sweden; Syria; United States of America","Syria; Lebanon; Tarqūmyā in Occupied Palestinian territory, including east Jerusalem; Hebron in Occupied Palestinian territory, including east Jerusalem; Ramallah in Occupied Palestinian territory, including east Jerusalem; Al Judayyidah in Occupied Palestinian territory, including east Jerusalem; Janīn in Occupied Palestinian territory, including east Jerusalem; Qabalān in Occupied Palestinian territory, including east Jerusalem; Gaza in Gaza Strip, Occupied Palestinian territory, including east Jerusalem; المصدر in Gaza Strip, Occupied Palestinian territory, including east Jerusalem; Cyprus; France; Baghdad in Baghdad, Iraq; Al Qā’im in Al-Anbar Governorate, Iraq; Al Madīnah in Basra, Iraq; Balad in Salah ad Din, Iraq; Jordan; Qarchak in Ostān-e Tehrān, Iran (Islamic Republic of)",احمد محمد; Jean Yves Le Drian; Benjamin Netanyahu; محمود العالول; Suleiman Franjieh; Mohammad Raad; Mahmoud Abbas; Nabih Berri; Muhamad Ashteia; Joe Biden; أبو علي; رياض سلامة,Kataeb Party; United Nations; Free Patriotic Movement; Amal Movement; Hezbollah,aawsat-ar,Asharq Alawsat English Edition,Saudi Arabia,General News,webnews,414697579,aawsat-ar-45bafd0d945df15ce788d671b5692c81
2023-07-08T22:28:07.151Z,Arabic,https://aawsat.com/%D8%A7%D9%84%D8%B1%D9%8A%D8%A7%D8%B6%D8%A9/%D8%B1%D9%8A%D8%A7%D8%B6%D8%A9-%D8%B9%D8%A7%D9%84%D9%85%D9%8A%D8%A9/4422816-%D9%88%D9%8A%D9%85%D8%A8%D9%84%D8%AF%D9%88%D9%86-%D8%A3%D9%84%D9%83%D8%A7%D8%B1%D8%A7%D8%B3-%D8%A5%D9%84%D9%89-%D8%A7%D9%84%D8%AF%D9%88%D8%B1-%D8%AB%D9%85%D9%86-%D8%A7%D9%84%D9%86%D9%87%D8%A7%D8%A6%D9%8A-%D8%A8%D9%80%C2%AB%D8%B4%D9%82-%D8%A7%D9%84%D8%A3%D9%86%D9%81%D8%B3%C2%BB,https://portal.who.int/eios/#/items/414697580/title/full-article,ويمبلدون: ألكاراس إلى الدور ثمن النهائي بـ«شق الأنفس»,,,,لم يتوقع فياريال كل هذا التألق من نيكولاس جاكسون لكنه استقبله بأذرع مفتوحة عندما عاد مرة أخرى إلى إسبانيا على متن الطائرة نفسها، التي غادر فيها. كان ذلك في أواخر شهر يناير (كانون الثاني) الماضي ولم تسر الرحلة، التي كان من المفترض أن تكون في اتجاه واحد، كما كان مخططاً لها.,Coronavirus; Coronavirus Gathering,Gambia; Spain,"Banjul in Banjul, Gambia; Senegal; Bilbao in Biscay, Basque Country, Spain; Madrid in Madrid, Madrid, Madrid, Spain; Vigo in Pontevedra, Galicia, Spain",,Real Madrid; Real Betis,aawsat-ar,Asharq Alawsat English Edition,Saudi Arabia,General News,webnews,414697580,aawsat-ar-e90801a845493f67da2c35cd4ffde8b1
2023-07-08T22:27:08.418Z,English,https://thenewdawnliberia.com/liberia-greatest-enemies/,https://portal.who.int/eios/#/items/414697567/liberia-greatest-enemies/full-article,Liberia Greatest Enemies,,"Both greed and envy are listed as two of the SEVEN SINS in the Bible. These two human vices have destroyed countries and will continue to do so until humans become intelligent enough to realize this. The two vices are the root causes of social injustice, corruption, violence, dishonesty, ritualistic killings, sexual abuses, and economic imbalance. Leaders driven by these vices lose the power of seeing things as they really are.",,"Both greed and envy are listed as two of the SEVEN SINS in the Bible. These two human vices have destroyed countries and will continue to do so until humans become intelligent enough to realize this. These two vices are the root causes of social injustice, corruption, violence, dishonesty,....",Conflict; Society,Congo; Liberia; United States of America,"Congo; Monrovia in Montserrado County, Liberia; Democratic Republic of the Congo; Ghana; United States of America",Harry Truman; George Marshall; Ellen Johnson Sirleaf; Hilla Limann; Donald Trump; Charles MacArthur,Democratic Party; London Schools; Patriotic Party; OAU; Presidential Task Force; Marshall Plan; International Community; Students Association; Infrastructure Plan; Supreme Court,NewDawn,"The New Dawn Liberia, premier resource for latest news",Liberia,General News,webnews,414697567,NewDawn-e710ad45f75a39ffe80ea47b88844f86
2023-07-08T22:24:07.204Z,Arabic,https://alrai.com/article/10789311/%D8%B5%D8%AD%D8%A9-%D9%88%D8%AC%D9%85%D8%A7%D9%84/%D8%A7%D9%84%D9%83%D8%B1%D9%8A%D8%A7%D8%AA%D9%8A%D9%86%D9%8A%D9%86-%D9%88%D8%B2%D9%84%D8%A7%D9%84-%D8%A7%D9%84%D8%A8%D9%88%D9%84-%D9%88%D8%B9%D9%84%D8%A7%D9%82%D8%AA%D9%87%D9%85%D8%A7-%D8%A8%D8%A3%D9%85%D8%B1%D8%A7%D8%B6-%D8%A7%D9%84%D9%83%D9%84%D9%89,https://portal.who.int/eios/#/items/414697467/title/full-article,الكرياتينين وزلال البول وعلاقتهما بأمراض الكلى,,,,لورا فرح. الكرياتينين هو مخلفات لمواد كيماوية تنشأ عن الاستقلاب الناجم عن العضلات ويعتمد إنتاج الجسم للكرياتينين على الكتلة العضلية للشخص وتكون مستوياته أقل لدى النساء مقارنة بالرجال نتيجة للكتلة العضلية الكبيرة لدى الرجال مقارنة بالنساء. يتخلص الجسم من الكرياتينين عن طريق الكلى ويمكن أن يشير ارتفاع....,Natural Disasters,Cameroon,"Kousséri in Far North, Cameroon; El Bayadh in Algeria; Al Ḩamrā’ in Mafraq, Jordan",,,alrai,alrai,Jordan,General News,webnews,414697467,alrai-ad0dc2cc48d5259c40bb5665c58152c1
2023-07-08T22:22:08.405Z,Spanish; Castilian,https://pulsoslp.com.mx/estado/4-viviendas-afectadas-y-el-desborde-de-un-bordo-de-abrevadero-dejo-la-lluvia-en-armadillo-de-los-infante/1687020,https://portal.who.int/eios/#/items/414697412/4-homes-affected-and-will-cross-a-board-drinking-point-left-the-rain-in-the-hairy-infante/full-article,4 homes affected and will cross a board drinking point left the rain in the hairy infante,4 viviendas afectadas y el desborde de un bordo de abrevadero dejó la lluvia en Armadillo de los Infante,,"Four houses were affected in hairy of the child after the rain that there was this Friday, informed the state coordination of Civil protection (CEPC). The holder of the state dependence, Mauritius Ordaz flowers, said that it provided support to the families affected by the....","Cuatro viviendas resultaron afectadas en Armadillo de los Infante luego de la lluvia que se registró este viernes, informó la Coordinación Estatal de Protección Civil (CEPC). El titular de la dependencia estatal, Mauricio Ordaz Flores, dijo que se brindó apoyo a las familias afectadas por los....",Floods; Natural Disasters,Mauritius,"Mauritius; Flores in Departamento del Petén, Guatemala",,,pulsoslp,Pulsos LP,Mexico,General News,webnews,414697412,pulsoslp-74fe890e6d5253fc712edd8a2b817cef
2023-07-08T22:18:09.202Z,English,https://www.sudanspost.com/kiir-says-peace-and-stability-needed-for-conduct-of-transparent-elections/,https://portal.who.int/eios/#/items/414697301/kiir-says-peace-and-stability-needed-for-conduct-of-transparent-elections/full-article,Kiir says ‘peace and stability’ needed for conduct of transparent elections,,"South Sudan will on Sunday mark 12 years since obtaining independence from Sudan in July 2011. Since 2013, South Sudan has been in a deadly conflict that has killed more than half a million citizens and displaced millions of others. President Salva Kiir Mayardit on Saturday night called on the country’s citizens to engage in collective efforts to bring peace and stability.",,"South Sudan’s President Salva Kiir addresses a news conference at the State House in Juba, South Sudan March 28, 2022. [Photo by Jok Solomon/REUTERS] JUBA, JULY 8, 2023 (SUDANS POST) – President Salva Kiir Mayardit on Saturday night called on the country’s citizens to engage in collective efforts to....",Conflict; Refugees and Internally Displaced Persons,South Sudan; Sudan,Juba in South Sudan,Salva Kiir,State House; Sudans Post,SudansPost,Sudans Post,South Sudan,General News,webnews,414697301,SudansPost-d8068eecacf804081e1b23c1c3825019
2023-07-08T22:18:07.011Z,Arabic,https://www.alanba.com.kw/1190861,https://portal.who.int/eios/#/items/414697277/title/full-article,مستشفى السيف يجري عملية ناجحة لمريض يعاني من ألم «العصب الخامس» في الوجه,,,,في إنجاز جديد يضاف إلى الإنجازات العديدة لمستشفى السيف وطواقمها الطبية المتمرسة والتي تحمل خبرة طويلة من العمل الطبي أجرى استشاري جراحة المخ والأعصاب والعمود الفقري في مستشفى السيف د.عبدالرحمن الكندري عملية جراحية معقدة لمريض يعاني من آلام مبرحة في العصب الخامس لمنطقة الوجه، وتمت العملية بحضور رئيس قسم التخدير في المستشفى د.,Health system capacity; Pain,Eritrea,"Assab in Southern Red Sea, Eritrea",علي سلامة,,alanba,Alanba,Kuwait,General News,webnews,414697277,alanba-4dc2d99a308b79e50650fa4bc67ca302
2023-07-08T22:16:08.020Z,Arabic,https://www.el-massa.com/dz/%D8%A7%D9%84%D8%AD%D8%AF%D8%AB/%D9%88%D9%81%D9%80%D8%A7%D8%A1-%D9%88%D8%A7%D9%84%D8%AA%D8%B2%D8%A7%D9%85-%D8%AF%D8%A7%D8%A6%D9%85-%D8%A8%D9%86%D8%B5%D8%B1%D8%A9-%D9%82%D8%B6%D9%8A%D8%A9-%D8%A7%D9%84%D8%A3%D9%85%D9%80%D8%A9,https://portal.who.int/eios/#/items/414697187/title/full-article,وفـاء والتزام دائم بنصرة قضية الأمـة,,,,❊ رئيس الجمهورية أكد أن دعم فلسطين من أولويات الجزائر. بمنحها مساهمة مالية بقيمة 30 مليون دولار للمساعدة على إعمار مدينة جنين الفلسطينية بعد العمليات العسكرية التي شنها الكيان الصهيوني فيها، تكون الجزائر قد أكدت مرة أخرى التزامها بدعم قضية الأمة، خاصة أنها وضعتها ضمن أولوياتها في ظرف تحاول بعض....,Humanitarian Aid,"Algeria; Israel; Occupied Palestinian territory, including east Jerusalem","Occupied Palestinian territory, including east Jerusalem; Algeria; Al-Quds in Jerusalem, Israel",عبد المجيد; Mahmoud Abbas,United Nations General Assembly; United Nations,el-massa,el massa,Algeria,General News,webnews,414697187,el-massa-40b1ffd7f465d8cd02fb18fbab4b1ab2
2023-07-08T22:16:10.999Z,Portuguese,https://www.noticiasaominuto.com/mundo/2357213/chuvas-intensas-fazem14-mortos-na-capital-economica-da-costa-do-marfim,https://portal.who.int/eios/#/items/414697217/heavy-rains-fazem14-dead-in-ivory-coasts-economic-capital/full-article,Heavy rains fazem14 dead in ivory coast's economic capital,Chuvas intensas fazem14 mortos na capital económica da Costa do Marfim,,"S deaths occurred in certain districts in Yopougon and Attécoubé and the majority has been caused by landslides, according to the information put forward by the local police and quoted by spanish agency EFE. The news of the death of four elements of the same family, A grandmother daughter and two grandchildren....","A s mortes ocorreram nos bairros de Yopougon e Attécoubé e a maioria foi causada por deslizamentos de terras, segundo informações avançadas pela polícia local e citadas pela agência espanhola EFE.

As notícias dão conta da morte de quatro elementos da mesma família - uma avó, a filha e os dois netos....",Landslides; Natural Disasters; Social cohesion,Côte d’Ivoire,Yopougon in Côte d’Ivoire,,,noticiasaominuto,noticiasaominuto,Brazil,General News,webnews,414697217,noticiasaominuto-13d2802e1d788f7120fbd51f75818926
2023-07-08T22:15:04.261Z,English,https://www.observer.ug/lifestyle/78434-three-is-a-crowd-will-this-be-david-s-wakeup-call,https://portal.who.int/eios/#/items/414697131/three-is-a-crowd-will-this-be-davids-wakeup-call/full-article,Three is a crowd: Will this be David’s wakeup call?,,"David and Diane have been married for years; then there is Julie, the young secretary whose axis collides with the couple's in ways none of them saw coming. David and Diane were in a car accident that left Diane with cracked ribs, a slipped disc and fractured arm, but no serious injuries to any of her vital organs.",,"(Continued from last issue) David and Diane have been married for years; then there is Julie, the young secretary whose axis collides with the couple’s in ways none of them saw coming. DAVID. Once I had sat down again, and Kenneth saw that I was ready to listen to him, he took a breath, then in a....",Floods; Natural Disasters,Uganda,,Kenneth To,,observer-ug,The Observer - Uganda,Uganda,General News,webnews,414697131,observer-ug-1f04d3b4287828516ac8b674499b8c4b
2023-07-08T22:14:04.579Z,Arabic,https://www.aleqt.com/2023/07/09/article_2579716.html,https://portal.who.int/eios/#/items/414697111/title/full-article,الاستثمار الأجنبي .. المناخ أولوية,,,,يعد الاستثمار الأجنبي المباشر أحد أسرع الأنشطة الاقتصادية نموا في جميع أنحاء العالم بعد التجارة الدولية، حيث شهد في العقود الأخيرة ارتفاعا غير مسبوق، وقد عكف عديد من الباحثين في مجال المال والأعمال والاقتصاد على دراسة منافعه الإيجابية على اقتصادات الدول المضيفة له، كما انصب اهتمام جزء آخر منهم على....,Coronavirus; Coronavirus Gathering,Comoros; Ukraine,"Sima in Ndzuwani, Comoros; Ukraine; Russian Federation",,United Nations,aleqt,aleqt,Saudi Arabia,General News,webnews,414697111,aleqt-8a3dc828fdbdbdb977eb125dbc3b4698
2023-07-08T22:14:04.749Z,Arabic,https://www.aleqt.com/2023/07/08/article_2579956.html,https://portal.who.int/eios/#/items/414697112/title/full-article,الذكاء الاصطناعي قد يتحول إلى كابوس للبشر .. هل تتمرد الروبوتات على صناعها؟,,,,قالت الروبوتات التي عرضت في منتدى للذكاء الاصطناعي إنها تتوقع زيادة عددها والمساعدة على حل المشكلات العالمية، لكنها لن تسرق وظائف البشر أو تتمرد عليهم. لكن في المؤتمر الصحافي الأول في العالم للروبوتات، أعطت ردودا متباينة حول ما إذا كان ينبغي لها الخضوع لقوانين أكثر صرامة.,Conflict,Switzerland; Zimbabwe,"Epworth in Harare, Zimbabwe; Sofia in Sofia-Capital, Bulgaria",,International Telecommunication Union; United Nations,aleqt,aleqt,Saudi Arabia,General News,webnews,414697112,aleqt-6dc4b8bf6afc47975ddbbb1f9bcdada2
2023-07-08T22:11:04.893Z,Arabic,https://www.akhbarelyoum.dz/ar/200235/327104-0,https://portal.who.int/eios/#/items/414697007/title/full-article,هل يستمر المنحى التصاعدي؟,,,,الصادرات خارج المحروقات.. هل يستمر المنحى التصاعدي؟ ـ الهدف: بلوغ 13 مليار دولار مع نهاية 2023 ن. أ تشهد الصادرات خارج المحروقات بالجزائر ديناميكية غير مسبوقة حيث قفزت من 1.7 مليار دولار سنة 2019 إلى 7 مليار دولار في 2022 مع تسطير هدف بلوغ 13 مليار دولار مع نهاية السنة الجارية وهو ما يعتبر تجسيدا....,Coronavirus; Coronavirus Gathering,Algeria,"Algeria; Moscow in Moscow, Russian Federation",عبد المجيد,United Nations General Assembly,akhbarelyoum,akhbarelyoum,Algeria,General News,webnews,414697007,akhbarelyoum-c91de069b1bc7afc87b7db8b4edd8f56
2023-07-08T22:03:06.381Z,French,https://gabonactu.com/3-batiments-de-guerre-de-la-marine-chinoise-font-escale-a-libreville/,https://portal.who.int/eios/#/items/414696682/3-buildings-of-war-navy-chinese-make-stop-overs-libreville/full-article,3 buildings of war navy chinese make stop-overs Libreville,3 bâtiments de guerre de la marine chinoise font escale à Libreville,,It is a historic event which occurred this Saturday at new port of Owendo. 3 bâtiments of war of the navy of the people's liberation army of china landed in morning one after the other in this port usually dedicated to the embarkation and disembarkation of daily consumer goods.,C’est un événement historique qui s’est produit ce samedi au Nouveau port d’Owendo. 3 bâtiments de guerre de la marine de l’armée populaire de libération de Chine ont accosté en matinée l’un après l’autre dans ce port habituellement dédié à l’embarquement et le débarquement des biens de consommation courante.,Man-Made Disasters,China; Congo; Gabon,"Libreville in Estuaire, Gabon; Angola; Ghana; South Africa; Guinea; Nigeria; China; Brazzaville in Congo; Democratic Republic of the Congo",Li Jinjin,,gabonactu,Gabon actu,Gabon,General News,webnews,414696682,gabonactu-2ffc6eb81034ff9ab4d52ba0ae9bd133
2023-07-08T21:50:04.310Z,Arabic,https://www.albawaba.com/ar/%D8%B5%D8%AD%D8%AA%D9%83%D9%90-%D9%88%D8%AC%D9%85%D8%A7%D9%84%D9%83%D9%90/%D9%81%D9%88%D8%A7%D8%A6%D8%AF-%D9%81%D9%8A%D8%AA%D8%A7%D9%85%D9%8A%D9%86-%D8%A7%D9%88%D8%B1%D8%AB%D9%88%D9%83%D8%A7%D9%84-orthocal-dk-1502807,https://portal.who.int/eios/#/items/414696254/orthocal-dk/full-article,فوائد فيتامين اورثوكال OrthoCal-DK,,,,فيتامين اورثوكال OrthoCal-DK هو مكمل غذائي يستخدم لعلاج نقص فيتامين د والكالسيوم Ca، يستخدم في حالات تلين العظام، هشاشة العظام، قصور جارات الدرقية، وبالإضافة إلى بعض الأمراض العضلية كالتكزز المستتر، ويقي فيتامين OrthoCal-DK من نقص الكلس عند الأشخاص الأكثر عرضة لذلك، مثل المرأة خلال فترة الحمل....,Constipation; Headache; Tetanus; Vomiting,Cameroon,"Kousséri in Far North, Cameroon",,,albawaba-ar,Albawaba (arabic),Jordan,General News,webnews,414696254,albawaba-ar-9db551f25408d644652cd29fd1934954
2023-07-08T21:37:16.019Z,English,https://www.newtimes.co.rw/article/8867/news/health/rwanda-fda-confirms-absence-of-medicine-linked-to-child-deaths-in-cameroon,https://portal.who.int/eios/#/items/414695778/rwanda-fda-confirms-absence-of-medicine-linked-to-child-deaths-in-cameroon/full-article,Rwanda FDA confirms absence of medicine linked to child deaths in Cameroon,,"Rwanda FDA checked its import system and confirmed that the incriminated products 'a cough syrup called NATURCOLD, manufactured by Fraken in India' never entered the Rwandan market.",,"Rwanda FDA checked its import system and confirmed that the incriminated products 'a cough syrup called NATURCOLD, manufactured by Fraken in India' never entered the Rwandan market.",Children-Youth; Cough,India; Rwanda,Rwanda; Cameroon; India,,,newtimes-RW,The New Times - Rwanda,Rwanda,General News,webnews,414695778,newtimes-RW-0afa7cffe80f03e6789baab69666ec56
2023-07-08T21:36:14.106Z,Arabic,https://gphin.canada.ca/cepr/showarticle.jsp?docId=1014211512,https://portal.who.int/eios/#/items/414695741/new-cases-of-hemorrhagic-fever-in-nineveh/full-article,New cases of hemorrhagic fever in Nineveh,اصابات جديدة بمرض الحمى النزفيه في نينوى,,"The director of the veterinary hospital, Uday al-Abadi, said in a statement to the Iraqi National News Agency / Nina / that ""the veterinary hospital recorded three new cases of hemorrhagic fever in Ayman Mosul, a week after recording two cases of the same disease and the death of another patient.","وقال مدير المستشفى البيطري عدي العبادي في تصريح للوكالة الوطنيةالعراقيةللانباء/نينا /ان"" المستشفى البيطري سجل ثلاث اصابات جديدة بالحمى النزفية في ايمن الموصل بعد اسبوع من تسجيل اصابتين بنفس المرض ووفاة مصاب اخر ""
واضاف العبادي إن"" الشباب الذين اصيبوا بالحمى النزفية جميعهم يعملون في بيع المواشي ،""....",Children-Youth; Emergingdisease; Hemorrhagic fever,Eritrea; Iraq,"Edd in Southern Red Sea, Eritrea; Mosul in Nineveh, Iraq",,,gphin,gphin,Canada,Medical,wire,414695741,gphin-57ecc84b79c265fb3023744ac5a6382e
2023-07-08T21:32:15.836Z,English,https://hal.science/hal-04156573v1,https://portal.who.int/eios/#/items/414695613/hal-04156573v1/full-article,hal-04156573v1,,,,"Food products of animal origin such as fresh meat are easily contaminated by microorganisms if handling, processing and storage conditions are not fully respected. The present study aimed first to evaluate the bacterial load and microbial contamination rates of ground raw beef to identify the main....",Escherichia coli Infection; Hafnia; MRSA; Pullorum disease; Salmonella pullorum; Salmonellosis; Staphylococcal infection,Algeria,Constantine in Algeria,,,hal-archives-ouvertes,HAL archives ouverts,France,Unknown,Medical,414695613,hal-archives-ouvertes-e53f723900a7449f1865a8d195f3f8f1