﻿importDateUTC,language,externalLink,eiosLink,title,originalTitle,summary,translatedDescription,description,categories,mentionedCountries,locations,mentionedPersons,mentionedOrgsEntities,source,sourceName,sourceCountry,sourceSubject,sourceType,id,emmId
2023-06-18T18:45:05.906Z,Arabic,https://alnwrs.com/2023/06/130359/,https://portal.who.int/eios/#/items/413003535/16/full-article,إذا عرف السبب … مستقبل حميدتي.. (16) ملاحظة … أسامه عبد الماجد,,,,إذا عرف السبب. مستقبل حميدتي.. (16) ملاحظة. أسامه عبد الماجد. إذا عرف السبب. الاحد 18 يونيو 2023. ¤ أولا: حظى المتمرد حميدتي بمكانة – غير مستحقة – لاستناده على ثقله العسكري والمالي.. الان تحطم العتاد وقتلت القوات.. وضيق الجيش الخناق على اعماله التجارية وامواله.. مما يعني فقدانه كل عناصر قوته وفي فترة قصيرة.,Conflict; Food poisoning,Kenya; Mali; Sudan; United States of America; Yemen,"Nairobi in Nairobi, Kenya; Yemen",عبد الماجد; جون قرنق,,elnwrsnews,elnwrsnews,Sudan,General News,webnews,413003535,elnwrsnews-bcb80ca7a5539fe23edf97171e085c92
2023-06-18T18:45:05.550Z,English,https://www.the-star.co.ke/news/2023-06-18-attackers-wanted-withdrawal-of-updf-from-congo-museveni/,https://portal.who.int/eios/#/items/413003531/attackers-wanted-withdrawal-of-updf-from-congo-museveni/full-article,Attackers wanted withdrawal of UPDF from Congo - Museveni,,President Yoweri Museveni says the attack on a school in western Uganda was a calculated move by the ADF rebels to force the withdrawal of UPDF forces from DRC. He said the criminal and desperate terrorist act on Nyabugaando Peter Hunter Secondary School was a result of mounting pressure on ADF by DRC and Ugandan forces in West and North of Rwenzori Mountain.,,President Yoweri Museveni says Friday night's attack on a school in western Uganda that left 37 students dead was a calculated move by the ADF rebels to force the withdrawal of UPDF forces from DRC. He said the criminal and desperate terrorist act on Nyabugaando Peter Hunter Secondary School was a....,Terrorist Attack,Congo; Democratic Republic of the Congo; Uganda,"Congo; Uganda; North in China, Hong Kong SAR; North in North, Cameroon; South in South, Cameroon; South in South, Iceland; Democratic Republic of the Congo",Yoweri Museveni; Yoweri K Museveni; Peter Hunter,,thestarkenya,The star - kenya,Kenya,General News,webnews,413003531,thestarkenya-3a0f6b5663bea065c96beffd7cdb4859
2023-06-18T18:43:07.616Z,English,https://sacoronavirus.co.za/2023/06/18/media-advisory-deputy-president-paul-mashatile-to-address-the-11th-sa-aids-conference-in-durban/,https://portal.who.int/eios/#/items/413003439/media-advisory-deputy-president-paul-mashatile-to-address-the-11th-sa-aids-conference-in-durban/full-article,MEDIA ADVISORY: DEPUTY PRESIDENT PAUL MASHATILE TO ADDRESS THE 11TH SA AIDS CONFERENCE IN DURBAN,,"DEPUTY PRESIDENT PAUL MASHATILE TO ADDRESS THE 11TH SA AIDS CONFERENCE in DURBAN. The 11th SA AIDS Conference scheduled to take place from 20-23 June 2023, will be held under the theme: “Act, Connect and End the Epidemic’",,"MEDIA ADVISORY. DEPUTY PRESIDENT PAUL MASHATILE TO ADDRESS THE 11TH SA AIDS CONFERENCE IN DURBAN. To: All Media/News Editors. Date: 18 June 2023. Deputy President Paul Mashatile, in his capacity as the Chairperson of the South African National AIDS Council (SANAC), will on Tuesday, 20 June 2023,....",Epidemic; HIV infection-AIDS,South Africa,"Pretoria in Pretoria, City of Tshwane, City of Tshwane Metropolitan Municipality, Gauteng, South Africa",Steve Letsike; Foster Mohale; Albert Luthuli; Paul Mashatile; Nomusa Dube-Ncube; Joe Phaahla,Strategic Plan; African Development; Media News; International AIDS Conference; National Aids Council; International Convention Center,health.gov.za,DOH South Africa,South Africa,Medical Official,Medical,413003439,health.gov.za-d129e430fc97aa43d80a7ef3bdacaae4
2023-06-18T18:43:07.726Z,English,https://sacoronavirus.co.za/2023/06/16/11th-saaids-conference-2023/,https://portal.who.int/eios/#/items/413003440/11th-saaids-conference-2023/full-article,11th SAAIDS Conference 2023,,"11th SAAIDS Conference 2023, under the Theme: “Act, Connect and End the Epidemic” will be at the Durban ICC on the 20th-23rd June 2023. Now, more than ever before, we need to ACT to end the epidemic that has been a part of our lives for decades.",,"The 11th SAAIDS Conference 2023, under the Theme: “Act, Connect and End the Epidemic” will be at the Durban ICC on the 20th-23rd June 2023. Now, more than ever before, we need to ACT to end the epidemic that has been a part of our lives for decades.",Epidemic,South Africa,"Durban in KwaZulu-Natal, South Africa",,,health.gov.za,DOH South Africa,South Africa,Medical Official,Medical,413003440,health.gov.za-76e793346e22719c5c0a99117d2b58b2
2023-06-18T18:40:03.213Z,English,https://english.aawsat.com/arab-world/4388351-lebanon%E2%80%99s-maronite-patriarch-slams-%E2%80%98cold-blooded-violation-constitution%E2%80%99,https://portal.who.int/eios/#/items/413003288/lebanons-maronite-patriarch-slams-cold-blooded-violation-of-constitution/full-article,Lebanon’s Maronite Patriarch Slams ‘Cold-blooded Violation of Constitution’,,"Military units from both countries carried out maneuvers with F16 aircraft and B1B bombers. Ground operations were also carried out, using Abrams tanks to fire artillery against minefields. The exercise, which began on June 5 in several regions of the Kingdom, saw the participation of 6,000 military personnel.",,"Units from the Royal Armed Forces (FAR) and American forces took part in major air and ground military maneuvers, on Friday at Cap Draa (north of Tan-Tan), at the end of the ""African Lion 2023"" exercise. Major General Mohammed Berrid, Inspector General of FAR and Commander of the South Zone, and....",Conflict; Terrorist Attack,"Chad; Czechia; Guatemala; Honduras; Hungary; Israel; Lebanon; Morocco; Occupied Palestinian territory, including east Jerusalem; Russian Federation; Slovakia; Sudan; Syria; United States of America","Lebanon; Khartoum in Khartoum, Sudan; Occupied Palestinian territory, including east Jerusalem; Morocco; Chad; Czechia; Moscow in Moscow, Russian Federation; Slovakia; Guatemala; Syria; Honduras; Hungary; Jaffa in Tel Aviv, Israel; Al-Quds in Jerusalem, Israel; West Jerusalem in Jerusalem, Israel",Michael Langley; Benjamin Netanyahu; Alexander Nikolaevich Yakovlev; Mikhail Bogdanov; Sergej Makarow; Spencer Cox; King George V; Mohammed Berrid,Consulate General; United Nations; Southern European Task Force; Armed Forces; Rapid Support Forces; United States Army; Israeli ministry; National Guard; Russian embassy,aawsat,Asharq Alawsat English Edition,Saudi Arabia,General News,webnews,413003288,aawsat-9544133c46547b77f4c4ae8d8888691f
2023-06-18T18:37:03.446Z,English,https://abcnews.go.com/International/wireStory/ugandan-border-town-prepares-bury-victims-rebel-massacre-100176760,https://portal.who.int/eios/#/items/413003142/ugandan-border-town-buries-victims-of-rebel-massacre-that-left-42-dead-mostly-students/full-article,"Ugandan border town buries victims of rebel massacre that left 42 dead, mostly students",,"U.N. Secretary-General António Guterres condemns the attack. One of eight people wounded in the attack, in which 38 students were killed, died overnight. Ugandan authorities believe at least six students were abducted, taken as porters. The attack is blamed on the Allied Democratic Forces, or ADF.",,"KAMPALA, Uganda -- A bereaved Ugandan border town on Sunday began burying the victims of a brutal attack on a school by suspected extremist rebels that left 42 people dead, most of them students, as security forces stepped up patrols along the frontier with volatile eastern Congo.",Conflict; Suicide; Terrorist Attack,Democratic Republic of the Congo; Uganda,"Kinshasa in Kinshasa, Democratic Republic of the Congo",Janet Museveni; Antonio Guterres; Yoweri Museveni,Congo government,ABCnews,ABC News,United States of America,General News,webnews,413003142,ABCnews-27e8b01b14a48b2b3b431f8081cbb5b3
2023-06-18T18:33:18.885Z,Arabic,https://www.omandaily.om/%d8%a3%d9%81%d9%83%d8%a7%d8%b1-%d9%88%d8%a2%d8%b1%d8%a7%d8%a1/na/%d8%a7%d9%84%d8%ba%d8%b1%d8%a8-%d9%8a%d8%af%d9%81%d8%b9-%d8%ab%d9%85%d9%86-%d8%ad%d9%86%d8%ab%d9%87-%d8%a8%d9%88%d8%b9%d9%88%d8%af%d9%87-%d9%84%d9%84%d8%af%d9%88%d9%84-%d8%a7%d9%84%d9%86%d8%a7%d9%85%d9%8a%d8%a9,https://portal.who.int/eios/#/items/413002935/title/full-article,الغرب يدفع ثمن حنثه بوعوده للدول النامية,,,,ترجمة: أحمد شافعي - وعود مغدورة، وفرص مهدرة، وعجز عن رؤية الصورة الأكبر: تلك هي قصة النهج الغربي تجاه البلاد النامية في السنين الأخيرة. عهود قطعت للمساعدة بأموال في الانهيار المناخي ثم لم يوف بها. لقاحات اختزنت. ميزانيات دعم تقلصت. من أي وجهة نظر -سواء أهي جيوسياسية إم إنسانية أم بيئية- تمثل....,"Coronavirus; Death and Coronavirus; Death, Disabilities and Coronavirus; Disabilities; Disabilities and Coronavirus; Epidemic",China; France; Mali; The United Kingdom; Ukraine,"Beijing in Beijing, China; Russian Federation; Paris in Paris, Paris, Île-de-France, France; London in Greater London, England, The United Kingdom",Emmanuel Macron; Tony Blair; Gordon Brown; Joe Biden,United Nations; International Monetary Fund; World Bank,omandaily,omandaily,Oman,General News,webnews,413002935,omandaily-12242be55001fe13476045cf96570861
2023-06-18T18:33:19.331Z,Arabic,https://www.omandaily.om/%d8%a3%d9%81%d9%83%d8%a7%d8%b1-%d9%88%d8%a2%d8%b1%d8%a7%d8%a1/na/%d8%b9%d8%b4%d8%b1-%d8%ae%d8%b1%d8%a7%d9%81%d8%a7%d8%aa-%d8%b9%d9%86-%d8%a5%d8%b3%d8%b1%d8%a7%d8%a6%d9%8a%d9%84,https://portal.who.int/eios/#/items/413002938/title/full-article,عشر خرافات عن إسرائيل,,,,دأب الكيان الصهيوني منذ إنشائه على قلب الحقائق؛ ساعده في ذلك سيطرته على وسائل الإعلام العالمية، في وقت يكاد يغيب فيه دور الإعلام العربي عن الساحة؛ لكن ذلك لم يمنع من ظهور أصوات إسرائيلية تقول الحقيقة عن الخرافات والأساطير التي رددها الكيان الإسرائيلي منذ عام 1948 وحتى الآن، المتعلقة بأصول ما يسمى دولة إسرائيل وهويتها.,AttackonHCW; Conflict; Indigenous Peoples,"Australia; Israel; Lebanon; Norway; Occupied Palestinian territory, including east Jerusalem; South Africa","Oslo in Oslo County, Norway; Lebanon; South Africa; Gaza in Gaza Strip, Occupied Palestinian territory, including east Jerusalem; Haifa in Haifa, Israel; Al-Quds in Jerusalem, Israel",عبد الحليم,Hezbollah,omandaily,omandaily,Oman,General News,webnews,413002938,omandaily-09b74b2eddd908c9cc6703858e4fe23a
2023-06-18T18:30:15.489Z,Portuguese,https://www.correiodopovo.com.br/not%C3%ADcias/cidades/defesa-civil-de-canoas-alerta-para-possibilidade-de-cheia-do-rio-dos-sinos-1.1049692,https://portal.who.int/eios/#/items/413002686/civil-defence-of-canoes-warns-possibility-of-river-flood-of-bells/full-article,Civil defence of canoes warns possibility of river flood of bells,Defesa Civil de Canoas alerta para possibilidade de cheia do Rio dos Sinos,,"The municipalities of metropolitan region Porto Alegre still account for the damage caused by cyclone extratropical the Rio Grande do Sul from Thursday. On behalf of the heavy rains which hit the sierra and the coastline north, the vent rivers by senior volumes rain....","Os municípios da Região Metropolitana de Porto Alegre ainda contabilizam os prejuízos provocados pelo ciclone extratropical que atingiu o Rio Grande do Sul a partir de quinta-feira. Por conta das fortes chuvas que atingiram a Serra e o Litoral Norte, a vazão dos rios pelos altos volumes de chuva....",Cyclonic storm; Natural Disasters,Cabo Verde,Praia in Cabo Verde,Estael Sias; Santos Ferreira,,correiodopovo,correiodopovo - Rio Grande do Sul,Brazil,General News,webnews,413002686,correiodopovo-34b5bae23bab1f73785aa045f02e5131
2023-06-18T18:27:15.545Z,English,https://gulfnews.com/world/europe/pope-francis-back-to-vatican-routine-post-surgery-1.96479188,https://portal.who.int/eios/#/items/413002630/pope-francis-back-to-vatican-routine-post-surgery/full-article,Pope Francis back to Vatican routine post-surgery,,"Pope Francis resumed his cherished Sunday custom of greeting the public in St. Peter's Square. He expressed thanks for the comfort he received after surgery and thanked the crowd shouting “Long live the pope!” The 86-year-old pontiff sounded a bit breathless and hoarse at times, but he clearly looked delighted to be back to his routine.",,"Vatican City: Two days after being discharged from the hospital, Pope Francis resumed his cherished Sunday custom of greeting the public in St. Peter’s Square, expressing thanks for the comfort he received after surgery and thanking the crowd shouting “Long live the pope!”

Before launching into....",Migrants; Refugees and Internally Displaced Persons; Terrorist Attack,Greece; Holy See; Uganda,"Holy See; Uganda; Congo; Roma in Rome, Rome, Latium, Italy; Greece; Democratic Republic of the Congo",Pope Francis,United Nations,gulfnews,Gulf news (English),United Arab Emirates,General News,webnews,413002630,gulfnews-a603e33ba7ed757863ab6f2e6a46bf4d
2023-06-18T18:25:18.418Z,English,https://www.nampa.org/index.php?model=categories&function=display&id=22223924,https://portal.who.int/eios/#/items/413002552/afp-uganda-school-attack-museveni/full-article,AFP - Uganda-school-attack-Museveni,,"Ugandan President Yoweri Museveni vows to eliminate the militants responsible for massacring at least 41 people in a ""cowardly, terrorist"" attack on a school. ""Their action -- the desperate, cowardly, terrorist action -- will not save them,"" he says in a statement.",,"URGENT Uganda school attack 'desperate, cowardly': President Museveni Kampala, June 18, 2023 (AFP) - Ugandan President Yoweri Museveni on Sunday vowed to eliminate the militants responsible for massacring at least 41 people in a ""cowardly, terrorist"" attack on a school in the country's west.",Terrorist Attack,Uganda,Kampala in Uganda,Yoweri Museveni,,nampa,Namibian Press Agency,Namibia,General News,webnews,413002552,nampa-5c8902530043215b57f532fac9317e22
2023-06-18T18:23:15.532Z,Arabic,https://www.dostor.org/4427333,https://portal.who.int/eios/#/items/413002461/42/full-article,بلدة حدودية أوغندية تدفن 42 قتيلًا من ضحايا مذبحة المتمردين,,,,أعلنت بلدة حدودية أوغندية مفككة اليوم الأحد عن دفن ضحايا هجوم وحشي على مدرسة من قبل متمردين متطرفين مشتبه بهم خلف 42 قتيلا، معظمهم من الطلاب، حيث كثفت قوات الأمن دورياتها على طول الحدود مع شرق الكونغو المتقلبة. وقال سيليست مابوز، عمدة بلدة مبوندوي- لوبيريها، إن واحدًا من ثمانية أشخاص أصيبوا في هجوم....,Conflict,Congo,"Congo; Lille in North, Hauts-de-France, France",,,dostor,Aldostour,Egypt,General News,webnews,413002461,dostor-263468f2f0b7b96ed6aaec898748b805
2023-06-18T18:23:15.728Z,Arabic,https://www.dostor.org/4427339,https://portal.who.int/eios/#/items/413002463/2023/full-article,الجزائر تتغلب على أوغندا بثنائية في تصفيات كأس أمم إفريقيا 2023,,,,تغلب المنتخب الجزائري على مضيفه الأوغندي بهدفين مقابل هدف، في المباراة التي جمعتهما مساء اليوم على ملعب (جابوما ستاديوم) بمدينة دوالا الكاميرونية، في إطار الجولة الخامسة من المجموعة السادسة لتصفيات كأس الأمم الإفريقية 2023. وبتلك النتيجة، رفع منتخب الجزائر (المتأهل سلفًا إلى النهائيات)، رصيده إلى 15....,Conflict,Algeria; Niger; Uganda,"Algeria; Uganda; Douala in Littoral, Cameroon; United Republic of Tanzania; Niger",Mohammed Amin,,dostor,Aldostour,Egypt,General News,webnews,413002463,dostor-499b3b1886b73048316012ca25ef8f52
2023-06-18T18:23:16.069Z,English,https://antiguanewsroom.com/us-imposes-visa-restrictions-for-some-ugandans-following-adoption-of-anti-gay-law/,https://portal.who.int/eios/#/items/413002467/us-imposes-visa-restrictions-for-some-ugandans-following-adoption-of-anti-gay-law/full-article,US imposes visa restrictions for some Ugandans following adoption of anti-gay law,,"Washington is imposing visa restrictions for some targeted Ugandans accused of ""undermining the democratic process"" after the enactment of an anti-gay law. A statement from the State Department did not name any targeted individuals. Uganda’s new law, adopted last month, punishes homosexuality, including with the death penalty in some cases.",,"A gay Ugandan man covers himself with a pride flag as he poses for a photograph in Uganda on March 25, 2023. Washington is imposing visa restrictions for some targeted Ugandans accused of ""undermining the democratic process"" after the enactment of an anti-gay law in the East African country, a statement said Friday, June 16, 2023.",Travel Restrictions,Uganda,"Uganda; Washington in City of Washington, Washington, Washington, D.C., United States of America",,State Department,antiguanewsroom,Welcome-Antigua News Room,Antigua and Barbuda,General News,webnews,413002467,antiguanewsroom-d83e3b47c613e8dea028c85396b4da91
2023-06-18T18:22:14.029Z,English,https://tribuneonlineng.com/akinwumi-adesina-revolutionised-agric-sector-as-nigerias-minister-agribusiness-expert/,https://portal.who.int/eios/#/items/413002416/akinwumi-adesina-revolutionised-agric-sector-as-nigerias-minister-agribusiness-expert/full-article,Akinwumi Adesina revolutionised agric sector as Nigeria’s minister— Agribusiness Expert,,"President of the African Development Bank, Dr. Akinwunmi Adesina, has been commended for implementing positive and far-reaching policies that helped in revolutionising Nigeria’s agricultural sector. The Managing Partner, Sahel Capital Agribusiness Managers, Mezuo Nwuneli, gave the commendation in a report published by the British Broadcasting Corporation. As Minister of Agriculture in Nigeria from 2011 to 2015 Dr.Adesina turned the agriculture sector of Nigeria around within four years.",,"President of the African Development Bank, Dr. Akinwunmi Adesina, has been commended for implementing positive and far-reaching policies that helped in revolutionising Nigeria’s agricultural sector during his tenure as Nigeria’s Minister of Agriculture.",Adolescents; Food Security And Food Aid,Nigeria,"Nigeria; Capital in Manama, Bahrain; Sahel in Burkina Faso",Akinwumi Adesina; Antonio Guterres; Akinwunmi Adesina,United Nations; BBC; Nobel Prize; African Development Bank,tribuneonlineng,Tribune online Nigeria,Nigeria,General News,webnews,413002416,tribuneonlineng-329cfe2ea2843e65b7f99b852e0cef85
2023-06-18T18:14:12.356Z,Spanish; Castilian,https://prensacomunitaria.org/2023/06/el-mito-de-rios-montt-y-el-fantasma-de-la-derrota-que-acecha-a-zury-rios/,https://portal.who.int/eios/#/items/413002204/the-myth-of-rios-montt-and-the-ghost-of-defeat-threatening-zury-rivers/full-article,The myth of rios Montt and the ghost of defeat threatening Zury rivers,El mito de Ríos Montt y el fantasma de la derrota que acecha a Zury Ríos,,"Time of reading: 30 minutes. The shadow of his father, general Efrain Rios Montt plans to every four years since Zury rivers has been premise for the presidency. The dictator no longer lives, but the schedule established to weaken the foundations of democracy is at the heart of many local structures and networks.","Tiempo de lectura: 30 minutos. La sombra de su padre, el general Efraín Ríos Montt planea cada cuatro años desde que Zury Ríos se ha postulado para la presidencia. El dictador ya no vive, pero el esquema establecido para debilitar las bases de la democracia sigue en el seno de muchas estructuras y redes locales.",Children-Youth; Conflict; Genocide; Indigenous Peoples,Guatemala; Israel; Mauritius; Peru; Puerto Rico; Saint Lucia; Spain,"Alba in Teruel, Aragon, Spain; Santiago in Santiago Metropolitan, Chile; San José in Provincia de San José, Costa Rica; Quesada in Provincia de Alajuela, Costa Rica; Israel; Mauritius; Valenzuela in Cordoba, Andalusia, Spain; Arévalo in Avila, Castille and León, Spain; Villatoro in Avila, Castille and León, Spain; Martínez in Avila, Castille and León, Spain; Herrera in Seville, Andalusia, Spain; Contreras in Burgos, Castille and León, Spain; Santa Cruz in Provincia de Guanacaste, Costa Rica; Mazariegos in Palencia, Castille and León, Spain; María in Almeria, Andalusia, Spain; Nájera in La Rioja, La Rioja, Spain; Barillas in Navarre, Navarre, Spain; Batres in Madrid, Madrid, Spain; Cifuentes in Guadalajara, Castille-La Mancha, Spain; Mayorga in Valladolid, Castille and León, Spain; Linares in Jaén, Jaén, Jaen, Andalusia, Spain; León in Leon, Castille and León, Spain; Madrid in Madrid, Madrid, Madrid, Spain; Alfaro in La Rioja, La Rioja, Spain; Villegas in Burgos, Castille and León, Spain; Palencia in Palencia, Palencia, Castille and León, Spain; Oliva in Oliva, Valencia, Valencia, Spain; Ávila in Ávila, Avila, Castille and León, Spain; Portillo in Valladolid, Castille and León, Spain; Garcia in Tarragona, Catalonia, Spain",Alfonso Portillo; Efrain Rios Montt; Harold Caballeros; Moises Galindo; Edmond Mulet; Rosa Su; Ivan Arevalo; Alberto Fuentes; Alejandro Giammatei; Enrique Degenhart; Carlos Alberto Martínez; Roberto Arzú; Jafeth Cabrera; Gonzalez Garcia; Juan Francisco; Yassmin Barrios; Patricia Ruiz; Oscar Berger; Carlos Pineda; Humberto Hernández; Enrique Bautista; Steven Dudley; Luis Galindo; Jose Fernando; Edgar Morales; Carlos Enrique; Blanca Alfaro; Ríos Sosa; Charles Smith; Jaime Martinez; Teresa Sosa; Mayor Riesgo; Jorge Serrano Elias; Diego Soto; Isaac Farchi; Francisco Reyes; Claudia Paz; Cesar Estrada; Hector Ramirez; Carlos Humberto; Ricardo Saenz; Roberto Molina; Lucia Rivera; Sandra Jovel; Luis Rosales; Roberto López Villatoro; Gregory Charles; Fernando Romeo Lucas Garcia; Alejandro Sinibaldi; Jimmy Morales; Claudia Patricia; Jerry Weller; Byron Lima; Fernando Garcia; Dionisio Gutiérrez; Zona Militar; Enrique Rios; Alvaro Arzu; Lucrecia Marroquín de Palomo; Jorge Ubico; Ricardo Mendez Ruiz,Agriculture Ministry; Prensa Libre; Facebook; Libertad Democratica Renovada; Universidad Francisco Marroquin; La Hora; Partido Patriota; Front National; Mouvement réformateur; Consejo de Estado; Los Zetas; Policia Nacional; Supreme Court; El Jueves; Instituto Nacional de Estadistica; Fuerza Aérea,prensacomunitaria,Prensa Comunitaria - Periodismo comunitario e investigacion,Guatemala,General News,webnews,413002204,prensacomunitaria-f5ff21707ad3c22d7e9e369b62b8c649
2023-06-18T18:11:15.840Z,Arabic,https://www.elkhabar.com/press/article/230470/%D8%B3%D9%8A%D8%AF%D9%8A-%D8%A8%D9%84%D8%B9%D8%A8%D8%A7%D8%B3-%D8%AD%D8%AC%D8%B2-%D8%A7%D8%AC%D9%87%D8%B2%D8%A9-%D8%B5%D8%B9%D9%82-%D9%83%D9%87%D8%B1%D8%A8%D8%A7%D8%A6%D9%8A-%D9%81%D9%8A-%D8%AD%D8%A7%D8%AC%D8%B2-%D8%A3%D9%85%D9%86%D9%8A/,https://portal.who.int/eios/#/items/413002172/title/full-article,سيدي بلعباس: حجز اجهزة صعق كهربائي في حاجز أمني,,,,تمكنت السرية الاقليمية للدرك الوطني بسيدي بلعباس بالتنسيق مع أفراد فصيلة الأبحاث من تفكيك شبكة تهريب مشكلة من فردين يبلغان من العمر 23 و 26 سنة على التوالي من خلال عملية مكنت أيضا من حجز اجهزة وأدوات واسلحة بيضاء ذات درجة عالية من الخطورة، اثر اخضاع سيارة أجرة إلى التفتيش على مستوى احدى نقاط المراقبة بداخل اقليم ولاية سيدي بلعباس.,Teargas,Algeria,"Sidi Bel Abbes in Algeria; Al Ain in Abu Dhabi, United Arab Emirates",,,elkhabar,El khabar,Algeria,General News,webnews,413002172,elkhabar-1efe1e34cfd1e7765fb100824b085810
2023-06-18T18:09:11.917Z,French,https://www.senenews.com/actualites/necrologie-fatou-keita-est-finalement-decedee-lhistoire-triste-dune-mere-de-triples_448758.html,https://portal.who.int/eios/#/items/413002090/alert-info-moratorium-fatou-keta-is-finally-decd-history-sad-a-mother-of-triplets-socit-in-senegal-unfortunately-some-women-lose-still-life-in-giving/full-article,"Alert Info moratorium: Fatou Keïta is finally dec'd, history sad a mother of triplets société - in senegal, unfortunately, some women lose still life in giving birth. To Bakel, a bride prénommée Fatou Keita, aged 26 years, is...","Alerte Info Nécrologie : Fatou Keïta est finalement décédée, l’histoire triste d’une mère de triplés Societe - Au Sénégal, malheureusement, certaines femmes perdent encore la vie en donnant naissance. À Bakel, une jeune mariée prénommée Fatou Keita, âgée de 26 ans, est ...",,"In senegal, unfortunately, some women are still losing their lives by giving birth. To Bakel, a bride prénommée Fatou Keita, aged 26 years, died after having been evacuated to hospital of Ourossogui shortly after having given birth to triplets.","Au Sénégal, malheureusement, certaines femmes perdent encore la vie en donnant naissance. À Bakel, une jeune mariée prénommée Fatou Keita, âgée de 26 ans, est décédée après avoir été évacuée à l’hôpital de Ourossogui peu de temps après avoir accouché de triplés.",Pain,Senegal,Senegal,Alioune Tine,,senenews,senenews,Senegal,General News,webnews,413002090,senenews-0f7796987887d56448f488d8c096e8f3
2023-06-18T18:10:14.230Z,Arabic,https://alintibaha.net/online/166108/,https://portal.who.int/eios/#/items/413002114/title/full-article,الهدنة انتهكت .. تبا لكم يا مسهلين,,,,الهدنة انتهكت اليوم فى شرق النيل ومليشيا الدعم السريع اطلقت النار على سكان شرق النيل الحاج يوسف واصابت مواطنا بالرصاص اصابه خطيرة وهو الان فى غرفة العمليات نسأل الله له النجاة . نعلم ان المليشيا لاتلتزم بالهدنة المعلنة وتخرقها فى اول دقائق لها وتستغل الهدنة فى ارتكاب المزيد من الانتهاكات وتصبح سانحة....,Conflict,Niger,"Niger; Al Wusta Governorate in Muḩāfaz̧at al Wusţá, Oman",,,Alintibaha,Alintibaha,Sudan,General News,webnews,413002114,Alintibaha-70891c97d5c0ccf1cd14b590ef1405e2
2023-06-18T18:08:12.457Z,Arabic,https://fibladi.com/news/%d8%b9%d8%b1%d9%82%d8%a7%d8%a8-%d8%af%d8%b9%d9%85-%d8%a7%d9%84%d8%ac%d8%b2%d8%a7%d8%a6%d8%b1-%d9%84%d8%a5%d8%aa%d9%81%d8%a7%d9%82-%d8%a3%d9%81%d8%b1%d8%a7-%d9%82%d9%8a%d9%85-%d9%88%d8%a3%d8%b3/,https://portal.who.int/eios/#/items/413002001/title/full-article,عرقاب : دعم الجزائر لإتفاق “أفرا” قيم وأساسي بالنسبة للوكالة الدولية للطاقة الذرية,,,,الجزائر – أبرز وزير الطاقة والمناجم، محمد عرقاب، يوم الأحد بالجزائر العاصمة، أن الوكالة الدولية للطاقة الذرية تعتبر الدور الذي تلعبه الجزائر في إفريقيا من خلال دعمها لإتفاق التعاون الإقليمي الإفريقي للبحث والتنمية والتكوين في مجال العلم والتكنولوجيا النوويين “أفرا” “قيما وأساسيا”، سواء من حيث....,Coronavirus; Coronavirus Gathering,Algeria; Azerbaijan,"Algeria; Baku in Baku City, Azerbaijan",عبد المجيد; عبد الكريم,International Atomic Energy Agency,fibladi,Fibladi,Algeria,General News,webnews,413002001,fibladi-59cb0ff5a7e12036b09e1f2925ddff62
2023-06-18T18:08:12.077Z,English,https://www.thisdaylive.com/index.php/2023/06/18/cole-urges-tinubu-to-focus-on-tackling-hunger,https://portal.who.int/eios/#/items/413001998/cole-urges-tinubu-to-focus-on-tackling-hunger/full-article,Cole Urges Tinubu to Focus on Tackling Hunger,,"Governor candidate of All Progressives Congress in Rivers State, Tonye Cole, has called on President Bola Tinubu to prioritise the eradication of hunger. He urged the President to draw lessons from China’s successful approach and develop a simple and feasible model to combat hunger in Nigeria.",,"Folalumi Alaran in Abuja. The gubernatorial candidate of All Progressives Congress in Rivers State, Tonye Cole, has called on President Bola Tinubu to prioritise the eradication of hunger for the overall progress of the nation. He made the remarks during the unveiling of Nigeria’s hunger report by the T200 Foundation in Abuja yesterday.",Food Security And Food Aid,China; Nigeria,"Abuja in FCT, Nigeria; Apapa in Lagos, Nigeria; China; Sokoto in Sokoto State, Nigeria; Lagos in Lagos, Nigeria",Bola Tinubu; Tonye Cole; Identification Number,Federal Capital Territory; Progressives Congress; World Bank,thisdaylive,thisdaylive,Nigeria,General News,webnews,413001998,thisdaylive-59c0ee61c51ca515f1e4ea233e3d449f
2023-06-18T18:06:11.239Z,English,https://www.thepresidency.gov.za/speeches/address-deputy-president-paul-mashatile-30th-annual-graduations-and-thanksgiving-service-international-pentecost-holiness-church-iphc-zuurbekom%2C-west-rand,https://portal.who.int/eios/#/items/413001882/address-by-deputy-president-paul-mashatile-at-the-30th-annual-graduations-and-thanksgiving-service-of-the/full-article,Address by Deputy President Paul Mashatile at the 30th Annual Graduations and Thanksgiving Service of the,,"Premier of Gauteng, Ntate Panyaza Lesufi and Deputy Minister Pinky Kekana attended the ceremony. They were joined by Priests and Members of the Congregation. The ceremony marked the 30 th Annual IPHC Graduations and Thanksgiving ceremony.",,"Our Premier of Gauteng, Ntate Panyaza Lesufi His Grace Comforter F L G Modise; Ntate wa Rona, kere Khotso, Morena. Happy Fathers to you and all the Fathers. Mme Warona Mme Masechaba, Mme MmaModise Priest MK Mohlala, Chair of Council Priest AJ Wessie, Chair of EXCO Priest Makwana, Secretary of EXCO....",Adolescents; HIV infection-AIDS; Social cohesion,South Africa,"Ubuntu in Northern Cape, South Africa",Paul Mashatile,Thanksgiving Service,thepresidency-za,The Presidency of The Republic of South Africa,South Africa,General News,webnews,413001882,thepresidency-za-40dc12e5c92b5d49af944cd5c4f66b3d
2023-06-18T18:06:11.399Z,English,https://www.thepresidency.gov.za/press-statements/deputy-president-paul-mashatile-address-11th-sa-aids-conference-durban,https://portal.who.int/eios/#/items/413001883/deputy-president-paul-mashatile-to-address-the-11th-sa-aids-conference-in-durban/full-article,Deputy President Paul Mashatile to address the 11th SA Aids Conference in Durban,,"The 11 th SA AIDS Conference scheduled to take place from 20-23 June 2023, will be held under the theme: “Act, Connect and End the Epidemic” The conference will also provide a platform for taking stock of the post pandemic South African HIV/AIDS, TB and STIs response and to deliberate on emerging priorities.",,"Deputy President Paul Mashatile, in his capacity as the Chairperson of the South African National AIDS Council (SANAC), will on Tuesday, 20 June 2023, deliver a keynote address during the Opening Session of the 11 th South African AIDS Conference, at the Inkosi Albert Luthuli International Convention Centre in Durban, KwaZulu-Natal province.",Epidemic; HIV infection-AIDS,South Africa,"Durban in KwaZulu-Natal, South Africa; Pretoria in Pretoria, City of Tshwane, City of Tshwane Metropolitan Municipality, Gauteng, South Africa",Steve Letsike; Foster Mohale; Albert Luthuli; Paul Mashatile; Nomusa Dube-Ncube; Joe Phaahla,Strategic Plan; African Development; International AIDS Conference; National Aids Council; International Convention Center,thepresidency-za,The Presidency of The Republic of South Africa,South Africa,General News,webnews,413001883,thepresidency-za-de5f4671de75ee94b4324854c0a48db4
2023-06-18T18:06:18.471Z,Turkish,https://www.aa.com.tr/tr/dunya/iit-ugandada-okula-duzenlenen-teror-saldirisini-kinadi/2925429,https://portal.who.int/eios/#/items/413001946/iit-ugandada-okula-dzenlenen-terr-saldrsn-knad/full-article,"İİT, Uganda'da okula düzenlenen terör saldırısını kınadı",,,,"Teşkilattan yapılan yazılı açıklamada, Uganda'da bir okula düzenlenen terör saldırısında hayatını kaybedenlerin yakınlarına, Uganda hükümetine ve halkına başsağlığı dilendi. Açıklamada, İİT'nin söz konusu saldırıyı şiddetle kınadığı, terörün her şeklini reddettiği ve terörle mücadelede Uganda yönetiminin yanında olduğu ifade edildi.",Terrorist Attack,Congo; Uganda,Uganda; Congo; Democratic Republic of the Congo,,,aa,Anadolu Ajans,Türkiye,General News,webnews,413001946,aa-817cdd5af74709e6e9b98ba4c4403ab4
2023-06-18T18:05:13.976Z,Arabic,https://aawsat.com/%D8%A7%D9%84%D8%B9%D8%A7%D9%84%D9%85/%D8%A3%D9%88%D8%B1%D9%88%D8%A8%D8%A7/4389106-%D8%B1%D9%88%D8%B3%D9%8A%D8%A7-%D8%A7%D9%84%D8%A7%D8%B4%D8%AA%D8%A8%D8%A7%D9%83%D8%A7%D8%AA-%D9%85%D8%AD%D8%AA%D8%AF%D9%85%D8%A9-%D9%81%D9%8A-%D8%A3%D9%88%D9%83%D8%B1%D8%A7%D9%86%D9%8A%D8%A7-%D9%88%D8%A8%D8%B9%D8%AB%D8%A9-%D8%A7%D9%84%D8%B3%D9%84%D8%A7%D9%85-%D8%A7%D9%84%D8%A3%D9%81%D8%B1%D9%8A%D9%82%D9%8A%D8%A9-%D8%AA%D8%BA%D8%A7%D8%AF%D8%B1-%D8%AE%D8%A7%D9%84%D9%8A%D8%A9-%D8%A7%D9%84%D9%88%D9%81%D8%A7%D8%B6,https://portal.who.int/eios/#/items/413001870/title/full-article,روسيا: الاشتباكات محتدمة في أوكرانيا وبعثة السلام الأفريقية تغادر خالية الوفاض,,,,قالت روسيا إن معارك ضارية اندلعت، اليوم (الأحد)، عبر ثلاثة قطاعات على المواجهة في أوكرانيا غداة استضافتها بعثة سلام أفريقية لم تنجح مهمتها سواء في موسكو أو كييف. وقال مسؤول عينته روسيا إن أوكرانيا استعادت قرية بياتيخاتكي في منطقة زابوريجيا في جنوب البلاد، وإن قواتها تتحصن هناك بينما تتعرض لنيران المدفعية الروسية.,Conflict; Floods,Russian Federation; South Africa; Ukraine,"Moscow in Moscow, Russian Federation; Vladimir in Vladimirskaya Oblast’, Russian Federation; Azov in Rostov, Russian Federation; South Africa; Kherson in Khersons’ka Oblast’, Ukraine; Odesa in Odessa, Ukraine; Donetsk in Donets’ka Oblast’, Ukraine; Kiev in Ukraine",Thierry Breton; Vladimir Putin; وكالة رويترز; Volodymyr Zelenskyj,EU,aawsat-ar,Asharq Alawsat English Edition,Saudi Arabia,General News,webnews,413001870,aawsat-ar-0de2bd195430d06d6d38e43042e1fb43
2023-06-18T18:08:16.186Z,English,https://www.taipeitimes.com/News/world/archives/2023/06/19/2003801781,https://portal.who.int/eios/#/items/413002033/new-truce-in-sudan-follows-more-airstrikes/full-article,New truce in Sudan follows more airstrikes,,"New truce in Sudan follows more airstrikes ‘NOT SUFFICIENT’: More than a truce was needed to bring back normalcy, a man who lives in Omdurman said. On Saturday, warplanes struck residential districts of Khartoum, killing “17 civilians, including five children,” a citizens’ support committee said.",,"‘NOT SUFFICIENT’: More than a truce was needed to bring back normalcy, a man who lives in Omdurman said, while airstrikes in the capital on Saturday killed 17 people

A fresh ceasefire yesterday took effect in Sudan after intense fighting that saw deadly airstrikes in Khartoum and an exodus of wounded over the border into Chad.",Conflict; Refugees and Internally Displaced Persons; Terrorist Attack,Chad; Saudi Arabia; Sudan,"Khartoum in Khartoum, Sudan; Chad; Saudi Arabia; United States of America",Abdel Fattah al Burhan; Hamdan Daglo; Mohammed Hamdan,Rapid Support Forces; Armed Forces,taipeitimes,taipeitimes  - English news Taiwan,"Taiwan, China",General News,webnews,413002033,taipeitimes-598286531557a4e3faff0eb11e35b01d
2023-06-18T18:01:11.700Z,Arabic,https://www.akhbarelyoum.dz/ar/200235/326729-0,https://portal.who.int/eios/#/items/413001621/213/full-article,213 عون حماية يرافقون حجاج الجزائر,,,,بمختلف مناطق البقاع المقدسة 213 عون حماية يرافقون حجاج الجزائر يسهر 213 عون للحماية المدنية على راحة الحجاج الميامين بمختلف مناطق البقاع المقدسة بداية من الاستقبال بالمطار والترحيل والاسكان مرورا بالحماية والارشاد والاعاشة. وأكد العقيد فؤاد لعلامي رئيس وحدة الحماية في بعثة الحج الجزائرية انه من بين....,Ecology; Hajj,Algeria,Algeria; Makkah in Saudi Arabia,,,akhbarelyoum,akhbarelyoum,Algeria,General News,webnews,413001621,akhbarelyoum-08cd53996505488dd4db22901256ba8a
2023-06-18T18:01:12.244Z,Arabic,https://www.shorouknews.com/news/view.aspx?cdate=18062023&id=7232c3c4-b363-4663-888e-4300180f66fe,https://portal.who.int/eios/#/items/413001625/title/full-article,ألمانيا تعلن رفض طلب المجلس العسكري في مالي مغادرة قوات حفظ السلام,,,,"أكدت ألمانيا، اليوم الأحد، أن طلب المجلس العسكري في مالي بمغادرة قوات حفظ السلام التابعة للأمم المتحدة للبلاد ""دون إبطاء"" مدفوع سياسيا وإن برلين لا تزال ترغب في انسحاب منظم لقواتها بحلول مايو 2024. وقدمت السلطات العسكرية المؤقتة في مالي الطلب يوم الجمعة مشيرة إلى وجود ""أزمة ثقة"" بين سلطات البلاد....",Conflict,China; Germany; Mali,"Mali; Russian Federation; France; China; Berlin in Bezirk Mitte, Berlin, Berlin, Stadt, Land Berlin, Germany",وكالة رويترز,,shorouk,shorouk,Egypt,General News,webnews,413001625,shorouk-584abcb7be884609bebd111ed23517d5
2023-06-18T17:59:12.055Z,Arabic,https://www.alayam24.com/articles-433562.html,https://portal.who.int/eios/#/items/413001493/title/full-article,بعد استدعاء سفيرها بالرباط بسبب الجزائر.. تركيا تعين سفيرا جديدا لها في المغرب,,,,أعلن وزير الخارجية التركي الجديد، هاكان فيدان، عن تعيين سفراء جدد لبلاده في عدة دول، من بينها المغرب. وتم تعيين مصطفى إيلكر كيليش، وهو دبلوماسي متمرس، سفيرا لتركيا في الرباط. ونقلت تقارير تركية، عن وزير الخارجية التركي الجديد، المعين حديثا من طرق الرئيس طيب رجب أردوغان، إعلانه عن أسماء سفراء تركيا....,Conflict,Algeria; Morocco; Poland; Türkiye; Ukraine,Algeria; Russian Federation; Türkiye; France; Rabat in Morocco; Ukraine; Paraguay; Spain; Poland,Mohammed VI; عمر الفاروق,,alayam24,alayam24,Morocco,General News,webnews,413001493,alayam24-d6aaaa9d5356c2054608a73fcc16dc87
2023-06-18T17:58:17.378Z,French,https://www.bbc.com/afrique/monde-50807956,https://portal.who.int/eios/#/items/413001411/refugees-exposed-to-climate-change/full-article,Refugees exposed to climate change,Les réfugiés exposés au changement climatique,,"In nigeria, the temporary camps of Maiduguri hosting persons who fled the insurgents of Boko Haram entrants in the north-east of the country, have also been affected by floods following heavy rainfall in August, according to the Centre of Monitoring of internally displaced persons (Internal Displacement Monitoring Centre - IDCM).","Au Nigéria, les camps temporaires de Maiduguri abritant des personnes qui ont fui les insurgés de Boko Haram venus du nord-est du pays, ont également été touchés par des inondations à la suite des fortes pluies d'août, selon le Centre de monitoring des déplacés internes (Internal Displacement Monitoring Centre - IDCM).",Conflict; Drought; Floods; Natural Disasters; Refugees and Internally Displaced Persons,Nigeria; Sudan,"Maiduguri in Borno State, Nigeria; Sudan; Chad",Mamadou Sow,Displacement Monitoring Centre; United Nations High Commissioner for Refugees; United Nations; Red Cross; Boko Haram; Comite international,bbc-french-africa,BBC French,The United Kingdom,General News,webnews,413001411,bbc-french-africa-04d5e6198d85131b35c6cd209bcb0943
2023-06-18T17:58:18.496Z,Lithuanian,https://kauno.diena.lt/naujienos/sveikata/sveikata/ka-valgyti-birzeli-naudingiausios-sviezios-gerybes-1128821,https://portal.who.int/eios/#/items/413001422/in-june-we-eat-useful-for-fresh-goods/full-article,In June we eat: useful for fresh goods,Ką valgyti birželį: naudingiausios – šviežios gėrybės,,"Brake. Not one of the favourite identi fying Brakes as berries, so enjoy the best month of June. Not only the red beauty palatable, but extremely useful and eating brakių beaker add 150% of vitamin C intake. They are valuable and vitamin A, vitamin E and b-group,...","Brakės. Brakes ne vienas įvardija kaip mėgstamiausias uogas, tad jomis mėgautis birželis geriausias mėnuo. Raudonosios gražuolės ne tik skanios, bet ir be galo naudingos suvalgę stiklinę brakių gausite 150 proc. vitamino C paros normos. Jos yra ir vertingas vitaminų A, E ir B grupės vitaminų,....",Phosphorus and its compounds,Nigeria,"Jos in Plateau State, Nigeria",,,kaunodiena,Kauno Diena,Lithuania,General News,webnews,413001422,kaunodiena-2772f2dd549b14b0617b4c67fa433d4b
2023-06-18T17:58:17.996Z,Arabic,https://www.annahar.com/arabic/section/10-%d8%af%d9%88%d9%84%d9%8a%d8%a7%d8%aa/262710/%d8%a3%d9%84%d9%85%d8%a7%d9%86%d9%8a%d8%a7-%d8%aa%d8%b1%d9%81%d8%b6-%d8%b7%d9%84%d8%a8-%d8%a7%d9%84%d9%85%d8%ac%d9%84%d8%b3-%d8%a7%d9%84%d8%b9%d8%b3%d9%83%d8%b1%d9%8a-%d9%81%d9%8a-%d9%85%d8%a7%d9%84%d9%8a-%d9%85%d8%ba%d8%a7%d8%af%d8%b1%d8%a9-%d9%82%d9%88%d8%a7%d8%aa-%d8%ad%d9%81%d8%b8-%d8%a7%d9%84%d8%b3%d9%84%d8%a7%d9%85,https://portal.who.int/eios/#/items/413001416/title/full-article,ألمانيا ترفض طلب المجلس العسكري في مالي مغادرة قوات حفظ السلام,,,,"صورة ارشيفية- جنود فرنسيون يؤمنون إجلاء أجانب خلال تبادل لإطلاق النار مع الجهاديين في جاو شمال مالي (10 شباط 2013، أ ب).

قالت ألمانيا، اليوم الأحد، إن طلب المجلس العسكري في مالي مغادرة قوات حفظ السلام التابعة للأمم المتحدة للبلاد ""من دون إبطاء"" مدفوع سياسيا، وإن برلين لا تزال ترغب في انسحاب منظم لقواتها بحلول أيار 2024.",Conflict,China; Germany; Mali,"Mali; Russian Federation; France; China; Berlin in Bezirk Mitte, Berlin, Berlin, Stadt, Land Berlin, Germany",,,annahar,Annahar,Lebanon,General News,webnews,413001416,annahar-1b9f87dbe82a28629c7d3d91162d0fd6
2023-06-18T17:58:19.379Z,French,https://www.nouvelobs.com/societe/20230618.OBS74666/manouchian-au-pantheon-blinken-en-chine-lr-en-refondation-cinq-infos-a-retenir-du-week-end.html,https://portal.who.int/eios/#/items/413001431/manouchian-at-pantheon-blinken-in-china-litrer-in-refondation-five-infos-folr-weekend/full-article,"Manouchian at pantheon, Blinken in China, litrer in refondation… five infos folr weekend","Manouchian au Panthéon, Blinken en Chine, LR en refondation… Cinq infos à retenir du week-end",,"Missak Manouchian in the pantheon. A rescapé of the armenian genocide, stateless persons and communist in the pantheon: Emmanuel Macron announced Sunday the entry of Missak Manouchian, resistance hero in the temple of personalities that have marked the history of the french nation.","Missak Manouchian au Panthéon. Un rescapé du génocide arménien, apatride et communiste au Panthéon : Emmanuel Macron a annoncé dimanche l’entrée de Missak Manouchian, héros de la Résistance, dans le temple des personnalités qui ont marqué l’histoire de la nation française.",Conflict,China; France; Uganda,"China; La Rochelle in Nouvelle-Aquitaine, France; Marseille in Bouches-du-Rhône, Provence-Alpes-Côte d'Azur, France; Paris in Paris, Paris, Île-de-France, France; Ivry-sur-Seine in Val-de-Marne, Île-de-France, France; Uganda",Emmanuel Macron; Jacques Witt; Eric Ciotti; Tony Blinken; Xavier Bertrand; Gerard Larcher,Stade Toulousain,rue89,rue 89,France,General News,webnews,413001431,rue89-22dfb86eb1214ccc199b12a13e4d92ba
2023-06-18T17:59:17.262Z,English,https://www.malawivoice.com/2023/06/18/five-die-in-karonga-accident/,https://portal.who.int/eios/#/items/413001535/five-die-in-karonga-accident/full-article,Five die in Karonga accident,,A lorry carrying people who were going to a funeral at Nyungwe overturned at the spot. According to unconfirmed reports say the five died on the spot and several others have been injured. Both the police and health official from the district are yet to comment on the development.,,About five people have ‘died’ in a road accident that has occurred near Mlare Trading Centre in Karonga. A lorry {in the picture} carrying people who were going to a funeral at Nyungwe overturned at the spot. According to unconfirmed reports say the five died on the spot and several others have been injured.,Man-Made Disasters; Road Traffic Accidents,Malawi,"Karonga in Northern Region, Malawi",,,malawivoice,Malawi Voice,Malawi,General News,webnews,413001535,malawivoice-781d1747670d778a1ab3e92fe7db7ecb
2023-06-18T17:56:10.820Z,Arabic,https://arabi21.com/story/1519331/%D9%81%D9%8A%D9%86%D9%8A%D8%B3%D9%8A%D9%88%D8%B3-%D9%8A%D8%B4%D8%AA%D9%83%D9%8A-%D9%85%D9%86-%D8%A5%D8%B3%D8%A7%D8%A1%D8%A9-%D8%B9%D9%86%D8%B5%D8%B1%D9%8A%D8%A9-%D8%AC%D8%AF%D9%8A%D8%AF%D8%A9-%D8%AE%D9%84%D8%A7%D9%84-%D9%88%D8%AF%D9%8A%D8%A9-%D8%A7%D9%84%D8%A8%D8%B1%D8%A7%D8%B2%D9%8A%D9%84-%D9%81%D9%8A-%D8%A5%D8%B3%D8%A8%D8%A7%D9%86%D9%8A%D8%A7,https://portal.who.int/eios/#/items/413001265/title/full-article,"فينيسيوس يشتكي من ""إساءة عنصرية"" جديدة خلال ودية البرازيل في إسبانيا",,,,"لعبت البرازيل المباراة بزي أسود بالكامل للمرة الأولى في تاريخه خلال الفوز 4-1 على غينيا- BR / تويتر.

كشف الجناح البرازيلي فينيسيوس جونيور عن تعرض أحد رفاقه ومستشاره لتصرف عنصري من قبل أمن الملعب، خلال المباراة الودية بين السيليساو وغينيا في برشلونة أمس السبت.",Man-Made Disasters,Brazil; Guinea,"Brazil; Guinea; Barcelona in Barcelona, Barcelona, Catalonia, Spain; Ayna in Albacete, Castille-La Mancha, Spain; Spain",,Real Madrid,arabi21,arabi21,Egypt,General News,webnews,413001265,arabi21-4a893da6c197d751f464b27d500921de
2023-06-18T17:56:13.771Z,Russian,https://www.belta.by/president/view/lukashenko-napravil-soboleznovanie-prezidentu-ugandy-v-svjazi-s-atakoj-na-shkolu-na-zapade-strany-572474-2023/,https://portal.who.int/eios/#/items/413001293/lukashenko-has-sent-his-condolences-to-president-of-uganda-in-connection-with-the-attack-at-the-school-in-the-west-of-the-country/full-article,Lukashenko has sent his condolences to president of uganda in connection with the attack at the school in the west of the country,Лукашенко направил соболезнование Президенту Уганды в связи с атакой на школу на западе страны,,"On June 18, boechout/corr. Belta. The president of belarus Alexander Lukashenko has sent condolences to president Yoweri Museveni of uganda in connection with the terrorist attack on a school in the west of the country. Told belta learnt about it in the press service of the belarusian leader. The head of state stressed that in belarus with....","18 июня, Минск /Корр. БЕЛТА/. Президент Беларуси Александр Лукашенко направил соболезнование Президенту Уганды Йовери Мусевени в связи с террористической атакой на школу на западе страны. Об этом БЕЛТА сообщили в пресс-службе белорусского лидера. Глава государства подчеркнул, что в Беларуси с....",Terrorist Attack,Belarus; Uganda,"Minsk in Minsk City, Belarus",Yoweri Museveni; Alexander Lukashenko,,Belta_be,Russian Belta online,Belarus,General News,webnews,413001293,Belta_be-328bea93299a2097949f6d2a8cdf3f7b
2023-06-18T17:56:14.172Z,English,https://www.monitor.co.ug/uganda/magazines/life/teacher-ventures-into-training-health-workers-4274864,https://portal.who.int/eios/#/items/413001297/teacher-ventures-into-training-health-workers-life-30-min-ago/full-article,Teacher ventures into training health workers Life 30 min ago,,"Mugume started Modern High School Kyazanga in 1998, but left it for the community to manage it in early 2000. In 2004, Mugume got a job in Tanzania as a planning advisor in the ministry of state, President’s Office and Local Government. He then worked as a national volunteer management advisor for Help Age International, UK, also known as, Saidia Wazee Tanzania. Mugume returned to Uganda in 2011 to work as an academic development manager at Salama Shield Foundation.",,"“Most of the people I met had patches all over their bodies,”’ He says: “Rakai District was the epicentre of the HIV/Aids scourge at the time, and the situation was bad because a classroom would only have 20 learners present of 70 learners because the other 50 would be attending to sick relatives and parents,” he reveals.",Adolescents; HIV infection-AIDS,Czechia; Uganda; United Republic of Tanzania,Most in Czechia; Uganda; The United Kingdom; United Republic of Tanzania; Ntungamo in Uganda; Lyantonde in Uganda,,Age International,monitorUG,daily monitor,Uganda,General News,webnews,413001297,monitorUG-8b875ff1c5ac606bccb4da840ff1522f
2023-06-18T17:55:09.806Z,English,https://chimpreports.com/qatari-education-foundation-condemns-kasese-school-attack/?utm_source=rss&utm_medium=rss&utm_campaign=qatari-education-foundation-condemns-kasese-school-attack,https://portal.who.int/eios/#/items/413001230/qatari-education-foundation-condemns-kasese-school-attack/full-article,Qatari Education Foundation Condemns Kasese School Attack,,"The Qatar-based global education foundation, Education Above All (EAA), has strongly condemned the attack by terrorist group, Allied Democratic Forces (ADF), on Mpondwe Lhubirira Secondary School in Kasese district on Friday. The terrorist group killed 37 children altogether while five are admitted in hospital still fighting for their lives. The school was burnt and some students were abducted.",,"(Doha, Qatar) – The Qatar-based global education foundation, Education Above All (EAA), has strongly condemned the attack by terrorist group, Allied Democratic Forces (ADF), on Mpondwe Lhubirira Secondary School in Kasese district on Friday. The terrorist group killed 37 children altogether while....",Terrorist Attack,Democratic Republic of the Congo; Qatar; Uganda,"Doha in Ad Dawḩah al Jadīdah, Doha, Baladīyat ad Dawḩah, Qatar; Uganda",Janet Museveni; Mary Joy; Peter Hunter,Kasese district,chimpreports,chimpreports,Uganda,General News,webnews,413001230,chimpreports-9ff8abed1e7017b9c420691595d01210
2023-06-18T17:52:11.073Z,French,https://actualite.cd/2023/06/18/rdc-lactualite-de-la-semaine-vue-par-viviane-kitete,https://portal.who.int/eios/#/items/413001173/drc-up-to-dateness-week-by-viviane-kitete-view/full-article,Drc: up-to-dateness week by Viviane Kitete view,RDC : l’actualité de la semaine vue par Viviane Kitete,,"The boycott of the plenary on the distribution of seats in the senate to the inauguration of a factory for assembling vehicles through the first year of occupation by the M23 of Bunagana or even the inter-ethnic conflict to Kwamouth, the week ending was rich in terms of timeliness.","Du boycott de la plénière tablant sur la répartition des sièges au niveau du Sénat à l’inauguration d’une usine d’assemblage des véhicules en passant par la première année d’occupation par le M23 de Bunagana ou encore le conflit interethnique à Kwamouth, la semaine qui s’achève a été riche au niveau de l’actualité.",Conflict; Man-Made Disasters; Migrants,Congo; Democratic Republic of the Congo; Greece; Russian Federation; Senegal; Ukraine,"Brazzaville in Congo; Russian Federation; Addis Ababa in Addis Ababa, Ethiopia; Sudan; Mali; Greece; Kiev in Ukraine; Kinshasa in Kinshasa, Democratic Republic of the Congo",Macky Sall; Cyril Ramaphosa,United Nations High Commissioner for Refugees; International Criminal Court; African Union; National Assembly; EU; CPI; UN Security Council,actualite,actualite,Democratic Republic of the Congo,General News,webnews,413001173,actualite-9445a1f8055d7ea9c02c266e09371fbb
2023-06-18T17:51:10.658Z,English,https://gphin.canada.ca/cepr/showarticle.jsp?docId=1014107225,https://portal.who.int/eios/#/items/413001144/extratropical-cyclone-in-brazil-leaves-at-least-11-people-dead/full-article,Extratropical cyclone in Brazil leaves at least 11 people dead,,"Rio Grande Do Sul, Brazil, was hit hard by an 'extratropical cyclone' that left at least 11 people dead and 22 more missing. Most of the people most affected are in the city of Caraá and in Três Forquilhas. About 3,000 citizens in about 40 municipalities in the state, near the border with Argentina and Uruguay, also had to be evacuated from their homes.",,"The state of Rio Grande Do Sul, Brazil, was hit hard by an 'extratropical cyclone' that left at least 11 people dead and 22 more missing.
Most of the people most affected are in the city of Caraá and in Três Forquilhas. In addition, according to information provided by local authorities, another....",Cyclonic storm; Floods; Landslides; School Closures; Terrorist Attack,Argentina; Brazil; Czechia; Democratic Republic of the Congo; Uganda; Uruguay,Most in Czechia; Argentina; Uganda; Congo; Uruguay; Democratic Republic of the Congo,Eduardo Leite; Felix Kulayigye; Dick Olum; Fred Enanga,Kasese district; Federal Government,gphin,gphin,Canada,Medical,wire,413001144,gphin-6a3880ff7c7e2372af00a3444ddf51d6
2023-06-18T18:30:21.210Z,English,https://www.rawstory.com/bill-barr-trump-narcissist/,https://portal.who.int/eios/#/items/413002744/bill-barr-slams-trumps-mental-health-america-cant-be-a-therapy-session-for-troubled-man/full-article,Bill Barr slams Trump's mental health: America 'can't be a therapy session' for 'troubled man',,"Former Attorney General Bill Barr criticized the mental health of Donald Trump after he was indicted on 37 counts over the mishandling of government documents. ""He is a consummate narcissist, and he constantly engages in reckless conduct that puts his political followers at risk and the conservative and Republican agenda at risk,"" he said.",,"Former Attorney General Bill Barr criticized the mental health of Donald Trump after he was indicted on 37 counts over the mishandling of government documents. During a Sunday interview on CBS's Face the Nation program, host Robert Costa noted that ""many"" Republicans are defending Trump.",Terrorist Attack,Democratic Republic of the Congo; Uganda; Ukraine,Ukraine; Russian Federation; Kampala in Uganda; Congo; Democratic Republic of the Congo,Christopher Wray; Hunter Biden; Yoweri Museveni; Joe Biden; Donald Trump; Andy Biggs; Robert Costa; Bill Barr,Fox News; CBS; FBI,newsnow-co-uk,migration NGO - News Now,The United Kingdom,General News,webnews,413002744,newsnow-co-uk-0aea4a9d8676321f4b2b8d32f6e93597
2023-06-18T17:46:10.317Z,English,https://punchng.com/just-in-police-officer-killed-as-gunmen-attack-okorochas-convoy/,https://portal.who.int/eios/#/items/413001002/just-in-police-officer-killed-as-gunmen-attack-okorochas-convoy/full-article,JUST IN: Police officer killed as gunmen attack Okorocha's convoy,,JUST IN: Police officer killed as gunmen attack Okorocha’s convoy.,,JUST IN: Police officer killed as gunmen attack Okorocha’s convoy.,AttackonHCW; Terrorist Attack,Nigeria,,,,punchng2,The Punch,Nigeria,General News,webnews,413001002,punchng2-4be3947dfe42ab5785de5be8eef4e9d2
2023-06-18T17:47:11.972Z,English,https://www.thehindu.com/news/international/72-hour-truce-between-sudans-warring-generals-takes-effect/article66983215.ece,https://portal.who.int/eios/#/items/413001066/72-hour-truce-between-sudans-warring-generals-takes-effect/full-article,72-hour truce between Sudan's warring generals takes effect,,"72-hour ceasefire between Sudan's warring generals takes effect on Sunday. Tensions between the military and its rival, the paramilitary Rapid Support Forces, exploded into open fighting in the capital, Khartoum, and elsewhere. Multiple truces have been agreed and broken in the war that has claimed the lives of more than 2,000 people and driven over two million from their homes.",,"People prepare food in Khartoum neighborhood on June 16, 2023. Sudan had plunged into chaos since mid-April when monthslong tensions between the military and its rival, the paramilitary Rapid Support Forces, exploded into open fighting in the capital, Khartoum, and elsewhere across the northeastern African nation.",Conflict; Genocide; Refugees and Internally Displaced Persons,Chad; Kuwait; Saudi Arabia; Sudan; Switzerland; United States of America,"Khartoum in Khartoum, Sudan; Al Junaynah in Western Darfur, Sudan; Saudi Arabia; Chad; United States of America; Kuwait",Omar el Bashir; Idriss Deby; Photo Credit; General Mahamat; Mohammed Hamdan; Abdel Fattah al Burhan; Hamdan Daglo,United Nations; International Organization for Migration; Armed Forces; Rapid Support Forces; Medecins Sans Frontieres,thehindu,The Hindu,India,General News,webnews,413001066,thehindu-d3918b3c41e196a47d7707cbc02cae2d
2023-06-18T17:43:08.630Z,Arabic,https://www.albiladpress.com/news/2023/5361/finance/813771.html,https://portal.who.int/eios/#/items/413000856/9-65/full-article,"منذ 9 دقائق ""ناس"" تفوز بإنشاء البنية التحتية لمنطقة الرفة بـ 6.5 مليون دينار",,,,"""طيران الخليج"": خدمات المناولة الأرضية في مطار بومبي بـ 2.7 مليون دينار 960 ألف دينار لتوسعة الطابق الأول بمصنع بيل هلمتس بـ ""حلبة البحرين"" 414 ألف دينار لصيانة وتشغيل ""دوحة عراد"" فازت شركة ناس للمقاولات بمناقصة لوزارة الأشغال لإنشاء البنية التحتية لمشروع تطوير منطقة الرفة بمجمع 947 التي تشمل أعمال الدفان ضمن الحزمة الأولى، بنحو 6.",Nitrogen,Bahrain; Chad; India,"Kyabé in Moyen-Chari, Chad; India",راشد بن عبدالله; Shaikh Khalifa bin Salman,Pvt Ltd,albiladpress,albiladpress,Bahrain,General News,webnews,413000856,albiladpress-340a32324111537426ab08016c804999
2023-06-18T17:39:09.608Z,English,https://insiderzim.com/africas-minerals-giants-push-for-bigger-battery-bucks-as-china-and-the-west-vie-for-clean-energy-resources/?utm_source=rss&utm_medium=rss&utm_campaign=africas-minerals-giants-push-for-bigger-battery-bucks-as-china-and-the-west-vie-for-clean-energy-resources,https://portal.who.int/eios/#/items/413000730/africas-minerals-giants-push-for-bigger-battery-bucks-as-china-and-the-west-vie-for-clean-energy-resources/full-article,Africa’s minerals giants push for bigger battery bucks as China and the West vie for clean energy resources,,"Namibia, the Democratic Republic of the Congo (DRC) and Zimbabwe have significant deposits of lithium. It is an essential component used to make rechargeable batteries for electronic devices, electric vehicles and other clean technologies. As the world transitions to green energy, they are capitalising on rising demand for the minerals.",,"Some of Africa’s top mineral-producing nations are banning the export of raw battery minerals and instead want the metals processed locally as rivalry between China and Western nations over the critical resources intensifies. Namibia, the Democratic Republic of the Congo (DRC) and Zimbabwe have....",Uranium,Canada; China; Democratic Republic of the Congo; Namibia; United Republic of Tanzania; Zimbabwe,China; Namibia; Zambia; Zimbabwe; Canada; Congo; United Republic of Tanzania; United States of America; Most in Czechia; Casablanca in Morocco; Democratic Republic of the Congo,Emma Theofelus,US International; EU; Development Finance Corporation,insiderzim,The Insider,Zimbabwe,General News,webnews,413000730,insiderzim-597cffec84279c47accb4284256ea7c3
2023-06-18T17:38:10.233Z,English,https://www.africa-newsroom.com/press/united-arab-emirates-strongly-condemns-terrorist-attack-targeting-a-school-in-uganda?lang=en,https://portal.who.int/eios/#/items/413000697/united-arab-emirates-strongly-condemns-terrorist-attack-targeting-a-school-in-uganda/full-article,United Arab Emirates strongly condemns terrorist attack targeting a school in Uganda,,The UAE has strongly condemned the terrorist attack that targeted a school in western Uganda. The Ministry of Foreign Affairs (MoFA) affirmed that the UAE expresses its strong condemnation of these criminal acts. The UAE also expressed its sincere condolences and sympathy to the government of the Republic of Uganda and its people.,,"ABU DHABI, United Arab Emirates, June 18, 2023/APO Group/ -- The UAE has strongly condemned the terrorist attack that targeted a school in western Uganda, which resulted in numerous deaths and injuries. In a statement, the Ministry of Foreign Affairs (MoFA) affirmed that the UAE expresses its strong....",Terrorist Attack,Uganda; United Arab Emirates,United Arab Emirates; Uganda,,APO Group; Abu Dhabi United Group,africa-newsroom,africa-newsroom,Switzerland,General News,webnews,413000697,africa-newsroom-b9267619d0f1fcf720102343f04c1808
2023-06-18T17:38:08.359Z,Hebrew,https://www.mako.co.il/men-men_news/Article-cd215ef2fdec881027.htm?sCh=3d385dd2dd5d4110&pId=626519832,https://portal.who.int/eios/#/items/413000675/18623-1723-1/full-article,18/6/23 17:23 זמן קריאה: 1 דק',,,,"""הכו באגרופים ובעיטות כנקמה על הרצח של ברוך"" תקרית אלימה וחריגה התרחשה היום (ראשון) בבית המעצר ""ניצן"", לאחר שעצירים המזוהים עם העבריינים שון ודין קסנטיני התנפלו על חשודים ברצח העבריין ברוך בורוכוב המזוהים עם האחים מוסלי. ""ברוך היה חבר קרוב מאוד של דין ושון וכשעצירים שמעו שהחשודים ברצח שלו הובאו לבית....",Conflict; Terrorist Attack,Sierra Leone,"Bo in Southern Province, Sierra Leone",,,mako,mako,Israel,General News,webnews,413000675,mako-5b1af9c69fbc913f5d0c57bdeac055fd
2023-06-18T17:37:08.677Z,Arabic,https://www.elfagr.org/4711825,https://portal.who.int/eios/#/items/413000643/title/full-article,أدعية مستحبة ومستجابة في العشر الأوائل من ذي الحجة,,,,دعاء العشر الأوائل من ذى الحجة، دعاء العشر الأوائل، دعاء أول يوم ذي الحجة، دعاء 2 ذي الحجة، دعاء آخر ذي الحجة، أجمل ما قيل في ليالي العشر، ماذا نقول في ذي الحجة، هل يستجاب الدعاء في الأيام العشر من ذي الحجة، هكذا تزايدت عمليات البحث عبر جوجل عن أفضل الأدعية في العشر الأوائل من ذي الحجة.,Leprosy,South Sudan,Juba in South Sudan,,,elfagr,Alfagr,Egypt,General News,webnews,413000643,elfagr-27cf6bb625748bbfdf03e6a54b08da60
2023-06-18T17:37:08.874Z,Arabic,https://www.elfagr.org/4711819,https://portal.who.int/eios/#/items/413000645/title/full-article,باحث يكشف سر توجه العناصر الإرهابية لإفريقيا (فيديو),,,,"توقع الدكتور أعلية علاني، الباحث في التيارات المتشددة، أن يصبح مستقبل الصراع الإرهابي في القارة الإفريقية، مشيرا إلى أنه انتقل نحو 5 آلاف مقاتل من داعش إلى إفريقيا عقب انهيار التنظيم في العراق.

القوى العظمى والإقليمية تتوجه لإفريقيا. وأضاف خلال لقاء مباشر مع قناة ""القاهرة الإخبارية""، أن القارة....",Conflict,Congo; Iraq,"Iraq; Congo; Cairo in Cairo, Egypt",,,elfagr,Alfagr,Egypt,General News,webnews,413000645,elfagr-ecabae3692e5d1d7469557ba62e7143c
2023-06-18T18:02:13.834Z,Serbian,https://www.kurir.rs/vesti/drustvo/4181850/asmaticari-se-guse-zbog-vlage-posle-kise,https://portal.who.int/eios/#/items/413001685/mnogi-se-u-srbiji-bukvalno-gue-ovih-dana-evo-ta-je-razlog-tih-problema-posluajte-savet-lekara/full-article,"MNOGI SE U SRBIJI BUKVALNO GUŠE OVIH DANA: Evo šta je razlog tih problema, POSLUŠAJTE SAVET LEKARA!",,,,"Kad posle kiše krene isparavanje, asmatičari mogu imati pojačane tegobe. Pacijenti imaju osećaj sviranja i šištanja u grudima, samo što kod alergijskih astmatičara to bude u sezoni alergija, a kod nealergijskih češće - objašnjava dr Milićević: foto: Kurir Televizija, Shutterstock.",Cough,Mali,Mali,,,kurir-rs,kurir,Serbia,General News,webnews,413001685,kurir-rs-d2105cda733809bacfa5479380212a47