﻿importDateUTC,language,externalLink,eiosLink,title,originalTitle,summary,translatedDescription,description,categories,mentionedCountries,locations,mentionedPersons,mentionedOrgsEntities,source,sourceName,sourceCountry,sourceSubject,sourceType,id,emmId
2023-06-27T17:52:13.650Z,English,https://www.marketscreener.com/quote/stock/MERCK-CO-INC-13611/news/New-scheme-aims-to-get-vaccines-to-outbreaks-faster-Gavi-44205210/,https://portal.who.int/eios/#/items/413680010/new-scheme-aims-to-get-vaccines-to-outbreaks-faster-gavi/full-article,New scheme aims to get vaccines to outbreaks faster - Gavi,,"Three global health bodies are teaming up to investigate stockpiling experimental vaccines. Initiative will focus initially on Marburg and the Sudan strain of Ebola. There are no existing vaccines or proven treatments available for either of the infections. If successful, the scheme could be a pilot for other deadly diseases.",,"LONDON, June 27 (Reuters) - Three global health bodies are teaming up to investigate stockpiling experimental vaccines for rare infectious diseases so the shots can be tested more quickly when outbreaks happen, a top official from vaccine alliance Gavi told Reuters.",Communicabledisease; Ebola; Epidemic; Hemorrhagic fever; Marburg Hemorrhagic Fever; Vaccination,Equatorial Guinea; India; Sudan,Sudan; Equatorial Guinea; India; Uganda; United Republic of Tanzania,Jennifer Rigby; Mark Potter; Aurelia Nguyen,Oxford University; Serum Institute; World Health Organization,4-traders,4-traders,France,Financial News,webnews,413680010,4-traders-cd9ff2cc5b347011bf3f35634fd7f46f
2023-06-27T17:50:13.210Z,English,https://gphin.canada.ca/cepr/showarticle.jsp?docId=1014153361,https://portal.who.int/eios/#/items/413679850/anthrax-outbreak-committee-bans-slaughtering-movement-of-animals-in-upper-east-region/full-article,"Anthrax Outbreak: Committee Bans Slaughtering, Movement Of Animals In Upper East Region",,"The initial ban on the movement of animals including cattle, sheep, goats, pigs, and donkeys remains in force. Animals from neighbouring countries to the Upper East Region (Burkina Faso, Togo, and Niger) are allowed to pass through the region. Community members are being advised to avoid eating sick or dead animals.",,"The Regional Public Health Emergency Management Committee in the Upper East Region has reinforced restrictions on movement of animals in the area.

This was after extensive deliberations on June 26 on the ongoing anthrax outbreak situation in the region when the committee unanimously agreed to continue imposing certain restrictions.",Anthrax; Travel Restrictions; Vaccination,Burkina Faso; Ghana,"Upper East Region in Upper East Region, Ghana; Burkina Faso; Togo; Niger",,Emergency,gphin,gphin,Canada,Medical,wire,413679850,gphin-0fd4dc015d7857267a2fc7abee2a3531
2023-06-27T17:48:09.294Z,English,https://www.premiumtimesng.com/sports/football/607030-nigerian-football-star-appeals-against-rape-conviction-in-denmark.html,https://portal.who.int/eios/#/items/413679669/nigerian-football-star-appeals-against-rape-conviction-in-denmark/full-article,Nigerian football star appeals against rape conviction in Denmark,,"Nigeria's rising football star, Akin Amoo, was found guilty of three counts of rape and attempted rape last Friday. His legal counsel promptly filed an appeal against the verdict. If his appeal fails, he faces the prospect of spending at least a year behind bars. His brother, Sunday, insists Amoo is innocent and merely a victim of blackmail.",,", one of Nigeria’s rising football stars, is fighting to salvage his reputation and career in Denmark following a recent conviction on three counts of rape and attempted rape. Last Friday, the Copenhagen District Court found Mr Amoo guilty of the three charges brought against him.",Travel Restrictions,Denmark; Nigeria; Sweden,"Nigeria; Sweden; Copenhagen in Capital Region, Denmark",Obafemi Awolowo; Ile Ife,Ekstra Bladet; Premium Times; Nigeria national football team,premiumtimesng,Premium Times Nigeria,Nigeria,General News,webnews,413679669,premiumtimesng-4cd3379db1c0545e9fee762dabc6a490
2023-06-27T17:48:09.420Z,English,https://www.premiumtimesng.com/foreign/west-africa-foreign/607033-breaking-president-bio-defeats-apcs-kamara-declared-winner-of-sierra-leone-presidential-election.html,https://portal.who.int/eios/#/items/413679670/breaking-president-bio-defeats-apcs-kamara-declared-winner-of-sierra-leone-presidential-election/full-article,"BREAKING: President Bio defeats APC’s Kamara, declared winner of Sierra Leone presidential election",,"President Julius Bio of Sierra Leone was on Tuesday declared the winner of the presidential election in the West African country. He secured victory by polling over 56 per cent of the votes to avoid a run-off against main rival Samura Kamara, who polled about 41 per cent. The president, 59, was running for re-election after a first term of five years characterised by inflation, high cost of living and poor currency.",,"President Julius Bio of Sierra Leone was on Tuesday declared the winner of the presidential election in the West African country. Mr Bio secured victory by polling over 56 per cent of the votes to avoid a run-off against main rival Samura Kamara, who polled about 41 per cent.",Teargas,Sierra Leone,"Freetown in Western Area, Sierra Leone",Julius Bio; Samura Kamara,EU; Premium Times; University of Ilorin; APC party; Tautas Partija; Election Observation Mission,premiumtimesng,Premium Times Nigeria,Nigeria,General News,webnews,413679670,premiumtimesng-936cfb2f21a4d624a43acf22c50dec29
2023-06-27T17:48:14.996Z,English,https://www.enca.com/news/tornado-rips-through-inanda,https://portal.who.int/eios/#/items/413679739/tornado-rips-through-inanda/full-article,Tornado rips through Inanda,,Two people treated for minor injuries. They had been caught inside a container that overturned during the tornado. Damage to roofs and power cables is extensive but there's no indication yet on the extent of the wreckage in northern KwaZulu-Natal. WARNING: GRAPHIC CONTENT.,,"Courtesy #DStv403 DURBAN - A tornado has torn through parts of northern KwaZulu-Natal.

Structures in Inanda have been damaged. Emergency services have treated two people for minor injuries before transporting them to hospital. They had been caught inside a container that overturned during the tornado.",Cyclonic storm; Natural Disasters; Tornado,South Africa,,,Emergency,enca,eNCA,South Africa,General News,webnews,413679739,enca-a10f82a8c5e7f22068d36ed6e5311678
2023-06-27T17:45:08.802Z,Russian,https://www.mk.ru/social/2023/06/27/v-rossii-nachalas-epidemiya-transgendernosti-my-imeem-delo-s-sektoy.html,https://portal.who.int/eios/#/items/413679462/in-russia-began-epidemichas-transam-gender-haus-would-be-red-list-cult-against-the-backdrop-of-the-ongoing-political-developments-suddenly-pushed-to-t/full-article,"""In russia began epidemichas transam gender-haus would be: red-list cult"" Against the backdrop of the ongoing political developments suddenly pushed to the back burner mega-trial bill on the total prohibition of sex change in russia, who is here - there must take in the state duma. And if, at the beginning of the speech was that simply does not allow our citizens to change their documents to another gender-haus without surgical correction, now, apparently, the case over the fact that russia totally prohibit the sex-change operations.","""В России началась эпидемия трансгендерности: мы имеем дело с сектой"" На фоне происходящих политических событий внезапно отошел на задний план громкий законопроект о полном запрете смены пола в России, который вот-вот должны принять в Государственной думе. И если в самом начале речь шла о том, чтобы просто не разрешать нашим гражданам менять свои документы на другой гендер без хирургической коррекции, то теперь, судя по всему, дело закончится тем, что в России тотально запретят операции по смене",,"— for the three decades of work to papa turned around 600 people, 130 he gave permission to replace sex — tells ol'ga Бухановская. — no one came and said then that he wants to “return” back. As, by the way, very often happens today, especially in the west — when people changed their sex, but soon realised that rzgndit.","— За три десятка лет работы к папе обратились около 600 человек, 130 он дал разрешение на смену пола, — рассказывает Ольга Бухановская. — Ни один из них не пришел и не сказал потом, что хочет «вернуться» обратно. Как, кстати, очень часто происходит сегодня, особенно на Западе — когда человек сменил пол, а вскоре понял, что передумал.",Adolescents; Epidemic; Suicide,Iran (Islamic Republic of); Russian Federation; South Sudan,Juba in South Sudan; Russian Federation,у Александра,,mk.ru,Moskovsky komsomolets,Russian Federation,General News,webnews,413679462,mk.ru-6847c27b56bbae49f71ad33246c2e47e
2023-06-27T17:43:09.726Z,English,https://www.kfm.co.ug/news/remains-of-11-kasese-attack-victims-handed-to-relatives.html,https://portal.who.int/eios/#/items/413679368/remains-of-11-kasese-attack-victims-handed-to-relatives/full-article,Remains of 11 Kasese attack victims handed to relatives,,Remains of some of the students whose bodies were burnt beyond recognition during the May 16 th attack on Mpondwe Lhubiriha Secondary School in Kasese district handed over to parents and relatives. The remains of 11 out of the 17 were handed to the bereaved relatives by the state minister for ICT and national guidance.,,Remains of some of the students whose bodies were burnt beyond recognition during the May 16 th attack on Mpondwe Lhubiriha Secondary School in Kasese district by suspected ADF rebels have today been handed over to parents and relatives at Bwera General Hospital Mortuary.,Terrorist Attack,Uganda,Kasese in Uganda,Godfrey Kabyanga,Kasese district,kfm,Uganda Radio,Uganda,General News,TVRadio,413679368,kfm-bfd16896fd10cc03694326645851047f
2023-06-27T17:43:07.212Z,English,https://tribune.net.ph/2023/06/28/sudan-capital-sees-heavy-fighting-on-eve-of-muslim-holiday/,https://portal.who.int/eios/#/items/413679343/sudan-capital-sees-heavy-fighting-on-eve-of-muslim-holiday/full-article,Sudan capital sees heavy fighting on eve of Muslim holiday,,"Fighting raging in Khartoum on eve of Eid al-Adha Muslim holiday. Paramilitaries seized KhartOUm’s main police base on Sunday. At the same time in Darfur, the conflict is worsening to “alarming levels”",,"Fighting raged in the Sudanese capital on Tuesday, the eve of the Eid al-Adha Muslim holiday, after paramilitaries seized Khartoum’s main police base. Fighting in the city between the army led by General Abdel Fattah al-Burhan and General Mohamed Hamdan Daglo’s paramilitary Rapid Support Forces is now concentrated around military bases.",Curfews; Refugees and Internally Displaced Persons,Chad; Ethiopia; Sudan; Switzerland,"Khartoum in Khartoum, Sudan; Al Junaynah in Western Darfur, Sudan; Egypt; Ad-Damazin in Blue Nile State, Sudan; Chad; Ethiopia; Washington in City of Washington, Washington, Washington, D.C., United States of America",Abdel Fattah al Burhan; Hamdan Daglo; Mohammed Hamdan,Eid al Adha; United Nations; Red Cross; Rapid Support Forces,tribuneonline,The Daily Tribune,Philippines,General News,webnews,413679343,tribuneonline-eed194db2965b960a6629942b787145f
2023-06-27T17:41:09.196Z,English,https://clubofmozambique.com/news/sierra-leone-main-opposition-party-rejects-partial-presidential-poll-results-239916/,https://portal.who.int/eios/#/items/413679244/sierra-leone-main-opposition-party-rejects-partial-presidential-poll-results/full-article,Sierra Leone main opposition party rejects partial presidential poll results,,,,"FILE - Supporters of Sierra Leone's opposition leader and presidential candidate for the All People's Congress (APC) party, Dr. Samura Kamara, wipe rain drops from his campaign poster in Freetown, Sierra Leone June 23, 2023. [File photo: Reuters/Cooper Inveen]

Sierra Leone’s main opposition party....",Conflict; Ebola; Epidemic,Sierra Leone,"Freetown in Western Area, Sierra Leone",Cooper Inveen; Samura Kamara; Julius Maada Bio,APC party; World Bank,clubofmozambique,Club of Mozambique,Mozambique,General News,webnews,413679244,clubofmozambique-f251e8f772974991b5d22c35b9e2303f
2023-06-27T17:40:21.666Z,Arabic,https://garaanews.com/article/365556,https://portal.who.int/eios/#/items/413679160/title/full-article,تعرف على تفسير الحلم بالزواج للعزباء والمتزوجة,,,,"في الحلم بالزواج ، يعتقد مفسرو الأحلام أن هذا الحلم ينذر ببشائر طيبة ، فهناك العديد من البشائر ، لكن في بعض الحالات ، ينذر بأمور سيئة ، في هذه المقالة ، سنناقش رؤية الزواج للعازبين شرح. ، النكاح ، الحمل ، الرجل كما شرحه ابن سيرين وكبار العلماء.

زواج ابن سيرين في المنام يرى ابن سيرين أن الزواج في....",Pain,Chad,"Kyabé in Moyen-Chari, Chad; Qom in Iran (Islamic Republic of)",,Google,garaanews,garaanews,Jordan,General News,webnews,413679160,garaanews-3510af9cd1611504eb862a08e6e7396d
2023-06-27T17:39:03.811Z,Italian,https://www.articolo21.org/2023/06/linfluenza-nefasta-della-wagner-in-africa/,https://portal.who.int/eios/#/items/413679072/the-malign-influence-of-wagner-in-africa/full-article,The malign influence of Wagner in africa,L’influenza nefasta della Wagner in Africa,,"Long Wagner’s influence in Africa is expanding, but we all realize the potential destructive and devastating in Africa of the uprising of contractor companies led by Yevgeny Prigozhin against armed them: Vladimir Putin in the Sahel, in particular.","Da tempo l’influenza della Wagner in Africa è in espansione, ma solo oggi tutti scoprono il potenziale nefasto e devastante sul continente africano della rivolta della società di contractors guidato da Yevgeny Prigozhin contro colui che li ha armati: Vladimir Putin Nel Sahel , in particolare.",Conflict,Burkina Faso; Canada; Central African Republic; France; Libya; Mali; Mauritania; Niger; Norway; Russian Federation; Sudan; Sweden; Syria; Ukraine,"Mauritania; Algeria; Libya; Sudan; Bamako in Bamako Region, Mali; Mozambique; Canada; Bangui in Central African Republic; Niger; Chad; Nigeria; Norway; Congo; Democratic Republic of the Congo; France; Moscow in Moscow, Russian Federation; Germany; South Africa; Spain; Sweden; Syria; Italy; Ukraine; The United Kingdom",Omar el Bashir; Vladimir Putin; Faustin Archange Touadera; Yevgeny Prigozhin,United Nations; EU,articolo21,Articolo 21,Italy,General News,webnews,413679072,articolo21-a7ef90de76c8b4a499e25e65ed217068
2023-06-27T17:35:01.601Z,French,https://www.laprovence.com/article/france-monde/28836610552023/sierra-leone-le-president-sortant-julius-maada-bio-reelu-pour-un-deuxieme-mandat,https://portal.who.int/eios/#/items/413678862/sierra-leone-outgoing-president-julius-maada-bio-re-elected-for-a-second-term/full-article,Sierra Leone: outgoing president Julius Maada Bio re-elected for a second term,Sierra Leone: le président sortant Julius Maada Bio réélu pour un deuxième mandat,,"""Under the powers that have been conferred, I hereby certifies that Julius Maada Bio is elected president in the election of 24 June 2023,"" said under the applause Mohamed Kenewui Konneh at a press conference in Freetown. The main opponent of M.","""En vertu des pouvoirs qui m'ont été conférés, je certifie par la présente que Julius Maada Bio est élu président lors de l'élection du 24 juin 2023"", a déclaré sous les applaudissements Mohamed Kenewui Konneh lors d'une conférence de presse à Freetown.

Le principal adversaire de M.",Conflict,Sierra Leone,"Freetown in Western Area, Sierra Leone",Susan Myers; Maada Bio; Julius Maada Bio; Samura Kamara,EU,laprovence,La Provence,France,General News,webnews,413678862,laprovence-3e3e4fe7aff4bf7810a884eae33a176a
2023-06-27T17:35:09.938Z,French,https://www.gabonmediatime.com/gabon-letat-contracte-un-pret-de-300-milliards-pour-la-mise-en-oeuvre-du-plan-spatial-marin/,https://portal.who.int/eios/#/items/413678844/gabon-the-state-undertakes-a-market-access-loan-300-billion-for/full-article,Gabon: the state undertakes a market-access loan 300 billion for …,Gabon : l’État contracte un prêt de 300 milliards pour la…,,"Anxious to strengthen its policy of preserving its marine ecosystem, Gabon multiplies initiatives in this direction. It is in this context that during the council of ministers held on Monday, 26 June 2023, it was endorsed the draft law authorising the Gabonese state to contract a....","Soucieux de renforcer sa politique de préservation de son écosystème marin, le Gabon multiplie des initiatives dans ce sens. C’est dans cette optique, que lors du Conseil des ministres qui s’est tenu ce lundi 26 juin 2023, il a été entériné le projet de loi autorisant l’État gabonais à contracter un....",Ecology,Gabon,Gabon,,Master Trust,gabonmediatime,Gabon media time,Gabon,General News,webnews,413678844,gabonmediatime-0b62916a937dc278c4c18c9692c57f02
2023-06-27T17:34:36.428Z,Arabic,https://www.elbalad.news/5825549,https://portal.who.int/eios/#/items/413678765/20/full-article,ليست بمستنقعات أفريقيا فقط... الملاريا تضرب ولايات أمريكا.. والإصابات الأكثر فتكا منذ 20 عاما,,,,تشهد الولايات المتحدة الأمريكية هذا العام، انتشارا لعدد من الأوبئة والفيروسات المميتة، فبعد 3 أعوام من المعاناة مع فيروس كورونا، عادت أنواع أخرى من الفيروسات لتضرب عددا من الولايات المتحدة الأمريكية، وآخر ما تحدثت عنه وسائل الإعلام الأمريكية، هو انتشار ظهور حالات الملاريا، والتي طالما كان الحديث عنها في وسائل الإعلام مرتبط بمستنقعات إفريقيا.,Coronavirus; Death and Coronavirus; Dengue Fever; Fever; Headache; Malaria; Meningitis; Naegleriasis; Seizure disorders,Gambia; United States of America,"Gambia; Bayān in Hawalli, Kuwait",William Schaffner,The Lancet; World Health Organization,elbalad,elbalad,Egypt,General News,webnews,413678765,elbalad-251944029d3718a9db955cf1914d2b99
2023-06-27T17:31:00.748Z,Spanish; Castilian,https://www.pdge-guineaecuatorial.com/la-organizacion-de-las-primeras-damas-africanas-para-el-desarrollo-cumple-20-anos/,https://portal.who.int/eios/#/items/413678607/the-organisation-of-the-african-first-ladies-for-development-meets-20-years/full-article,The organisation of the african first ladies for development meets 20 years,La Organización de las Primeras Damas Africanas para el Desarrollo cumple 20 años,,"The organisation of the african first ladies for development (OPDAD, by its abbreviation in french; OAFLA) held on 17 June in Kinshasa (capital of the democratic republic of the Congo) the 20 years of its existence. The OPDAD has its roots in the organisation of....","La Organización de las Primeras Damas Africanas para el Desarrollo (OPDAD, por sus siglas en francés; OAFLA, por sus siglas en inglés) celebró el 17 de junio, en Kinshasa (capital de la República Democrática del Congo) los 20 años de su existencia. La OPDAD tiene sus raíces en la Organización de....",Adolescents; HIV infection-AIDS; Persons with disabilities,Democratic Republic of the Congo; Equatorial Guinea; Guinea; Syria,"Kinshasa in Kinshasa, Democratic Republic of the Congo; Equatorial Guinea; Congo",Constancia Mangue,,pdge-guineaecuatorial,the Democratic Party of Equatorial Guinea,Equatorial Guinea,Official,webnews,413678607,pdge-guineaecuatorial-bff126532e242d1e54e620490c7fb1b4
2023-06-27T17:31:05.079Z,French,https://www.lemonde.fr/afrique/article/2023/06/27/comment-wagner-a-renforce-son-controle-en-centrafrique-malgre-la-guerre-en-ukraine_6179477_3212.html,https://portal.who.int/eios/#/items/413678562/how-wagner-has-strengthened-its-control-centrafrique-despite-the-war-in-ukraine/full-article,"How Wagner has strengthened its control Centrafrique, despite the war in Ukraine","Comment Wagner a renforcé son contrôle en Centrafrique, malgré la guerre en Ukraine",,"A Bamako as in Bangui, where previously there acknowledges that the presence of ""russian instructors,"" the mutiny of Evgueni Prigojine has inevitably been followed with some concern in the circles of power. However, the link between the private military company and the respective authorities of these countries does not seem to be comparable.","A Bamako comme à Bangui, où l’on ne reconnaît jusque-là que la présence d’ « instructeurs russes » , la mutinerie d’Evgueni Prigojine a inévitablement été suivie avec une certaine inquiétude dans les cercles du pouvoir. Cependant, le lien entre la société militaire privée et les autorités respectives de ces pays ne semble pas être comparable.",Conflict,Central African Republic; Mali; Russian Federation; Ukraine,"Ukraine; Russian Federation; Bangui in Central African Republic; Bamako in Bamako Region, Mali",Evgueni Prigojine,Le Monde,LeMonde,Le Monde,France,General News,webnews,413678562,LeMonde-12fa008988a02898296f880429bd0d94
2023-06-27T17:28:04.074Z,English,https://www.sci.news/othersciences/anthropology/koobi-fora-hominin-fossil-12041.html,https://portal.who.int/eios/#/items/413678431/hominins-butchered-one-another-145-million-years-ago-study/full-article,Hominins Butchered One Another 1.45 Million Years Ago: Study,,"National Museum of Natural History paleoanthropologist Briana Pobiner observed potential butchery marks on a fossilized hominin tibia, or shin bone. Nine of the 11 marks were clear matches for the type of damage inflicted by stone tools. The other two marks were likely bite marks from a big cat, with a lion being the closest match.",,"“The information we have tells us that hominins were likely eating other hominins at least 1.45 million years ago,” said National Museum of Natural History paleoanthropologist Briana Pobiner. “There are numerous other examples of species from the human evolutionary tree consuming each other for....",Animal Bites,Kenya,Turkana in Kenya,Briana Pobiner,Natural History,sci-news,Sci-News,United States of America,Science,webnews,413678431,sci-news-b072c9ee006a447fbef12c2505740a2a
2023-06-27T17:27:19.971Z,English,https://www.eurasiareview.com/27062023-whats-the-future-for-russias-wagner-group-in-africa-oped/,https://portal.who.int/eios/#/items/413678388/whats-the-future-for-russias-wagner-group-in-africa-oped/full-article,What’s The Future For Russia’s Wagner Group In Africa? – OpEd,,"The recent dust up between MoD, the Kremlin and Wagner Group, at least, somehow ended without direct clashes, bloodshed or civilian casualties. But there were potential conditions to resort into something disastrous which officials have referred to as “armed mutiny”, a resemblance of the current political-military conflict in the Republic of Sudan.",,"The recent dust up between MoD, the Kremlin and Wagner Group, at least, somehow ended without direct clashes, bloodshed or civilian casualties. But there were potential conditions to resort into something disastrous which officials have referred to as “armed mutiny”, a resemblance of the current political-military conflict in the Republic of Sudan.",Conflict; Terrorist Attack,Argentina; Australia; Belarus; Burkina Faso; Canada; Central African Republic; Chad; Democratic Republic of the Congo; Guinea-Bissau; Iraq; Japan; Libya; Madagascar; Mali; Mozambique; New Zealand; Russian Federation; Saudi Arabia; Senegal; South Sudan; Sudan; Switzerland; Syria; Ukraine; United Arab Emirates; United States of America; Zimbabwe,"Ukraine; Zimbabwe; Angola; Argentina; Australia; Belarus; South Sudan; Canada; Central African Republic; Chad; Congo; Democratic Republic of the Congo; Equatorial Guinea; Eritrea; France; Guinea; Iraq; Japan; Libya; Madagascar; Mauritania; Mozambique; New Zealand; Niger; Rostov-na-Donu in Rostov, Russian Federation; Saudi Arabia; Moscow in Moscow, Russian Federation; Leningrad in St.-Petersburg, Russian Federation; South Africa; Switzerland; Syria; United Arab Emirates; The United Kingdom; United States of America",Abdel Fattah; Erica Gaston; Cyril Ramaphosa; Mohammed Hamdan; Moussa Faki Mahamat; Sergei Shoigu; Macky Sall; Valery Gerasimov; Vladimir Putin; Yevgeny Prigozhin; Abdoulaye Diop; Omar el Bashir; Abdel Fattah al Burhan; Hamdan Dagalo; Sergey Lavrov,United Nations; Security Service; Armed Forces; Russian ministry; Private military; Wagner Group; Malian military; Donetsk People; Ministry of Defence; University Centre; Centre for Policy Research; Economic Community of West African States; African Union; African Union Commission; Malian government; BBC; Associated Press; Rapid Support Forces; Cable News Network; NATO; EU; Al Jazira; US government; Russian government; Sudanese military; UN Security Council,eurasiareview,American Enterprise Institute,United States of America,General News,webnews,413678388,eurasiareview-4deddafbf5fe278a27f66170733115a1
2023-06-27T17:24:19.170Z,English,https://tribuneonlineng.com/flooding-fcta-declares-trademore-estate-disaster-zone/,https://portal.who.int/eios/#/items/413678158/flooding-fcta-declares-trademore-estate-disaster-zone/full-article,Flooding: FCTA declares Trademore Estate disaster zone,,"The Federal Capital Territory Administration (FCTA) has declared the Trademore Estate area a disaster zone that needs immediate action. The FCTA says it is looking at coming up with a program of evacuating people from those areas, so as to ensure that they prevent further casualties in the area.",,"Barely two days after the deadly flooding that submerged no fewer than 116 houses in Lugbe District, the Federal Capital Territory Administration (FCTA) has declared the Trademore Estate area a disaster zone that needs immediate action to remedy further damages and loss of lives and properties.",Floods; Natural Disasters,Nigeria,"Ota in Ogun State, Nigeria",Olusade Adesola,Africa University; Federal Capital Territory; Covenant University; Times Higher Education,tribuneonlineng,Tribune online Nigeria,Nigeria,General News,webnews,413678158,tribuneonlineng-5c94f4946ec4c70e2b2d68bf1298b64c
2023-06-27T17:24:16.267Z,French,https://www.senenews.com/actualites/international/selon-letat-americain-la-russie-a-montre-aux-pays-africains-que-wagner-napporte-que-mort-et-desolation_449803.html,https://portal.who.int/eios/#/items/413678133/has-the-a-according-to-the-state-american-russia-has-shown-to-african-countries-that-wagner-brings-only-death-and-destruction-africa-according-to-the/full-article,"Has the A according to the state american, Russia has shown to african countries that Wagner brings only ""death and destruction"" Africa - according to the us state department, the recent attempt aborted rebelliousness group Wagner in Russia highlighted the risk that represents...","A La Une Selon l'Etat américain, la Russie a montré aux pays africains que Wagner n'apporte que ""mort et désolation"" Afrique - Selon le département d'État américain, la récente tentative avortée de la rébellion du groupe Wagner en Russie a mis en évidence le risque que représente ...",,"According to the us state department, the recent abortive attempt by the rebellion of the group Wagner in Russia has highlighted the risk posed by this organisation of mercenaries in the african states who collude to them. ""The message we sent to these countries, in public and....","Selon le département d’État américain, la récente tentative avortée de la rébellion du groupe Wagner en Russie a mis en évidence le risque que représente cette organisation de mercenaires dans les États africains qui s’associent à eux.

« Le message que nous avons transmis à ces pays, en public et....",Conflict,Mali; Russian Federation,Russian Federation; Central African Republic; France; Mali,Sergey Lavrov; Matthew Miller,United Nations,senenews,senenews,Senegal,General News,webnews,413678133,senenews-3ef8c8f23598d15e34a433bfd058b11c
2023-06-27T17:25:24.144Z,English,https://www.seedquest.com/news.php?type=news&id_article=147372&id_region=&id_category=&id_crop=,https://portal.who.int/eios/#/items/413678276/view-sowing-a-more-collaborative-seed-industry-charles-miller-director-of-strategic-alliances-and-development-at-solynta-shares-his-views-on-the-impor/full-article,"View Sowing a more collaborative seed industry - Charles Miller, Director of Strategic Alliances and Development at Solynta, shares his views on the importance of collaboration within the seed industry",,"The seed industry is constantly balancing innovation with bringing value to growers. Many parts of the world are starting to be protective of their borders. Food security remains a priority for the entire seed industry. Upstream, innovators need to align with regulatory authorities. In the middle, infrastructure must support the effective flow of seed/food and feed products.",,"June 26, 2023. You may think of a seed as tiny and insignificant. Don’t be fooled: its impact on global agriculture is immense. The seed industry is constantly balancing innovation with bringing value to growers. New technologies offer exciting opportunities for both investors and growers.",Children-Youth; Food Security And Food Aid,South Africa,"Cape Town in Somerset West, City of Cape Town, City of Cape Town, Western Cape, South Africa",Charles Miller,United Nations,seedquest,Nature,United States of America,Medical,Medical,413678276,seedquest-f572ce5db02fb148aa9d6723f47d1a1a
2023-06-27T17:25:24.859Z,English,https://www.livescience.com/animals/birds/adult-albatrosses-found-gnawed-to-death-by-mice-on-3rd-remote-island,https://portal.who.int/eios/#/items/413678281/adult-albatrosses-found-gnawed-to-death-by-mice-on-3rd-remote-island/full-article,Adult albatrosses found gnawed to death by mice on 3rd remote island,,"Eight adult wandering albatrosses were found dead on Marion Island. The carcasses showed evidence of mouse attacks, such as wounds on their elbows. Marion Island wasn't home to any non-marine mammals until about the 19th century. Mice have decimated many of the invertebrates and plant species that live there.",,Eight adult wandering albatrosses ( Diomedea exulans ) were found dead on Marion Island. (Image credit: Michelle Risi) Adult albatrosses on a remote island are being attacked and eaten by an aggressive invasive species mice. Invasive mice have been wreaking havoc on the ecosystem of Marion Island....,Food Security And Food Aid,South Africa; U.S. Minor Outlying Islands; United States of America,"Chicago in Cook, Illinois, United States of America; Marion in Illinois, United States of America",Nelson Mandela; Marion Island,South African government,livescience,Live Science,United States of America,Medical,Medical,413678281,livescience-0547e425d424fb451d84a702b7d6ef17
2023-06-27T17:22:17.498Z,Hebrew,https://news.walla.co.il/item/3589676,https://portal.who.int/eios/#/items/413678064/title/full-article,"בבא""ח צנחנים מתקשים לעכל את מותו של הלוחם: ""הלם, כולם כאן בשוק""",,,,"בסיס האימונים של חטיבת הצנחנים, שבו נהרג הלילה (שלישי) אור ישראלוב בן ה-19 במהלך תרגיל , מתקשים להבין איך הטעות קרתה. מפקדים בחטיבה סיפרו בשיחה עם וואלה! כי התאונה קרתה במהלך ""שבוע מלחמה"". לדבריהם, הפלוגות ערכו את התרגיל בלי אש חיה יום קודם לכן, ולא היו אירועים חריגים. ""אחרי השקיעה בוצע אותו תרגיל באש חיה, ואז התקבל דיווח על פצוע בשטח.",Conflict; Terrorist Attack,Sierra Leone,"Bo in Southern Province, Sierra Leone; Shoham in Central District, Israel",,,walla,walla,Israel,General News,webnews,413678064,walla-39385078143547d5170c322574891382
2023-06-27T17:21:20.884Z,Italian,https://www.today.it/mondo/mercenari-gruppo-wagner-societa-sicurezza-privata-cina-africa.html,https://portal.who.int/eios/#/items/413677977/wagner-of-east-the-dilemma-of-africa-between-russian-and-chinese-mercenaries/full-article,"Wagner of east, the dilemma of africa between russian and chinese mercenaries","Wagner d'Oriente, il dilemma africano tra mercenari russi e cinesi",,"With the need to protect infrastructure, mining, natural gas projects and chinese workers in various african countries, china has expanded its activities and the size of the private security companies. They are very different from the mercenaries of the Wagner.","Con l'esigenza di difendere infrastrutture, miniere, progetti di gas naturale e i lavoratori cinesi nei diversi paesi africani, la Cina ha ampliato le attività e le dimensioni delle società di sicurezza private. Che sono molto diverse dai mercenari del gruppo Wagner.",Conflict,China; Iraq; Italy; Libya; Mali; Pakistan; Russian Federation; Syria; United Arab Emirates; Viet Nam,"Libya; Sudan; Mali; Beijing in Beijing, China; Pakistan; Moscow in Moscow, Russian Federation; Syria; Iraq; United Arab Emirates; Washington in City of Washington, Washington, Washington, D.C., United States of America; Roma in Rome, Rome, Latium, Italy; Kenya; Viet Nam",Paul Nantulya; Khalifa Haftar; Xi Jinping,United Nations; PSC; Security Service; Road Initiative; Red Cross; Security Technology; Central Military Commission; Mercator Institute; Security Group; Africa Center,citynews,citynews,Italy,General News,webnews,413677977,citynews-39242a461410b72df731a9e8a342fbc3
2023-06-27T17:21:18.927Z,German,https://taz.de/Terror-in-Ostafrika/!5943325/,https://portal.who.int/eios/#/items/413677965/terror-in-east-africa-somali-coast-shabaab-killing-in-kenya/full-article,Terror in east africa: somali coast Shabaab killing in Kenya,Terror in Ostafrika: Somalias Shabaab töten in Kenia,,"There were also earlier attacks: in June 2014 are residents in Mpeketoni together photograph: Joseph Okanga/reuters. Kampala taz '‘it every year at the same time, in order to attack us’, reported the taz Monica Wangui on telephone. The 26 - year - old Kenianerin gebürtig comes from the....","Angriffe gab es auch schon früher: im Juni 2014 stehen Bewohner in Mpeketoni beieinander Foto: Joseph Okanga/reuters. KAMPALA taz | „Sie kommen jedes Jahr zur gleichen Zeit, um uns anzugreifen“, berichtet Monica Wangui der taz am Telefon. Die 26-jährige Kenianerin stammt gebürtig aus dem....",Conflict; Humanitarian Aid,Burundi; Kenya; Somalia; Uganda,Kenya; Burundi; Ethiopia; Somalia,Catriona Laing,African Union; Al Shabab; World Food Program,taz,taz,Germany,General News,webnews,413677965,taz-2c62dc8787f47d438f7dc336d8060a44
2023-06-27T17:20:20.754Z,French,https://www.radiofrance.fr/franceinter/podcasts/un-jour-dans-le-monde/un-jour-dans-le-monde-du-mardi-27-juin-2023-9435575,https://portal.who.int/eios/#/items/413677944/africa-what-future-for-the-group-wagner/full-article,Africa: what future for the group Wagner?,Afrique : quel avenir pour le groupe Wagner ?,,"Contact contact l'émission. One day in the world after the attempted rebellion of the group Wagner in russia, the presence of mercenaries in africa russians be challenged? Influential for years in many african countries, the security services of Wagner now compete with special operations of the United Nations.","Contacter Contacter l'émission. Un jour dans le monde Après la tentative de rébellion du groupe Wagner en Russie, la présence en Afrique des mercenaires russes sera-t-elle remise en question ? Influent depuis des années dans de nombreux pays africains, les services sécuritaires de Wagner concurrencent désormais les opérations spéciales de l’ONU.",Conflict; Earthquakes; Natural Disasters,Burkina Faso; Mali; Russian Federation; Türkiye,"Mali; Libya; Sudan; Moscow in Moscow, Russian Federation",Thierry Vircoulon; Giulia Fois; Sergey Lavrov,United Nations; UN Security Council,franceinter,France Inter,France,General News,webnews,413677944,franceinter-939b4b7bc872f94c3219343e972e2be3
2023-06-27T17:18:14.319Z,Croatian,https://www.dan.co.me/globus/svijet/najmanje-600-ljudi-ubijeno-u-posljednja-tri-mjeseca-na-istoku-konga-5185180,https://portal.who.int/eios/#/items/413677786/najmanje-600-ljudi-ubijeno-u-posljednja-tri-mjeseca-na-istoku-konga/full-article,Najmanje 600 ljudi ubijeno u posljednja tri mjeseca na istoku Konga,,,,"Sigurnosna situacija na istoku DR Konga nastavila je da se pogoršava, uprkos zatišju u oružanim sukobima između pobunjeničke grupe M23 i vladinih snaga u provinciji Sjeverni Kivu.

Naoružane grupe u istočnom području Demokratske Republike (DR) Kongo ubile su više od 600 ljudi tokom posljednja tri....",Conflict,Congo; Democratic Republic of the Congo,,,,dan,dan,Montenegro,General News,webnews,413677786,dan-ce41c90af9bd60ac8cafd94d6826c272
2023-06-27T17:17:18.976Z,English,https://news.un.org/en/story/2023/06/1138137,https://portal.who.int/eios/#/items/413677764/dire-year-for-children-caught-in-conflict-as-hospital-and-school-attacks-double/full-article,"‘Dire year’ for children caught in conflict, as hospital and school attacks double",,"There were 27,180 grave violations overall, an increase from the previous year. A total of 8,831 children were killed or maimed, and another 7,622 were recruited by armed groups or forces. There were 1,163 attacks on schools recorded, and 647 attacks on hospital s – a 112 per cent increase.",,"Special Representative for Children and Armed Conflict Virginia Gamba unveiled the Secretary-General’s latest annual report , for 2022, which showed there were 27,180 grave violations overall, an increase from the previous year. The recorded violations only refer to verified information, with the....",AttackonHCW; Conflict; Terrorist Attack,"Afghanistan; Burkina Faso; Congo; Democratic Republic of the Congo; Haiti; Israel; Myanmar; Occupied Palestinian territory, including east Jerusalem; Russian Federation; Somalia; Syria; Ukraine; Yemen","Congo; Afghanistan; Yemen; South Sudan; Gaza in Gaza Strip, Occupied Palestinian territory, including east Jerusalem; Myanmar; Burkina Faso; Niger; Democratic Republic of the Congo; Moscow in Moscow, Russian Federation; Somalia; Syria; Haiti; Israel; Ukraine",Virginia Gamba,Ukrainian government,un-org,PRESS UN News Centre - Americas,United States of America,General News,webnews,413677764,un-org-04bd04778fc21dde12fea7532b00109b
2023-06-27T17:17:19.581Z,English,https://www.tori.ng/news/240169/end-terrorism-shehu-sani-tasks-nuhu-ribadu.html,https://portal.who.int/eios/#/items/413677768/end-terrorism-shehu-sani-tasks-nuhu-ribadu/full-article,End Terrorism – Shehu Sani Tasks Nuhu Ribadu,,"Nuhu Ribadu, the new National Security Adviser (NSA), has been given tasks to tackle as he assumes office. Shehu Sani, a former Kaduna Central senator, said RibadU should end the criminality of terrorism, banditry, killings, and kidnappings across the country. Sani also urged Ribadus to ensure the protection of schools and farmers from terrorists.",,"Shehu Sani, a former Kaduna Central senator, said Ribadu should end the criminality of terrorism, banditry, killings, and kidnappings across the country.

Nuhu Ribadu, the new National Security Adviser (NSA), has been given tasks to tackle as he assumes office.",Terrorist Attack,Nigeria,"Kaduna in Kaduna State, Nigeria; Bello in Antioquia, Colombia",Nuhu Ribadu; Dogo Gide; Shehu Sani,,tori.ng,tori.ng,Nigeria,General News,webnews,413677768,tori.ng-04506d64111916857b1f2f7b9eb0dbc2
2023-06-27T17:13:14.853Z,German,https://www.finanzen.ch/nachrichten/aktien/ueberblick-am-abend-konjunktur-zentralbanken-politik-1032413131,https://portal.who.int/eios/#/items/413677412/overview-on-the-eveningeconomy-central-banks-policy/full-article,"Overview on the evening/economy, central banks, policy","ÜBERBLICK am Abend/Konjunktur, Zentralbanken, Politik",,"The main events and messages to economy, central banks, policy from the programme of Dow Jones news wires. Us-aufträge for durable goods rise in may. The new orders received for long-lived assets in the United States of America is surprising increase in may.","Die wichtigsten Ereignisse und Meldungen zu Konjunktur, Zentralbanken, Politik aus dem Programm von Dow Jones Newswires. US-Aufträge für langlebige Güter steigen im Mai. Der Auftragseingang langlebiger Wirtschaftsgüter in den USA ist im Mai überraschend gestiegen.",Conflict; Hydrogen,Canada; France; Germany; Iran (Islamic Republic of); Poland; South Africa; Ukraine; United States of America,"United States of America; France; Moscow in Moscow, Russian Federation; Germany; South Africa; Canada; Iran (Islamic Republic of); Ukraine; Poland",Ursula von der Leyen; Naledi Pandor; Annalena Baerbock; Christian Lindner; Magdalena Rzeczkowska; Pierre Wunsch; Robert Habeck; Vladimir Putin; Donald Trump; Iris Spranger; Bruno Le Maire,The Pentagon; Dow Jones Newswires; Suddeutsche Zeitung; European Commission; European Central Bank,finanzen-ch,finanzen CH,Switzerland,Financial News,webnews,413677412,finanzen-ch-d8964358dd1e292a86155c6f878a0372
2023-06-27T17:13:23.812Z,English,https://www.citizen.co.za/news/kzn-south-coast-ethekwini-flooding-tornado-watch/,https://portal.who.int/eios/#/items/413677493/watch-kzn-south-coast-and-ethekwini-lashed-by-heavy-rains-mini-tornado/full-article,"WATCH: KZN South Coast and eThekwini lashed by heavy rains, mini tornado",,"Widespread disruptive rain and thundershowers are pummeling the KwaZulu-Natal South Coast and eThekwini. The South African Weather Services (SAWS) issued the second-highest weather warning level, Orange Level 6, for the Ray Nkonyeni, Umdoni and Umzumbe areas in the Ugu District Municipality. According to SAWS, Margate and Port Edward have already reported rainfall measurements of 89mm and 49mm since Monday.",,"Disaster management teams have been placed on high alert on Tuesday as widespread disruptive rain and thundershowers are pummeling the KwaZulu-Natal South Coast and eThekwini. The South African Weather Services (SAWS) issued the second-highest weather warning level, Orange Level 6, for the Ray....",Cyclonic storm; Floods; Natural Disasters; Tornado,South Africa,"Umdoni in KwaZulu-Natal, South Africa; Umzumbe in KwaZulu-Natal, South Africa; Margate in Margate, Hibiscus Coast, Ugu District Municipality, KwaZulu-Natal, South Africa; Durban in KwaZulu-Natal, South Africa",Also Read,Ugu District; Weather Services,citizen,The Citizen,South Africa,General News,webnews,413677493,citizen-354cea3218fb220e1b7f3166feea2ede
2023-06-27T17:12:14.911Z,English,https://www.nytimes.com/2023/06/27/world/africa/sierra-leone-election-results.html,https://portal.who.int/eios/#/items/413677223/sierra-leones-president-bio-wins-re-election/full-article,Sierra Leone’s President Bio Wins Re-election,,"Julius Maada Bio won 56 percent of the vote, earning him a surprise victory in the first round. Most observers had predicted that no candidate would pass the necessary threshold of 55 percent needed to avoid a runoff. The election was a rematch of the 2018 contest, in which Mr. Bio defeated Mr. Kamara by a tight margin.",,"President Julius Maada Bio won re-election in the West African nation of Sierra Leone on Tuesday, according to the country’s electoral commission, amid concerns over lack of transparency in the vote tallying and sporadic episodes of violence. Mr. Bio won 56 percent of the vote, earning him a surprise victory in the first round.",Teargas,Sierra Leone,"Freetown in Western Area, Sierra Leone",Julius Maada Bio; Samura Kamara; Ishmael Beah; Joseph Johnson,Carter Center,nytimes,New York Times,United States of America,General News,webnews,413677223,nytimes-a46bffab32718937c1cfb39a44b72bb7
2023-06-27T17:12:12.861Z,English,https://eonsintelligence.com/details/news-108923456/gunmen-kill-seven-in-plateau-state-community-829225491,https://portal.who.int/eios/#/items/413677206/gunmen-kill-seven-in-plateau-state-community/full-article,GUNMEN KILL SEVEN IN PLATEAU STATE COMMUNITY,,"Gunmen on 26 June 2023 attacked Kerang community between 1700hrs and 1800hrs. About seven persons were killed in Sohon Kegan, Mangu LGA, Plateau State. The corpses of the victims were discovered by residents this morning. All victims were given mass burial this morning 27th June, 2023.",,"Gunmen on 26 June 2023 attacked Kerang community between 1700hrs and 1800hrs and killed about seven persons in Sohon Kegan, Mangu LGA, Plateau State. The information available indicates that the gunmen invaded the community behind the SWAN Water Company Ltd, located in Kerang community and started....",Curfews,Nigeria,"Mangu in Plateau State, Nigeria",,Water Company,eonsintelligence,eons intelligence news,Nigeria,General News,webnews,413677206,eonsintelligence-ebfd8a0d239c07135a1fec036f9e3012
2023-06-27T17:11:12.778Z,English,https://www.aljazeera.com/sports/2023/6/27/ahmedabad-stadium-to-host-india-pakistan-cricket-world-cup-game,https://portal.who.int/eios/#/items/413677029/ahmedabad-stadium-to-host-india-pakistan-cricket-world-cup-clash/full-article,Ahmed­abad sta­di­um to host In­dia-Pak­istan Crick­et World Cup clash,,"India and Pakistan will play each other for the eighth time in a 50-over ICC World Cup tournament. The Narendra Modi Stadium in Ahmedabad, India will host five games, including the opener between reigning champions England and New Zealand, and the championship decider on November 19. Ten teams will feature in the 46-day tournament which is being held across 10 cities.",,"Ahmedabad stadium to host India-Pakistan Cricket World Cup clash

The rivals will face off at the 132,000-seat Narendra Modi Stadium, which will also host the opening and final games.

India and Pakistan will play each other for the eighth time in the 50-over ICC World Cup tournament [File: Martin....",Travel Restrictions,Afghanistan; Australia; Bangladesh; India; New Zealand; Pakistan; The United Kingdom; Zimbabwe,"India; Afghanistan; Zimbabwe; Australia; Bangladesh; South Africa; New Zealand; Islamabad in Islamabad, Pakistan; Hyderabad in Sindh, Pakistan",Ul Hasan; Geoff Allardice; Narendra Modi,World Cup; Pakistan Cricket Board; International Cricket Council; Cricket World Cup,aljazeera-en,Aljazeera (English),Qatar,General News,webnews,413677029,aljazeera-en-e19c9944cde681a714bf398317946553
2023-06-27T17:11:19.203Z,French,https://faso-actu.info/commemoration-de-la-journee-mondiale-de-lutte-contre-le-travail-des-enfants-le-burkina-faso-sacrifie-a-la-tradition/,https://portal.who.int/eios/#/items/413677076/27-june-2023-commemoration-of-the-world-day-of-fight-against-child-labour-burkina-faso-sacrifices-to-tradition/full-article,27 June 2023 'commemoration of the world day of fight against child labour: Burkina Faso sacrifices to tradition,27 juin 2023 | Commémoration de la Journée mondiale de lutte contre le travail des enfants : le Burkina Faso sacrifie à la tradition,,"The minister of state, minister of public service, labour and social Protection, Bassolma Bazié chaired, on Tuesday, 27 June 2023, in Ouagadougou, the commemoration deferred, of the world day to combat child labour (JMTE) under the theme: ""social Justice for all,....","Le ministre d’Etat, ministre de la Fonction publique, du Travail et de la Protection sociale, Bassolma Bazié a présidé, ce mardi 27 juin 2023, à Ouagadougou, la commémoration en différé, de la Journée mondiale de lutte contre le travail des enfants (JMTE) sous le thème : « Justice sociale pour tous,....",Terrorist Attack,Burkina Faso,"Ouagadougou in Centre, Burkina Faso",,Bureau International,faso-actu,faso-actu,Burkina Faso,General News,webnews,413677076,faso-actu-7ce509267935bdef78f655215ffc2142
2023-06-27T17:11:19.313Z,French,https://faso-actu.info/passation-de-charge-au-matds-le-ministre-emile-zerbo-officiellement-installe/,https://portal.who.int/eios/#/items/413677077/award-load-at-matds-minister-emile-zerbo-officially-installed/full-article,Award load at MATDS: minister Emile Zerbo officially installed,Passation de charge au MATDS : Le Ministre Emile ZERBO officiellement installé,,"The secretary general of the government and of the council of ministers, Jacques Sosthène Dingara proceeded on Tuesday 27 June 2023, in Ouagadougou, the official installation of the new minister of territorial Administration and decentralisation and security (MATDS), Mr Emile Zerbo.","Le Secrétaire Général du Gouvernement et du Conseil des Ministres, Jacques Sosthène DINGARA, a procédé ce mardi 27 juin 2023, à Ouagadougou, à l’installation officielle du nouveau Ministre de l’Administration Territoriale, de la Décentralisation et de la Sécurité (MATDS), Monsieur Emile ZERBO.",Terrorist Attack,Burkina Faso,"Ouagadougou in Centre, Burkina Faso",Emile Zerbo; Jacques Sosthène Dingara; Ibrahim Traore; Apollinaire Joachimson,,faso-actu,faso-actu,Burkina Faso,General News,webnews,413677077,faso-actu-8a3310a2440eda49e39105e310301018
2023-06-27T17:11:24.274Z,English,https://www.legit.ng/politics/1541546-fight-corruption-recover-stolen-assets-uk-based-investigator-charges-tinubu-reason/,https://portal.who.int/eios/#/items/413677123/fight-corruption-recover-stolen-assets-uk-based-investigator-charges-tinubu-gives-rea/full-article,"""Fight corruption, recover stolen assets"", UK-based investigator charges Tinubu, gives rea...",,"A UK-based international investigator, Victor Uwajeh, gave this charge via a statement issued on Tuesday, June 27; The President was also advised to prioritise investigating oil theft, fuel subsidy scam, and all the federal ministries. Tinubu hailed for Nuhu Ribadu's appointment as NSA.",,"A UK-based international investigator, Victor Uwajeh, gave this charge via a statement issued on Tuesday, June 27; The President was also advised to prioritise investigating oil theft, fuel subsidy scam, and all the federal ministries.

President Bola Tinubu has been urged on an asset recovery spree and investigation of oil theft and subsidy scam.",Endemic,Nigeria,,Nuhu Ribadu; Bola Tinubu; Auwal Musa; Musa Rafsanjani; Victor Uwajeh; Photo Credit,Economic and Financial Crime Commission,legit.ng,legit.ng,Nigeria,General News,webnews,413677123,legit.ng-acb77bab5013db89f72e61a7bff8b410
2023-06-27T17:09:14.972Z,English,https://english.aawsat.com/arab-world/4404971-over-1-million-may-flee-sudan-conflict-un-refugee-agency-says,https://portal.who.int/eios/#/items/413676839/over-1-million-may-flee-sudan-conflict-un-refugee-agency-says/full-article,"Over 1 Million May Flee Sudan Conflict, UN Refugee Agency Says",,"The government team responsible for opening the crossings to Taiz, under the legitimate Yemeni government, has presented a new proposal to open 5 routes. Member of the team, Nabil Jamel, said that the proposals came after some Taiz figures contacted the local authority with an initiative to open one road. The team has confirmed their readiness to discuss coordination mechanisms for receiving and facilitating the movement of citizens entering or leaving the city.",,"The government team responsible for opening the crossings to Taiz, under the legitimate Yemeni government, has presented a new proposal to open 5 routes that will help end the suffering of millions of residents in the city besieged for nearly 8 years by the Houthi group.",Conflict; Terrorist Attack,"Chad; Egypt; India; Iran (Islamic Republic of); Iraq; Israel; Occupied Palestinian territory, including east Jerusalem; Saudi Arabia; Syria; Türkiye; Ukraine; United States of America; Yemen","Taiz in Ta‘izz, Yemen; Aden in Aden, Yemen; Giza in Egypt; Sanaa in Yemen; Cairo in Cairo, Egypt; Gaza in Gaza Strip, Occupied Palestinian territory, including east Jerusalem; Baghdad in Baghdad, Iraq; New Delhi in West, Delhi, India; Iran (Islamic Republic of); Al-Quds in Jerusalem, Israel; Riyadh in Saudi Arabia; Kilis in Kilis, Türkiye; Ankara in Ankara, Türkiye; Ukraine; Washington in City of Washington, Washington, Washington, D.C., United States of America",Nabil Shamsan; Alina Romanowski; Rajnath Singh; Muhammad Shiaa al Sudani; Vladimir Putin; Simcha Rothman; Joe Biden; Recep Tayyip Erdogan; Narendra Modi; Tony Blinken; Bezalel Smotrich; Abdel Fattah al Sissi; Akram al-Kaabi; Nouri al Maliki; Wasel Abu Yusef; Abdul Rahman al Chadarchi; Prophet Muhammad,Trade exchange; Army Radio; Republic Day parade; Armed Forces; Wagner Group; Cold War; Iraqi government; Russian military; Turkish ministry; Military Police; Non Aligned Movement; Anadolu Ajansi; Asharq Al Awsat; Saudi Development; Turkish military; Syrian National Army; Israeli government; Netanyahu government; Finance Ministry; Kurdistan Workers Party; US embassy; Syrian Democratic Forces; Yemeni government; First World War; US military; Sanaa airport; Syrian Observatory for Human Rights; Hamas; Jewish Power party; Ministry of National Defense,aawsat,Asharq Alawsat English Edition,Saudi Arabia,General News,webnews,413676839,aawsat-b705ea155a8d4f6e1d953d3246124717
2023-06-27T17:09:17.981Z,English,https://independent.ng/flooding-fcta-declares-trademore-estate-disaster-zone/#respond,https://portal.who.int/eios/#/items/413676865/leave-a-comment-on-flooding-fcta-declares-trademore-estate-disaster-zone/full-article,Leave a comment on: “Flooding: FCTA Declares Trademore Estate Disaster Zone”,,"FCTA says it is looking at coming up with a programme of evacuating people from those areas. Olusade Adesola, FCTA’s Permanent Secretary, stated this on Tuesday in Abuja. He hinted that the flooding incident at Trademore Estate was among the issues reviewed at the FCT Monthly Security Committee meeting.",,"Also, the FCTA says it is looking at coming up with a programme of evacuating people from those areas, so as to ensure that they prevent further casualties in the area. Olusade Adesola, FCTA’s Permanent Secretary, stated this on Tuesday in Abuja during an on-the-spot assessment of the area hinted....",Floods; Natural Disasters,Nigeria,"Abuja in FCT, Nigeria",Olusade Adesola,,independent-ng,independent,Nigeria,General News,webnews,413676865,independent-ng-2b9085b401061205eba42fa2b6712ba8
2023-06-27T17:09:18.727Z,French,https://www.lefigaro.fr/international/rebellion-de-wagner-moscou-confirme-l-abandon-des-poursuites-contre-le-groupe-paramilitaire-20230627,https://portal.who.int/eios/#/items/413676872/rebellion-of-wagner-lukaschenko-ensures-have-discouraged-to-putin-to-assassinate-prigogine/full-article,Rebellion of Wagner: lukaschenko ensures have discouraged to putin to assassinate prigogine,Rébellion de Wagner : Loukachenko assure avoir déconseillé à Poutine d'assassiner Prigogine,,"Declaration of the german minister of foreign affairs, abandonment of prosecutions against Wagner, preparations for the transfer of heavy military equipment of Wagner towards the army... Le Figaro made the point on Tuesday on the failed rebellion which has shiver through the russian regime for 24 hours on Saturday, 24 June.","Déclaration de la ministre allemande des Affaires étrangères, abandon des poursuites contre Wagner, préparatifs pour le transfert des équipements militaires lourds de Wagner vers l'armée ... Le Figaro fait le point ce mardi sur la rébellion avortée qui a fait trembler le régime russe pendant 24 heures samedi 24 juin.",Conflict,Belarus; China; Germany; Kazakhstan; Russian Federation; South Africa; Ukraine,"Minsk in Minsk City, Belarus; Moscow in Moscow, Russian Federation; Berlin in Bezirk Mitte, Berlin, Berlin, Stadt, Land Berlin, Germany; Pretoria in Pretoria, City of Tshwane, City of Tshwane Metropolitan Municipality, Gauteng, South Africa; China; Kiev in Ukraine; Kazakhstan",Naledi Pandor; Dmitry Peskov; Renaud Girard; Vladimir Putin; Alexander Lukashenko; Annalena Baerbock; Alexei Navalny,Press Agency; Federal Security Service of the Russian Federation; The Kremlin,lefigaro,Le Figaro,France,General News,webnews,413676872,lefigaro-014b0b8f67edb8a3832b07b0d3cbbbbf
2023-06-27T17:07:16.363Z,Spanish; Castilian,https://www.h13n.com/modernizacion-alumbrado-publico-entrega-via-caldas/194829/,https://portal.who.int/eios/#/items/413676698/modernisation-of-street-lighting-and-delivery-of-road-in-caldas/full-article,Modernisation of street lighting and delivery of road in caldas,Modernización del alumbrado público y entrega de vía en Caldas,,"Caldas continues its process of modernisation, close to 4 000 luminaires were changed and the race 54 was paved. In the municipality of Caldas modernized the street lighting in the neighbourhoods christ the king and distress to improve security and support the energy sustainability; in addition the government gave the paving of the race 54.","Caldas continúa su proceso de modernización, cerca de 4 mil luminarias fueron cambiadas y la carrera 54 fue pavimentada. En el municipio de Caldas modernizaron el alumbrado público en los barrios Cristo Rey y el Socorro para mejorar la seguridad y apoyar la sostenibilidad energética; además la alcaldía entregó la pavimentación de la carrera 54.",Sodium,Mauritius,Mauritius,,,h13n,HORA 13 NOTICIAS,Colombia,General News,webnews,413676698,h13n-f48d4a08c12733c6cb41f1c0323859a9
2023-06-27T17:06:12.444Z,German,https://www.presseportal.de/pm/106106/5544944,https://portal.who.int/eios/#/items/413676622/save-the-children-condemns-massive-children-right-injuries-in-democratic-republic-of-congo-un-report-raises-highlights-forgotten-conflict/full-article,Save The Children condemns massive Children right injuries in democratic republic of Congo - un report raises highlights forgotten conflict,Save the Children verurteilt massive Kinderrechtsverletzungen in Demokratischer Republik Kongo - UN-Bericht wirft Schlaglicht auf vergessenen Konflikt,,"(ots) Save The Children condemns the massive Children right violations in the democratic republic of the Congo and calls for greater protection for Children in the forgotten conflict. The central african country, according to a new un report for the second time in a row the ranking list of most Children right injuries in an armed conflict.",(ots) Save the Children verurteilt die massiven Kinderrechtsverletzungen in der Demokratischen Republik Kongo und fordert mehr Schutz für die Kinder in dem vergessenen Konflikt. Das zentralafrikanische Land führt laut einem neuen UN-Bericht zum zweiten Mal in Folge die Rangliste der meisten Kinderrechtsverletzungen in einem bewaffneten Konflikt an.,Conflict; Natural Disasters,Afghanistan; Austria; Congo; Democratic Republic of the Congo; Germany; Israel; Somalia; Syria; Ukraine; Yemen,Congo; Afghanistan; Yemen; Syria; Austria; Israel; Ukraine; Germany; Somalia; Democratic Republic of the Congo,Lea Meyer; Eglantyne Jebb,Die Bundesregierung; Save The Children,presseportal,Presseportal,Germany,General News,webnews,413676622,presseportal-96f8d4224e38f2744bb294449981b655
2023-06-27T16:57:18.900Z,English,http://www.china.org.cn/world/Off_the_Wire/2023-06/28/content_89748844.htm,https://portal.who.int/eios/#/items/413675998/un-security-council-renews-drc-sanctions-regime/full-article,UN Security Council renews DRC sanctions regime,,"The Security Council on Tuesday adopted a resolution to extend the sanctions regime on the Democratic Republic of the Congo. Security Council resolutions have imposed an arms embargo on armed groups in the DRC. Resolution 2688, which won the unanimous support of the 15-member council, also decides to extend mandate of group of experts assisting DRC Sanctions Committee.",,"UNITED NATIONS, June 27 (Xinhua) -- The Security Council on Tuesday adopted a resolution to extend the sanctions regime on the Democratic Republic of the Congo (DRC) till July 1, 2024. Security Council resolutions have imposed an arms embargo on armed groups in the DRC, a travel ban on individuals....",Travel Restrictions,Congo; Democratic Republic of the Congo,Congo; Democratic Republic of the Congo,,United Nations; Sanctions Committee; UN Security Council,china.org.cn,China's national online news service,China,General News,webnews,413675998,china.org.cn-ed4980651f7753eb53baf56aa5f424b3
2023-06-27T16:57:20.775Z,English,https://www.dailymaverick.co.za/article/2023-06-27-cholera-examining-the-horrific-consequences-of-governments-own-contaminated-policy-choices/,https://portal.who.int/eios/#/items/413676012/water-related-health-crises-op-ed-part-two-cholera-examining-the-horrific-consequences-of-governments-own-contaminated-policy-choices/full-article,WATER-RELATED HEALTH CRISES OP-ED (PART TWO): Cholera — examining the horrific consequences of government’s own contaminated policy choices,,Some of us see socialism as the only alternative to growing barbarism around the world. Whether there is a third way between capitalism and Marxian socialism remains to be tested in practice. What is however assured is that putting it to the test will again make South Africa a place people would choose to live.,,"Some of us, me included, see socialism as the only alternative to growing barbarism around the world. Yet, there are many influential economists who offer critiques of both capitalism and critiques of Marxian understandings of capitalism. Beginning with John Maynard Keynes (1883-1946), they include....",Cholera:,Bahrain; South Africa,"Capital in Manama, Bahrain; South Africa",Ha Joon Chang; John Kenneth Galbraith; John Maynard Keynes; Thomas Piketty; Joseph Stiglitz,Cambridge University; World Bank,dailymaverick,Daily Maverick,South Africa,General News,webnews,413676012,dailymaverick-b59202c6c7fe4c273ff433d25ce71264
2023-06-27T16:54:13.022Z,French,https://www.msf-azg.be/fr/news/soudan-25-millions-de-personnes-d%C3%A9plac%C3%A9es,https://portal.who.int/eios/#/items/413675743/sudan-25-million-displaced-persons-what-future-awaits-them-sudan-refugees-and-displaced-persons/full-article,"Sudan: 2,5 million displaced persons - what future awaits them? Sudan refugees and displaced persons","Soudan: 2,5 millions de personnes déplacées - quel avenir les attend? Soudan Réfugiés et personnes déplacées",,"The conflict in sudan has lasted more than 10 weeks. The consequences of this conflict have a major impact on the already fragile health system, making access to necessary health care even more difficult. Moreover, the health institutions lack stocks, equipment and....","Le conflit au Soudan dure depuis plus de 10 semaines. Les conséquences de ce conflit ont un impact majeur sur le système de santé déjà fragile, rendant l'accès aux soins de santé nécessaires d'autant plus difficile. De plus, les établissements de santé manquent de stocks, d'équipements et de....",Asthma; Children-Youth; Humanitarian Aid; Malaria; Maternal Mortality; Measles; Refugees and Internally Displaced Persons; Vaccination,Central African Republic; Chad; South Sudan; Sudan,"Khartoum in Khartoum, Sudan; Wad Madani in Al Jazīrah, Sudan; Kassala in Kassala, Sudan; Al-Fashir in Northern Darfur, Sudan; South Sudan",Hassan Iasir; Atsuhiko Ochiai; Wadi Fira; Prophet Muhammad,United Nations; UNICEF; Al Jazira; Medecins Sans Frontieres,MSF-be,M�decins Sans Fronti�res (MSF) - Belgium,Belgium,NGO,webnews,413675743,MSF-be-85e05c4bcfbe2050167dfedac3a9d900
2023-06-27T16:51:10.236Z,English,https://www.socialscienceinaction.org/resources/imagining-hiv-aids-morality-and-perceptions-of-personal-risk-in-nigeria/,https://portal.who.int/eios/#/items/413675552/imagining-hivaids-morality-and-perceptions-of-personal-risk-in-nigeria/full-article,Imagining HIV/AIDS: Morality and perceptions of personal risk in Nigeria,,"The disparity between people’s knowledge about HIV/AIDS and the extent to which they take measures to protect themselves is one of the most vexing issues for public health workers. This paper aims to explain some of this discrepancy using survey and ethnographic data collected among young rural-urban migrants in Aba and Kano, two cities in Nigeria.",,"The disparity between people’s knowledge about HIV/AIDS and the extent to which they take measures to protect themselves is one of the most vexing issues for public health workers and social science analysts. This paper aims to explain some of this discrepancy, using survey and ethnographic data....",HIV infection-AIDS,Nigeria,"Nigeria; Kano in Kano State, Nigeria; Aba in Abia State, Nigeria",,,socialscienceinaction,Social Science in Humanitarian Action Platform,The United Kingdom,General News,webnews,413675552,socialscienceinaction-92626ade4e186f64911c5b76a367ebec
2023-06-27T16:49:16.179Z,Portuguese,https://www.voaportugues.com/a/fome-persiste-em-malanje-enquanto-reduz-volume-de-doa%c3%a7%c3%b5es/7154803.html,https://portal.who.int/eios/#/items/413675327/hunger-persists-in-malanje-enquanto-reduces-volume-grant-giving/full-article,Hunger persists in Malanje enquanto reduces volume grant-giving,Fome persiste em Malanje enquanto reduz volume de doações,,"Malanje — hunger continues to affect tens of people in need in urban, peri-urban and rural areas of angola of Malanje province. In addition to this scenario, the number of donors collective or natural to support the poorer reduced considerably in recent years and the involvement of the government does not meet.","Malanje — A fome continua a afectar dezenas de pessoas necessitadas nos centros urbanos, periurbanos e nas zonas rurais da província angola de Malanje. A acrescentar a este cenário, o número de doadores colectivos ou singulares para apoiar as camadas mais pobres reduziu consideravelmente nos últimos anos e a comparticipação do Governo não satisfaz.",Children-Youth; Drought; Food Security And Food Aid,Angola,"Malanje in Malanje, Angola; Angola; Igreja in Cabo Verde",Fátima García,Red Cross,voaportugues,Voz da America (VOA),Angola,General News,webnews,413675327,voaportugues-789cecb452168d91d6b12aec5773b877
2023-06-27T16:49:21.991Z,Spanish; Castilian,https://www.diarioadn.co/noticias/la-tierra-perdio-un-area-de-selva-equivalente-un-campo-de-futbol-cada-5-segundos+articulo+59050,https://portal.who.int/eios/#/items/413675385/the-land-lost-an-area-of-jungle-equivalent-to-a-football-every-5-seconds-the-total-area-logged-combusted-or-equivalent-to-the-surface-of-switzerland-o/full-article,The land lost an area of jungle equivalent to a football every 5 seconds the total area logged combusted or equivalent to the surface of Switzerland or neerlandais.,La Tierra perdió un área de selva equivalente a un campo de fútbol cada 5 segundos El área total quemada o talada equivale a la superficie de Suiza o Países Bajos.,,"The study of the world resources institute (WRI) specifies that it is indigenous trees and mature, and that the figure represents an increase of 10% compared to the previous year. Drawn up on the basis of satellite images, the report highlights the situation in the amazon basin. The losses in brazil represented 43% of the total in Bolivia 9%.","El estudio del Instituto de Recursos Mundiales (WRI) precisa que se trata de árboles autóctonos y maduros, y que la cifra supone un incremento del 10% respecto al año anterior. Elaborado a partir de imágenes satelitales, el informe destaca la situación en la cuenca amazónica. Las pérdidas en Brasil representaron el 43% del total, en Bolivia el 9%.",Haemorrhage,Bolivia (Plurinational State of); Brazil; Colombia; Congo; India; Indonesia; Lao People's Democratic Republic; Malaysia; Peru; Switzerland,"Switzerland; Lao People's Democratic Republic; Malaysia; Bolivia (Plurinational State of); Brazil; Netherlands; Cameroon; Colombia; Congo; Papua New Guinea; Peru; Democratic Republic of the Congo; India; Indonesia; Washington in City of Washington, Washington, Washington, D.C., United States of America",Luiz Inacio Lula da Silva; Mikaela Weisse; Jair Bolsonaro; Frances Seymour; Global Forest,,diarioadn-co,Diario ADN: Ultimas noticias de Bogota,Colombia,General News,webnews,413675385,diarioadn-co-d3e8daf4acafb68129f293c694c12f0c
2023-06-27T16:46:11.923Z,English,https://www.citizen.co.za/news/durban-beaches-closed-again-during-school-holidays/,https://portal.who.int/eios/#/items/413674995/durban-beaches-closed-again-during-school-holidays/full-article,Durban beaches closed again during school holidays,,"A broken sewage pump station in uMhlanga has resulted in seven beaches being closed. This is due to alarming levels of E. coli contamination. The City of Durban had promised swift action to repair the malfunctioning pump station. ActionSA, a political party, has approached the KwaZulu-Natal High Court.",,"A broken sewage pump station in uMhlanga has put a damper on school holidays, having resulted in seven

being closed. According to the eThekwini Municipality, the picturesque shores of uMhlanga Main, Westbrook, Bronze, Umdloti Main, Reunion, Warner and Winklespruit have been off-limits to....",Escherichia coli Infection; Floods; School Closures,Réunion; South Africa,"Durban in KwaZulu-Natal, South Africa; Réunion; Cape Town in Somerset West, City of Cape Town, City of Cape Town, Western Cape, South Africa",Also Read,High Court,citizen,The Citizen,South Africa,General News,webnews,413674995,citizen-7719036a6af8513a410a6f6c9eaf64b3
2023-06-27T16:44:17.881Z,English,https://nationaldailyng.com/traffic-gridlock-worsens-on-lagos-ibadan-expressway/,https://portal.who.int/eios/#/items/413674899/traffic-gridlock-worsens-on-lagos-ibadan-expressway/full-article,Traffic gridlock worsens on Lagos-Ibadan expressway,,"There has been public outcry over the disorganized traffic situation on the Lagos-Ibadan expressway at the construction sites of the road. The governments of Lagos and Ogun States have been working in collaboration with the Federal Ministry of Works and Housing to ensure that the traffic congestion experienced at OPIC-Berger in the past few weeks does not reoccur. The contractor has been directed to block all illegal road diversions, especially between Magboro and OPIC.",,"The traffic gridlock at the Lagos end of the Lagos-Ibadan expressway has continued to worsen after the former Minister of Works and Housing, Babatunde Fashola, had on the departure of former President Muhammadu Buhari, said that the uncompleted road would be commissioned by President Bola Tinubu at the end of June.",Man-Made Disasters,Nigeria,"Lagos in Lagos, Nigeria",Bola Tinubu; Babatunde Fashola; Also Read; Muhammadu Buhari,Federal Government,nationaldailyng,nationaldailyng,Nigeria,General News,webnews,413674899,nationaldailyng-13cfb7e9a2e25fa223587302fec64bde