﻿importDateUTC,language,externalLink,eiosLink,title,originalTitle,summary,translatedDescription,description,categories,mentionedCountries,locations,mentionedPersons,mentionedOrgsEntities,source,sourceName,sourceCountry,sourceSubject,sourceType,id,emmId
2023-06-27T18:40:20.090Z,French,http://bamada.net/la-mission-de-lonu-au-mali-prendra-fin-le-30-juin-document,https://portal.who.int/eios/#/items/413683708/the-un-mission-in-mali-closes-on-30-june-document/full-article,The un mission in Mali closes on 30 June – document,La mission de l’Onu au Mali prendra fin le 30 juin – document,,"This decision comes close months of tension between the blue helmets and the military junta in power in Mali since the state of 2020 and 2021. On 16 June last before the fifteen, the Malian minister of foreign affairs, Abdoulaye Diop, called for the withdrawal of the Mission.","Cette décision vient clore des mois de tensions entre les casques bleus et la junte militaire au pouvoir au Mali depuis les coups d’Etat de 2020 et 2021. Le 16 juin dernier devant les Quinze, le ministre malien des Affaires étrangères, Abdoulaye Diop, a réclamé le retrait sans délai de la Mission....",Conflict,Mali,"Mali; France; Algiers in Algiers, Algeria",Jean Stephane Brosse; Abdoulaye Diop,United Nations; UN Security Council,bamada,bamada,Mali,Medical,Medical,413683708,bamada-6fe80dd43dac169ba5e7b1511d74da8d
2023-06-27T18:40:20.240Z,French,http://bamada.net/selon-lavrov-wagner-va-continuer-ses-operations-au-mali-et-en-centrafrique,https://portal.who.int/eios/#/items/413683709/according-to-lavrov-wagner-will-continue-its-operations-in-mali-and-centrafrique/full-article,According to Lavrov Wagner will continue its operations in Mali and centrafrique,Selon Lavrov Wagner va continuer ses opérations au Mali et en Centrafrique,,"Members of Wagner work in Mali and in the central african republic “as instructors. This work will continue bien-sûr”, stated Sergey Lavrov in an interview to the chain RT. The russian minister has estimated that Europe and France “having abandoned the RCA and Mali”, these countries have....","Les membres de Wagner travaillent au Mali et en République centrafricaine “comme instructeurs. Ce travail va bien-sûr continuer”, a déclaré Sergueï Lavrov dans un entretien à la chaîne RT. Le ministre russe a estimé que l’Europe et la France “ayant abandonné la RCA et le Mali” , ces pays se sont....",Conflict,Central African Republic; Mali; Russian Federation; Ukraine,"Mali; Central African Republic; France; Moscow in Moscow, Russian Federation; Ukraine",Vladimir Putin; Sergey Lavrov; Faustin Archange Touadera,,bamada,bamada,Mali,Medical,Medical,413683709,bamada-bf8348c35423dc79e6340d592cbac1c9
2023-06-27T18:40:24.512Z,French,https://www.rfi.fr/fr/france/20230627-proc%C3%A8s-de-l-ex-gendarme-rwandais-jug%C3%A9-en-france-pour-g%C3%A9nocide-la-d%C3%A9fense-demande-l-acquittement,https://portal.who.int/eios/#/items/413683756/trial-of-former-rwandan-gendarme-considered-in-france-for-genocide-defence-acquittal-request/full-article,Trial of former rwandan gendarme considered in France for genocide: defence acquittal request,Procès de l'ex-gendarme rwandais jugé en France pour génocide: la défense demande l'acquittement,,"The floor was on Tuesday 27 June to defence in the trial of Philippe Manier. The eve, the prosecutor had required the perpetuity against this ex-adjudant-chef gendarmerie of Nyanza, in the prefecture of Butare in southern Rwanda, prosecuted for genocide, crimes against humanity and association.","La parole était ce mardi 27 juin à la défense dans le procès de Philippe Manier. La veille, le parquet avait requis la perpétuité contre cet ex-adjudant-chef de la gendarmerie de Nyanza, dans la préfecture de Butare, au sud du Rwanda, poursuivi pour génocide, crimes contre l'humanité et association....",Conflict; Genocide,France; Rwanda,"Nyanza in Southern Province, Rwanda; Kigali in Kigali, Rwanda; Butare in Southern Province, Rwanda; Paris in Paris, Paris, Île-de-France, France",Laura Martel,,rfi-fr,Radio France International (French),France,General News,webnews,413683756,rfi-fr-5c142f892af5e2bb0ec0b3c16e5577b1
2023-06-27T18:40:28.836Z,English,https://ewn.co.za/2023/06/27/durban-tornado-claims-first-victim-after-herdsman-swept-away-by-floods,https://portal.who.int/eios/#/items/413683803/durban-tornado-claims-first-victim-after-herdsman-swept-away-by-floods/full-article,Durban tornado claims first victim after herdsman swept away by floods,,"A herdsman from Zwelisha was swept away by rapidly rising waters, and has not been found. A tornado hit Durban, KZN on 27 June 2023, accompanied by heavy downpours. Two people have been hospitalised for minor injuries after the extreme weather event.",,"A herdsman from Zwelisha was swept away by rapidly rising waters, and has not been found.

The river where a herdsman is suspected to have died after being washed away by rapidly rising waters. A tornado hit Durban, KZN on 27 June 2023, accompanied by heavy downpours. Picture: Reaction Unit South Africa.",Children-Youth; Cyclonic storm; Floods; Natural Disasters; Tornado,South Africa,"Durban in KwaZulu-Natal, South Africa",Vinod Singh,Security company,eyewitness-news,EWN - South African news,South Africa,General News,webnews,413683803,eyewitness-news-688e16228e9ad2e00bb3640b2f4b362f
2023-06-27T18:40:29.199Z,English,https://ewn.co.za/2023/06/27/watch-two-injured-after-tornado-wreaks-havoc-in-durban,https://portal.who.int/eios/#/items/413683806/watch-two-injured-after-tornado-wreaks-havoc-in-durban/full-article,WATCH: Two injured after tornado wreaks havoc in Durban,,"Two people have been hospitalised for minor injuries after a tornado hit the Durban north area. Several homes and public buildings north of Durban have been damaged. The tornado swept through Durban while some parts of the province experienced heavy rainfall. At the same time, the KZN Co-operative Governance Department warned of severe rains.",,"Several homes and public buildings north of Durban have been damaged after a tornado swept through the city.

A tornado swept through Durban North on 27 June 2023, injuring two people and causing infrastructure damage. Pictures: Twitter/screenshots.

DURBAN - Two people have been hospitalised for....",Children-Youth; Cyclonic storm; Natural Disasters; Tornado,South Africa,"Durban in KwaZulu-Natal, South Africa; Natal in Natal, Natal, Rio Grande do Norte, Brazil",Robert McKenzie,,eyewitness-news,EWN - South African news,South Africa,General News,webnews,413683806,eyewitness-news-a316eb2dde000e66cf67c7e8959c949d
2023-06-27T18:37:14.657Z,English,https://abcnews.go.com/International/wireStory/russian-militia-maintains-ruthless-role-africa-after-failed-100418455,https://portal.who.int/eios/#/items/413683465/russian-militia-maintains-ruthless-role-in-africa-after-failed-rebellion/full-article,Russian militia maintains ruthless role in Africa after failed rebellion,,"Wagner Group brutalizes civilians in the Central African Republic, Mali and elsewhere. Russia gains access to natural resources and ports through which weapons can be shipped. In exchange, Russia receives payments that enrich the Kremlin and help it fund operations. Wagner operates in roughly 30 countries, according to the Center for Strategic and International Studies.",,"BIRAO, Central African Republic -- The Russian mercenary group that briefly threatened President Vladimir Putin’s authority has for years been a ruthless force-for-hire across Africa, protecting rulers at the expense of the masses. That dynamic is not expected to change now that the group’s founder,....",Conflict,Belarus; Central African Republic; Mali; Russian Federation; Ukraine,"Belarus; Libya; Sudan; Moscow in Moscow, Russian Federation; Bangui in Central African Republic; Ukraine",Ryan Cummings; Faustin Archange Touadera; Nathalia Dukhan; Vladimir Putin; Sergey Lavrov; Yevgeny Prigozhin,Malian government; Center for Strategic and International Studies; Wagner Group; Brookings Institution; Russian military; Russian government; Air Force,ABCnews,ABC News,United States of America,General News,webnews,413683465,ABCnews-87f9f0713d40c09a5b90358b06ccdc48
2023-06-27T18:38:20.226Z,Arabic,https://www.skynewsarabia.com/world/1632935-%D8%A7%D9%94%D9%85%D9%8A%D8%B1%D9%83%D8%A7-%D8%AA%D8%B9%D9%84%D9%86-%D8%B9%D8%B2%D9%85%D9%87%D8%A7-%D8%A7%D8%AA%D8%AE%D8%A7%D8%B0-%D8%A7%D9%95%D8%AC%D8%B1%D8%A7%D8%A1%D8%A7%D8%AA-%D8%AC%D8%AF%D9%8A%D8%AF%D8%A9-%D8%B6%D8%AF-%D9%81%D8%A7%D8%BA%D9%86%D8%B1-%D8%A7%D9%95%D9%81%D8%B1%D9%8A%D9%82%D9%8A%D8%A7,https://portal.who.int/eios/#/items/413683516/title/full-article,"أميركا تعلن عزمها اتخاذ ""إجراءات جديدة"" ضد فاغنر في إفريقيا",,,,"أعلنت الولايات المتحدة، الثلاثاء، عزمها اتخاذ ""تدابير جديدة"" هذا الأسبوع، ضد أنشطة مجموعة ""فاغنر"" العسكرية الروسية الخاصة في إفريقيا، والتي قامت بتمرد وجيز ضد الجيش الروسي.

وقال المتحدث باسم وزارة الخارجية الأميركية، ماثيو ميلر، إن ""

ستتخذ تدابير إضافية ضد مجموعة فاغنر ، لمحاسبتها على قيامها بأنشطة تدميرية في

""، حسب ما ذكرت وكالة فرانس برس.",Conflict,Belarus; Mali; Russian Federation; United States of America,"Russian Federation; Al Bayḑā’ in Al Jabal al Akhḑar, Libya; Mali",,United Nations; State Department,skynewsarabia,Sky News Arabia,Iran (Islamic Republic of),General News,webnews,413683516,skynewsarabia-29b7a28ceeb46f701bd0616bce64602b
2023-06-27T18:38:18.290Z,French,https://www.aib.media/2023/06/27/burkina-un-decret-en-elaboration-pour-assainir-le-marche-des-energies-renouvelables-et-electriques/,https://portal.who.int/eios/#/items/413683498/burkina-un-dcret-en-laboration-pour-assainir-le-march-des-nergies/full-article,Burkina : Un décret en élaboration pour assainir le marché des énergies…,,,,"Burkina : Un décret en élaboration pour assainir le marché des énergies renouvelables et électriques. Ouagadougou, 27 juin 2023(AIB)-Le ministère de l’Energie, des Mines et des Carrières a organisé mardi, un atelier d’élaboration de décret, en vue d’assainir le marché des énergies renouvelables et....",Floods; Natural Disasters,Burkina Faso,"Ouagadougou in Centre, Burkina Faso",,,aib,Agence d'information du Burkina,Burkina Faso,General News,webnews,413683498,aib-d30ce2a777e479d82bb38d90e9eb6a25
2023-06-27T18:38:18.385Z,French,https://www.aib.media/2023/06/27/le-president-du-parlement-des-enfants-deplore-le-nombre-important-denfants-dont-le-droit-a-leducation-na-pas-ete-realise/,https://portal.who.int/eios/#/items/413683499/le-prsident-du-parlement-des-enfants-dplore-le-nombre-important-denfants-dont-le-droit-lducation-na-pas-t-ralis/full-article,Le président du Parlement des enfants déplore le nombre important d’enfants dont le droit à l’éducation n’a pas été réalisé,,,,"Burkina-Monde-Education-Enfance-Journée-Commémoration. Le président du Parlement des enfants déplore le nombre important d’enfants dont le droit à l’éducation n’a pas été réalisé. Ouagadougou, 27 juin 2023 (AIB)-Le président du Parlement des enfants du Burkina Ollo Da a déploré mardi à Ouagadougou....",Refugees and Internally Displaced Persons; School Closures,Burkina Faso,"Ouagadougou in Centre, Burkina Faso",,,aib,Agence d'information du Burkina,Burkina Faso,General News,webnews,413683499,aib-7dd44d43f07160176d4a9a9a3e7dd113
2023-06-27T18:32:16.296Z,English,https://gazette.com/news/us-world/new-scheme-aims-to-get-vaccines-to-outbreaks-faster---gavi/article_a1b22840-ac00-5889-b114-1cf621a66c27.html,https://portal.who.int/eios/#/items/413683084/new-scheme-aims-to-get-vaccines-to-outbreaks-faster-gavi/full-article,New scheme aims to get vaccines to outbreaks faster - Gavi,,"FILE PHOTO: A resident receives a vaccine as the vaccinations against Ebola continue in Alakro, the slum where the first case of Ebola was confirmed, in Abidjan, Ivory Coast August 17, 2021. REUTERS/Luc Gnago/File Photo.",,"FILE PHOTO: A resident receives a vaccine as the vaccinations against Ebola continue in Alakro, the slum where the first case of Ebola was confirmed, in Abidjan, Ivory Coast August 17, 2021. REUTERS/Luc Gnago/File Photo.",Ebola; Vaccination,Côte d’Ivoire,Abidjan in Côte d’Ivoire,Luc Gnago,,gazette,The gazette,United States of America,General News,webnews,413683084,gazette-0aee5211026e8320778638fd775dcbb5
2023-06-27T18:30:17.462Z,Spanish; Castilian,https://eldeber.com.bo/pais/las-deudas-del-petroleo-mas-de-6-mil-desechos-sin-limpiar-en-cuatro-paises-de-latinoamerica-entre-el_330197,https://portal.who.int/eios/#/items/413683002/debts-of-oil-more-than-6-thousand-remainders-uncleaned-in-four-latin-american-countries-including-bolivia/full-article,"Debts of oil: more than 6 thousand remainders uncleaned in four latin american countries (including, Bolivia)","Las deudas del petróleo: más de 6 mil desechos sin limpiar en cuatro países de Latinoamérica (entre ellos, Bolivia)",,"The sites shocked, however, deserve special attention, considering the scale and they are all in the amazon basin. The OEFA confirmed the existence of 139 these sites in four of the catchment areas of Loreto and 32 points more prioritised by the state in the same region, before the body to assume that responsibility.","Los sitios impactados, sin embargo, merecen especial atención, considerando la envergadura y que todos están en la Amazonía. El OEFA confirmó la existencia de 139 de estos sitios en cuatro de las cuencas de Loreto y 32 puntos más priorizados por el Estado en la misma región, antes que asuma esa responsabilidad el organismo.",Barium; Chemicalaccidents; Indigenous Peoples; Man-Made Disasters; Nickel,Argentina; Bolivia (Plurinational State of); Colombia; Ecuador; Mauritius; Peru,"Loreto in Corrientes, Argentina; Cochabamba in Departamento de Cochabamba, Bolivia (Plurinational State of); Corrientes in Corrientes, Argentina; Tarija in Departamento de Tarija, Bolivia (Plurinational State of); Puerto Boyacá in Departamento de Boyacá, Colombia; Ciénaga in Departamento del Magdalena, Colombia; Ecuador; Yondó in Antioquia, Colombia; Jordán in Departamento de Santander, Colombia; Patrick in Patrick, Isle of Man; Boyacá in Departamento de Boyacá, Colombia; Olaya in Antioquia, Colombia; Trompeteros in Loreto, Peru; Vladimir in Vladimirskaya Oblast’, Russian Federation; Laredo in Santander, Santander, Cantabria, Cantabria, Spain; Antakya in Hatay, Türkiye",Juan Carlos; Mauricio Cabrera; Carlos Contreras; Armando Sarmiento; Franklin Molina Ortiz,Petroleum Company; Parque Nacional; Oxfam; Relaciones Internacionales; El Deber; Fondo Mundial; Occidental Petroleum Corporation; Standard Oil; Chevron Texaco; Norte S A; Yacimientos Petroliferos Fiscales Bolivianos; Ecopetrol S A,eldeber,BOL rss.title.latest,Bolivia (Plurinational State of),General News,webnews,413683002,eldeber-516f90903bef5189ade6e39d74af0bf9
2023-06-27T18:30:14.341Z,English,https://gphin.canada.ca/cepr/showarticle.jsp?docId=1014153928,https://portal.who.int/eios/#/items/413682976/only-vaccinated-animals-can-be-slaughtered-for-consumption-in-upper-east/full-article,Only vaccinated animals can be slaughtered for consumption in Upper East,,"The Upper East Regional Public Health Emergency Management Committee (PHEMC) says animals vaccinated with certified anthrax vaccines before June 20, 2023, are allowed to be slaughtered for consumption. It however noted that such animals should be slaughtered under strict supervision by Veterinary and Environmental Health Officers, preferably at designated slaughterhouses or places certified by Veterinary Officers.",,"By Godfred A. Polkuu
Bolgatanga, June 27, GNA – The Upper East Regional Public Health Emergency Management Committee (PHEMC), says animals vaccinated with certified anthrax vaccines before June 20, 2023, are allowed to be slaughtered for consumption.
It however noted that such animals should be....",Anthrax; TradeBan; Vaccination,Burkina Faso; Ghana,"Bolgatanga in Upper East Region, Ghana; Burkina Faso; Togo; Niger",Stephen Yakubu,Ghana News Agency; Emergency,gphin,gphin,Canada,Medical,wire,413682976,gphin-2e7939d9ed9d6640808777e9ad3a2e7e
2023-06-27T18:28:15.746Z,French,https://www.challenges.fr/top-news/julius-maada-bio-l-ancien-soldat-aux-commandes-de-la-sierra-leone-pour-cinq-ans-encore_860100,https://portal.who.int/eios/#/items/413682888/julius-maada-bio-former-soldier-at-the-controls-of-sierra-leone-for-five-more-years/full-article,"Julius Maada Bio, former soldier at the controls of Sierra Leone for five more years","Julius Maada Bio, l'ancien soldat aux commandes de la Sierra Leone pour cinq ans encore",,"Julius Maada Bio monte on stage and begins to déhancher on a tube of afrobeats, to the cheers of a crowd of supporters dressed in green of symbolic of his party, under the banner of which he was re-elected Tuesday for five years at the head of Sierra Leone.","Julius Maada Bio monte sur scène et commence à se déhancher sur un tube d'afrobeats, sous les acclamations d'une foule de partisans vêtus du vert symbolique de son parti, sous la bannière duquel il a été réélu mardi pour cinq ans à la tête de la Sierra Leone.",Conflict,Côte d’Ivoire; Sierra Leone,"Freetown in Western Area, Sierra Leone; Toumodi in Côte d’Ivoire",Mohamed Rahman Swaray; Foday Sankoh; Jamie Hitchen; Valentine Strasser; Julius Maada Bio; Samura Kamara; Edward Hinga Sandy; JOHN WESSELS,Reporters Without Borders,challenges,Challenges,France,General News,webnews,413682888,challenges-4b531fcf9bec8963d52cd0e176bc5dfb
2023-06-27T18:27:13.259Z,English,https://allafrica.com/stories/202306270686.html,https://portal.who.int/eios/#/items/413682789/4-namibia-scope-for-namibian-small-scale-fisheries/full-article,4 Namibia: Scope for Namibian Small-Scale Fisheries,,"The NNF received support through small grants from the EU-funded Ecofish to strengthen community fisheries in the Kavango-Zambezi (Kaza) trans-frontier conservation area. The fair provided a platform to expand the participants' understanding, contribute to collective growth and encourage other project partners to learn from each other.",,"According to a statement from the NNF, the Ecofish programme, through its development initiatives, seeks to improve the livelihoods of people by promoting sustainable fisheries. The NNF is a Namibian non-governmental organisation that initiates, supports and promotes activities to conserve the....",Ecology,Namibia,Namibia; Mombasa in Kenya,Fatuma Adan,EU,allafrica-environment,All Africa,United States of America,General News,webnews,413682789,allafrica-environment-8cd3aadebde7367055fed63e36d78f39
2023-06-27T18:28:19.069Z,English,https://www.news-medical.net/news/20230627/Newly-identified-enzyme-could-be-a-useful-tool-for-creating-anticancer-drugs.aspx,https://portal.who.int/eios/#/items/413682921/newly-identified-enzyme-could-be-a-useful-tool-for-creating-anticancer-drugs/full-article,Newly identified enzyme could be a useful tool for creating anticancer drugs,,"Rice University chemical engineer Xue Gao and her team mapped out the full series of enzyme-powered reactions a marine fungus uses to produce 21R-citrinadin A. In the process, Gao identified a new enzyme, CtdY, which is the only one of its kind known to break an amide bond. The enzyme's ability to cleave amide bonds could make it a useful tool for creating new drugs.",,"Many of the drugs we use to treat cancer and infectious disease are ⎯ or derive from ⎯ natural products, but it's difficult to know exactly how nature assembles them. Retracing nature's steps, Rice University chemical engineer Xue Gao and her team mapped out the full series of enzyme-powered....",Communicabledisease,Mali,"Gao in Gao, Mali",Robert A Welch,Chemical Society,newsmedical,News-Medical.Net,United States of America,Medical,Medical,413682921,newsmedical-15bcba3b284430042dd4a4994087bd34
2023-06-27T18:26:17.684Z,English,https://www.foxnews.com/world/underground-movement-detected-south-african-mine-month-gas-explosion-shuttered-site,https://portal.who.int/eios/#/items/413682750/underground-movement-detected-at-south-african-mine-a-month-after-a-gas-explosion-shuttered-the-site/full-article,Underground movement detected at South African mine a month after a gas explosion shuttered the site,,"Last month, a South African gold mine collapsed during a gas explosion. Authorities say they have detected movement underground, raising the possibility that some of the workers survived. Due to the dangerous amounts of methane gas present in the South African mine, search efforts has not yet been launched. Officials also said it's likely that there were more illegal miners underground than initially thought.",,"Last month, a South African gold mine collapsed during a gas explosion, which was suspected to have caused the deaths of at least 31 workers. However, South African authorities say they have detected movement underground, raising the possibility that some of the workers survived.",Chemicalaccidents; Man-Made Disasters,Lesotho; South Africa; Zimbabwe,"Virginia in Virginia, Matjhabeng, Lejweleputswa District Municipality, Orange Free State, South Africa; Mozambique; Zimbabwe; Lesotho; South Africa; Welkom in Welkom, Matjhabeng, Lejweleputswa District Municipality, Orange Free State, South Africa",Gwede Mantashe,Harmony Gold,foxnews,FOXNews,United States of America,General News,webnews,413682750,foxnews-48b04fe28ce8fc5daea477764b0de2f3
2023-06-27T18:24:15.641Z,Turkish,https://haberbolgesi.com/baskan-sierra-leonede-bir-donem-daha-kazandi-2/,https://portal.who.int/eios/#/items/413682609/bakan-sierra-leonede-bir-dnem-daha-kazand/full-article,Başkan Sierra Leone’de Bir Dönem Daha Kazandı,,,,"Ülkenin seçim komisyonuna göre, Sierra Leone Devlet Başkanı Julius Maada Bio, Salı günü Batı Afrika ülkesi Sierra Leone’de, oy sayımında şeffaflık eksikliği ve ara sıra meydana gelen şiddet olaylarıyla ilgili endişeler arasında yeniden seçildi. Bay Bio oyların yüzde 56’sını alarak ilk turda ona sürpriz bir zafer kazandırdı.",Conflict,Sierra Leone,"Freetown in Western Area, Sierra Leone",Julius Maada Bio; Samura Kamara; Devlet Başkanı; Ishmael Beah; Joseph Johnson,Carter Center; Assembleia Nacional,haberbolgesi,Turkish News,Türkiye,General News,webnews,413682609,haberbolgesi-84db19fc36aaadb5a7d4d78206e1e14d
2023-06-27T18:25:13.648Z,English,https://gphin.canada.ca/cepr/showarticle.jsp?docId=1014153864,https://portal.who.int/eios/#/items/413682689/criteria-for-the-certification-of-dracunculiasis-eradication-2023-update/full-article,"Criteria for the certification of dracunculiasis eradication, 2023 update",,"2023 update of Criteria for the certification of dracunculiasis eradication supersedes the documents published by the World Health Organization in 1990, 1993 and 1996. The present revised criteria include the recommendations of the thirteenth meeting of the ICCDE. A critical challenge is the emergence of new patterns of infection in animal hosts, particularly domestic dogs.",,"Overview
This 2023 update of Criteria for the certification of dracunculiasis eradication supersedes the documents published by the World Health Organization (WHO) in 1990, 1993 and 1996. The 1990 publication included the report of an informal consultation on the criteria for certification of....",Endemic,Ethiopia; Switzerland,"Addis Ababa in Addis Ababa, Ethiopia; Guinea",,World Health Organization; Member States,gphin,gphin,Canada,Medical,wire,413682689,gphin-ec7bac31882943b76dfa070e0979976c
2023-06-27T18:17:14.336Z,English,https://www.thezimbabwemail.com/world-news/pro-war-german-foreign-minister-brings-her-belligerence-to-south-africa/,https://portal.who.int/eios/#/items/413681916/june-27-2023-pro-war-german-foreign-minister-brings-her-belligerence-to-south-africa-world-news/full-article,"[ June 27, 2023 ] Pro-war German foreign minister brings her belligerence to South Africa World News",,"Germany's foreign minister calls for Russia ""to stop the bombing"" of Ukraine. Annalena Baerbock's challenge came during a one-day visit to Pretoria. South Africa's position on the war in Ukraine has been under close scrutiny. U.S. ambassador alleged that South Africa loaded weapons onto a Russian ship.",,"JOHANNESBURG (AP) — Germany’s foreign minister on Tuesday called for Russia “to stop the bombing” of Ukraine, a pointed message during a visit to South Africa as it draws accusations of aiding Moscow’s war effort. Annalena Baerbock’s challenge came during a one-day visit to Pretoria that had been....",Conflict,Brazil; China; Germany; India; Russian Federation; South Africa; Ukraine,"Germany; Moscow in Moscow, Russian Federation; Pretoria in Pretoria, City of Tshwane, City of Tshwane Metropolitan Municipality, Gauteng, South Africa; Cape Town in Somerset West, City of Cape Town, City of Cape Town, Western Cape, South Africa; Brazil; India; China; Ukraine",Naledi Pandor; Vladimir Putin; Cyril Ramaphosa; Annalena Baerbock,International Criminal Court; South African government; ANC party; Russian government,Emmnews,PRESS Latest articles about Communicable Disease,Italy,European News,webnews,413681916,Emmnews-a7393e7f59c24571152a046e4b6bbc5d
2023-06-27T18:16:14.083Z,English,https://www.newsobserver.com/news/nation-world/national/article276786816.html,https://portal.who.int/eios/#/items/413681881/watch-as-pedestrians-dodge-driver-doing-donuts-at-busy-florida-intersection-cops-say/full-article,"Watch as pedestrians dodge driver doing ‘donuts’ at busy Florida intersection, cops say",,"An 18-year-old driver was recorded doing “donuts” in the middle of an intersection while other participants blocked travel lanes, officials said. Hillsborough County deputies and Tampa police teamed up for the operation, after learning on social media that an illegal street racing event was being staged.",,"An illegal street race in Florida came to a screeching halt when police and deputies descended on multiple locations simultaneously, arresting 15 people and seizing eight cars, according to the Hillsborough County Sheriff’s Office. Among those arrested was an 18-year-old driver who was recorded....",Travel Restrictions,Chad; Grenada,"Hillsborough in Grenada; Tampa in Hillsborough, Florida, United States of America; Madison in Dane, Wisconsin, United States of America",Chad Chronister,Ford Motor Co,Emmnews,PRESS Latest articles about Communicable Disease,Italy,European News,webnews,413681881,Emmnews-82381cba81de19406a04342af845dbb2
2023-06-27T18:13:15.102Z,English,https://www.nampa.org/index.php?model=categories&function=display&id=22229524,https://portal.who.int/eios/#/items/413681707/burkina-unrest-toll/full-article,Burkina-unrest-toll,,"Dozens of Burkinabe soldiers and allied volunteer militiamen (VDP) killed in two attacks. Two attacks carried out by suspected jihadists in country's north, security sources say. ""Terrorist groups attacked the village of Noaka"" in the north of the country, ""mainly targeting the VDP""",,"URGENT Burkina troops, allied militiamen killed in attacks: security sources Ouagadougou, June 27, 2023 (AFP) - Dozens of Burkinabe soldiers and allied volunteer militiamen (VDP) were killed in two attacks carried out by suspected jihadists in the country's north, security sources said Tuesday.",Terrorist Attack,Burkina Faso,"Ouagadougou in Centre, Burkina Faso",,,nampa,Namibian Press Agency,Namibia,General News,webnews,413681707,nampa-0038ef323d32dc246cee0c308a6c263b
2023-06-27T18:13:19.562Z,English,https://www.the-star.co.ke/in-pictures/2023-06-27-photos-ruto-chairs-cabinet-meeting/,https://portal.who.int/eios/#/items/413681755/president-william-ruto-chairs-a-cabinet-meeting-at-the-state-house-on-june-27-2023-pcs/full-article,"President William Ruto chairs a Cabinet meeting at the State House on June 27, 2023. PCS",,"President William Ruto on Tuesday chaired a Cabinet meeting at State House, Nairobi. The meeting discussed various issues including the drought and food situation in the country. It also approved the hosting of the Bill and Melinda Gates Foundation's sub-regional office in Kenya. The collaboration will support healthcare, agricultural transformation, and economic growth.",,"President William Ruto on Tuesday chaired a Cabinet meeting at State House, Nairobi. The meeting discussed various issues including the drought and food situation in the country, digitalisation of government services and a way to deal with the pending bills. It approved the establishment of a special committee on pending bills.",Drought,Kenya,"Nairobi in Nairobi, Kenya",David Ndii; William Ruto; Monica Juma; Cleophas Malala,Bill and Melinda Gates Foundation; Council of Economic Advisers; State House; National Government,thestarkenya,The star - kenya,Kenya,General News,webnews,413681755,thestarkenya-8769b14f93113b041ec7aa440bb7ff29
2023-06-27T18:13:19.715Z,English,https://www.the-star.co.ke/counties/rift-valley/2023-06-27-lsk-seeks-revival-of-criminal-case-odpp-declined-to-prosecute/,https://portal.who.int/eios/#/items/413681756/lsk-seeks-revival-of-case-odpp-declined-to-prosecute/full-article,LSK seeks revival of case ODPP declined to prosecute,,The Law Society of Kenya wants all criminal cases the Office of Public prosecutions failed to prosecute to be revived to ensure justice is equitably served. LSK president Eric Theuri said the society is saddened with the manner in which the ODPP handled certain cases despite the overwhelming evidence collected by investigators. Theuri faulted the way the O DPP handled the murder of three employees of Karebe Gold Mine Company in Nandi.,,The Law Society of Kenya wants all criminal cases the Office of Public prosecutions failed to prosecute to be revived to ensure justice is equitably served. LSK president Eric Theuri said the society is saddened with the manner in which the ODPP handled certain cases despite the overwhelming....,Conflict,Kenya,"Nairobi in Nairobi, Kenya; Kapsabet in Kenya",Eric Theuri,Law Society,thestarkenya,The star - kenya,Kenya,General News,webnews,413681756,thestarkenya-2eb88bc8097ea60648b081ba98fda908
2023-06-27T18:12:11.795Z,English,https://www.sciencedirect.com/science/article/abs/pii/S0926669023008531?dgcid=rss_sd_all,https://portal.who.int/eios/#/items/413681616/the-ctmyb63-ctu-box1-ctuch1-module-regulates-cold-tolerance-and-hydroxysafflor-yellow-a-accumulation-in-carthamus-tinctorius/full-article,The CtMYB63 -CtU-box1-CtUCH1 module regulates cold tolerance and Hydroxysafflor yellow A accumulation in Carthamus tinctorius,,"Temperatures are one of the main environmental factors affecting the growth and development of plants. Under low-temperature conditions, plants activate a cascade of signal transduction factors. In apples and pears, low temperature promotes gene expression in the flavonoid synthesis pathway. Hydroxysafflor yellow A (HYSA) is the main active ingredient of safflower. Modern pharmacological studies have found HSYA is effective in anti-inflammatory, anti-coagulant and anti-oxidative stress.",,"Introduction Temperature conditions are one of the main environmental factors affecting the growth and development of plants (Chinnusamy et al., 2007, Shi et al., 2015). Low-temperature stress includes low-temperature chilling injury (< 20 ℃) and low-temperature freezing injury (< 0 ℃) (Sanghera et al.",Drought; Food Security And Food Aid,China; Liberia,"Harper in Liberia; Wenzhou in Zhejiang, China; Ye in Mon State, Myanmar; Aba in Abia State, Nigeria; Jilin in Jilin, China",,Science and Technology Development; Technology Research; Development Project,sciencedirect-indcropprod,industrial crops and products,The United Kingdom,Medical,Medical,413681616,sciencedirect-indcropprod-0ed181e6a21ed5774c6a769c2d6b95e5
2023-06-27T18:12:11.560Z,English,https://www.sciencedirect.com/science/article/abs/pii/S0926669023008300?dgcid=rss_sd_all,https://portal.who.int/eios/#/items/413681615/the-key-physiological-and-molecular-responses-of-neolamarckia-cadamba-to-phosphorus-deficiency-stress-by-hydroponics/full-article,The key physiological and molecular responses of Neolamarckia cadamba to phosphorus deficiency stress by hydroponics,,"Plant growth and development are strongly affected by the nutrients availability in the soil. Phosphorus (P) is one of the most crucial mineral elements and macronutrients required for the growth of plants. Low P availability is regarded as a major limiting factor for plant growth, especially in acidic soils. Understanding the molecular mechanisms of plant response to low Pi or PD stress are important strategies to solve the above problems.",,"Introduction Plant growth and development are strongly affected by the nutrients availability in the soil. Notably, phosphorus (P) is one of the most crucial mineral elements and macronutrients required for the growth and development of plants, and is a key constituent of nucleotides and structural....",Phosphorus and its compounds,China; Nigeria,"Aba in Abia State, Nigeria; Guangzhou in Guangdong, China; Aimin in Heilongjiang, China; Shanghai in Shanghai, China",,Biotechnology Co Ltd; Key Laboratory,sciencedirect-indcropprod,industrial crops and products,The United Kingdom,Medical,Medical,413681615,sciencedirect-indcropprod-193751007d3e155ae3098f66749cf2c0
2023-06-27T18:10:10.537Z,English,https://www.sabcnews.com/sabcnews/disaster-management-teams-dispatched-in-kzn-heavy-rain-warning-issued/,https://portal.who.int/eios/#/items/413681484/disaster-management-teams-dispatched-in-kzn-heavy-rain-warning-issued/full-article,"Disaster management teams dispatched in KZN, heavy rain warning issued",,"KwaZulu-Natal MEC for Human Settlements, Sipho Nkosi, says disaster management teams have been dispatched to Inanda, north of Durban. The roofs of many homes have been blown away by the strong wind, while some houses have been flooded by heavy rains. This comes as the weather service issues an orange level 6 warning for heavy rain along the South Coast.",,"KwaZulu-Natal MEC for Human Settlements, Sipho Nkosi, says disaster management teams have been dispatched to Inanda, north of Durban, to assist communities who have been affected by storm winds and heavy rain. The roofs of many homes have been blown away by the strong wind, while some houses have been flooded by heavy rains.",Cyclonic storm; Natural Disasters; Tornado,South Africa,"Durban in KwaZulu-Natal, South Africa; Umdoni in KwaZulu-Natal, South Africa; Umzumbe in KwaZulu-Natal, South Africa",,,sabcnews,SABC News ,South Africa,General News,webnews,413681484,sabcnews-5498b097dca1d3ace6ae57c77cf93247
2023-06-27T18:09:10.728Z,French,https://reliefweb.int/job/3975218/gestionnaire-de-programme-afrique-de-louest,https://portal.who.int/eios/#/items/413681399/gestionnaire-de-programme-afrique-de-louest/full-article,"Gestionnaire de programme, Afrique de l’Ouest",,,,"Date limite pour soumettre votre candidature: le 24 juillet 2023 (9h00 HAE) Date d’entrée en fonction : 1er novembre, 2023 (négociable) Si vous croyez que le changement social n’est pas une utopie; que les principes et processus féministes peuvent contribuer à changer le monde; que les militant(e)s....",Ecology,Burkina Faso; Canada,"Burkina Faso; Senegal; Guinea-Bissau; Togo; Ottawa in Ottawa, Ontario, Canada",,Microsoft Windows,reliefWeb,Relief Web,Switzerland,NGO,webnews,413681399,reliefWeb-931478361146a4bc3a138e6c3623c956
2023-06-27T18:08:15.922Z,English,https://northafricapost.com/69013-sahel-armed-groups-illicit-arms-trade-fuels-drug-trafficking-unodc-report.html,https://portal.who.int/eios/#/items/413681367/sahel-armed-groups-illicit-arms-trade-fuels-drug-trafficking-unodc-report/full-article,"Sahel: armed groups, illicit arms trade fuels drug trafficking — UNODC report",,"Drug trafficking continues to thrive in the Sahel, home to 300 million people and a buyer’s market for guns. Non-state armed groups are very active there, according to a new 2023 report. The quantities of cocaine seized in Mauritania, Mali, Burkina Faso, Niger, and Chad soared last year.",,"Drug trafficking continues to thrive in the Sahel, home to 300 million people and a buyer’s market for guns, because of non-state armed groups which are very active there, according to a new 2023 report published Monday June 26 by the United Nations Office on Drugs and Crime (UNODC).",Endemic,Burkina Faso; Chad; Mali; Mauritania; Niger,Mauritania; Most in Czechia; Niger; Chad,Mali Burkina Faso,United Nations,northafricapost,The North Africa Post,Morocco,General News,webnews,413681367,northafricapost-4410c04a90b0e10d0baa4eab7b54504c
2023-06-27T18:03:25.961Z,Swahili,https://www.dw.com/sw/umoja-wa-mataifa-watiwa-wasiwasi-na-kutanuka-mzozo-wa-sudan/a-66048805,https://portal.who.int/eios/#/items/413680978/umoja-wa-mataifa-watiwa-wasiwasi-na-kutanuka-mzozo-wa-sudan/full-article,Umoja wa Mataifa watiwa wasiwasi na kutanuka mzozo wa Sudan,,,,"Umoja wa Mataifa umesema mzozo wa Sudan unatanuka kuelekea ""viwango vya kutia wasiwasi"" huko katika jimbo la Darfur na unachukua mkondo wa mgawanyiko wa kikabila.

Darfur, mkoa wa magharibi mwa nchi hiyo kwenye mpaka na taifa la Chad imeshuhudia machafuko ya kutisha tangu kuzuka kwa mapigano kati ya....",Conflict,Chad; Sudan,"Sudan; Soma in Lower River, Gambia; Chad",,United Nations High Commissioner for Refugees; United Nations,deutschewelle-sw,Deutsche Welle (Kiswahili),Germany,General News,webnews,413680978,deutschewelle-sw-9c3578be83bfae17498c596f56fc5212
2023-06-27T18:03:26.077Z,Swahili,https://www.dw.com/sw/raia-wa-uganda-waishitaki-kampuni-ya-mafuta-ya-total/a-66048775,https://portal.who.int/eios/#/items/413680979/raia-wa-uganda-waishitaki-kampuni-ya-mafuta-ya-total/full-article,Raia wa Uganda waishitaki kampuni ya mafuta ya Total,,,,"Raia 26 wa Uganda wamefungua mashatka dhidi ya kampuni kubwa ya kuchimba mafuta ya Ufaransa ya Total wakitaka kulipwa fidia kwa ukiukwaji mkubwa wa haki za binaadamu kwenye miradi mikubwa ya kampuni hiyo.

Wakiwa wameungana na raia wengine wa tano na makundi ya msaada ya Ufaransa, watu kutoka jamii....",Conflict,France; Uganda,"Uganda; Bahari in Loir-et-Cher, Centre-Val de Loire, France; Paris in Paris, Paris, Île-de-France, France; United Republic of Tanzania",Afrika Mashariki,,deutschewelle-sw,Deutsche Welle (Kiswahili),Germany,General News,webnews,413680979,deutschewelle-sw-92d10c89ade93f95f19ba3ffc5c6d3bc
2023-06-27T18:04:10.406Z,French,https://www.francebleu.fr/infos/environnement/la-riviere-de-la-hem-deterree-a-escoeuilles-9609097,https://portal.who.int/eios/#/items/413680999/hauts-de-france-there-is-19min-the-river-of-the-hem-dterre-to-escoeuilles-residents-of-village-of-escoeuilles-in-the-pas-de-calais-almost-desvres-go-r/full-article,"Hauts-de-france there is 19min the river of the Hem ""déterrée"" to Escoeuilles residents of village of Escoeuilles, in the Pas-de-Calais almost Desvres, go rediscover the Hem. The river, since forty-odd years in large pipes under bitumen in the village, just déterrée. It is to eyes and biodiversity.","Hauts-de-France Il y a 19min La rivière de la Hem ""déterrée"" à Escoeuilles Les habitants du village d'Escoeuilles, dans le Pas-de-Calais, près de Desvres, vont redécouvrir la Hem. La rivière, qui passait depuis une quarantaine d'années dans de gros tuyaux sous le bitume dans le village, vient d'être déterrée. C'est bien pour les yeux et la biodiversité.",,"For the past 40 years, the Hem happening by large pipes, under the bitumen. It will be new visible the inhabitants and the banks will be végétalisées. © Radio France Odile Senellart. Forty years after its disappearance, the Hem reappear in the eyes of the inhabitants of Escoeuilles! In this.","Depuis une quarantaine d'années, la Hem passait par de gros tuyaux, sous le bitume. Elle sera de nouveau visible des habitants et les berges seront végétalisées. © Radio France Odile Senellart.

Quarante ans après sa disparition, la Hem réapparaît aux yeux des habitants d'Escoeuilles! Dans ce....",Ecology,France; Mauritius,"Desvres in Pas-de-Calais, Hauts-de-France, France; Mauritius",Christian Leroy,Radio France,francebleu,France bleu,France,General News,webnews,413680999,francebleu-752ce95172a899e1d9c7c2c73cb6cf9a
2023-06-27T18:00:15.993Z,French,https://www.dw.com/fr/the-sentry-groupe-wagner-rca-centrafrique-afrique-russie/a-66048693,https://portal.who.int/eios/#/items/413680647/the-sentry-analysis-the-strategy-of-group-wagner-in-rca/full-article,The Sentry analysis The strategy of group Wagner in rca,The Sentry analyse la stratégie du Groupe Wagner en RCA,,"The ngo has just published a report on the presence of the group Wagner in the Central African Republic. Completion of five years of field surveys, this document explains how the russian group could make its entry into the country in 2018, jusqu'à take almost control of security forces....","L'ONG vient de publier un rapport sur la présence du groupe Wagner en République centrafricaine . Aboutissement de cinq ans d'enquêtes sur le terrain, ce document explique comment le groupe russe a pu faire son entrée dans le pays en 2018, jusqu'à prendre le quasi contrôle des forces de sécurité....",Conflict,Burkina Faso; Central African Republic; Chad; Libya; Mali; Sudan; Ukraine,"Central African Republic; Khartoum in Khartoum, Sudan; Russian Federation; Libya; Mali; Cameroon; Chad; Ukraine",Faustin Archange Touadera; Khalifa Haftar; Nathalia Dukhan; Noureddine Adam,,dw-fr,dw - french,Germany,General News,webnews,413680647,dw-fr-60c0aaa996d596fa92ac44f9e3b150fe
2023-06-27T18:00:16.561Z,English,https://www.justiceinfo.net/en/118619-sudan-capital-sees-heavy-fighting-on-eve-of-muslim-holiday.html,https://portal.who.int/eios/#/items/413680650/sudan-capital-sees-heavy-fighting-on-eve-of-muslim-holiday/full-article,Sudan capital sees heavy fighting on eve of Muslim holiday,,"Fighting in Khartoum is now concentrated around military bases. At the same time, the conflict is worsening to ""alarming levels"" in Darfur. Since the war erupted on April 15, the RSF has established bases in residential neighbourhoods. The army has struggled to gain a foothold on the ground despite its air superiority.",,"Fighting in the city between the army led by General Abdel Fattah al-Burhan and General Mohamed Hamdan Daglo's paramilitary Rapid Support Forces (RSF) is now concentrated around military bases. At the same time in Sudan's west, the conflict is worsening to ""alarming levels"" in Darfur, the United Nations warned.",Curfews; Refugees and Internally Displaced Persons,Chad; Ethiopia; Sudan; Switzerland,"Khartoum in Khartoum, Sudan; Al Junaynah in Western Darfur, Sudan; Egypt; Ad-Damazin in Blue Nile State, Sudan; Chad; Ethiopia; Washington in City of Washington, Washington, Washington, D.C., United States of America",Abdel Fattah al Burhan; Hamdan Daglo; Mohammed Hamdan,United Nations; Red Cross; Rapid Support Forces,justiceinfo,JusticeInfo,Switzerland,General News,webnews,413680650,justiceinfo-e5a2a3d48d9ccd44fd69c45051a89c0e
2023-06-27T18:01:20.742Z,English,https://www.socialscienceinaction.org/resources/local-disease-ecosystem-livelihood-dynamics-reflections-from-comparative-case-studies-in-africa/,https://portal.who.int/eios/#/items/413680810/local-disease-ecosystem-livelihood-dynamics-reflections-from-comparative-case-studies-in-africa/full-article,Local disease-ecosystem-livelihood dynamics: reflections from comparative case studies in Africa,,"This article explores the implications for human health of local interactions between disease, ecosystems and livelihoods. Five interdisciplinary case studies addressed zoonotic diseases in African settings. Rift Valley fever (RVF) in Kenya, human African trypanosomiasis in Zambia and Zimbabwe, Lassa fever in Sierra Leone and henipaviruses in Ghana.",,"Leach, Melissa, Bett, Bernard, Said, M, Bukachi, Salome, Sang, Rosemary, Anderson, Neil, Machila, Noreen, Kuleszo, Joanna, Schaten, Kathryn, Dzingirai, Vupenyu, Mangwanya, Lindiwe, Ntiamoa-Baidu, Yaa, Lawson, Elaine, Amponsah-Mensah, Kofi, Moses, Lina M, Wilkinson, Annie, Grant, Donald S, Koninga, James.",Coccidioidomycosis; Henipavirus; Lassa Fever; Rift Valley Fever; Sleeping Sickness; Zoonoses,Kenya; Zimbabwe,Kenya; Zambia; Zimbabwe; Sierra Leone; Ghana,Rosemary Anderson; Annie Grant,Rift valley,socialscienceinaction,Social Science in Humanitarian Action Platform,The United Kingdom,General News,webnews,413680810,socialscienceinaction-a3adfa4ce39088e92216020cf7fb9947
2023-06-27T18:01:20.907Z,English,https://www.socialscienceinaction.org/resources/lessons-learned-from-engaging-communities-for-ebola-vaccine-trials-in-sierra-leone-reciprocity-relatability-relationships-and-respect-the-four-rs/,https://portal.who.int/eios/#/items/413680811/lessons-learned-from-engaging-communities-for-ebola-vaccine-trials-in-sierra-leone-reciprocity-relatability-relationships-and-respect-the-four-rs/full-article,"Lessons learned from engaging communities for Ebola vaccine trials in Sierra Leone: reciprocity, relatability, relationships and respect (the four R’s)",,"Building trust and engaging the community are important for biomedical trials. This was core to the set up and delivery of the EBOVAC-Salone and PREVAC Ebola vaccine trials in Sierra Leone during and following the 2014–2016 West African Ebola epidemic. Local community liaison teams engaged with the community through public meetings, radio chat shows, and other activities.",,Building trust and engaging the community are important for biomedical trials. This was core to the set up and delivery of the EBOVAC-Salone and PREVAC Ebola vaccine trials in Sierra Leone during and following the 2014–2016 West African Ebola epidemic.,Ebola; Epidemic; Vaccination,Sierra Leone,Sierra Leone,,CE,socialscienceinaction,Social Science in Humanitarian Action Platform,The United Kingdom,General News,webnews,413680811,socialscienceinaction-01c2a19c771bc8baf5d4fb6888a65ba0
2023-06-27T18:00:18.612Z,French,https://france3-regions.francetvinfo.fr/grand-est/bas-rhin/strasbourg-0/video-restes-humains-africains-l-universite-de-strasbourg-s-engage-a-un-devoir-d-inventaire-de-ses-collections-2803529.html,https://portal.who.int/eios/#/items/413680672/video-human-remains-africans-the-university-of-strasbourg-undertakes-to-a-duty-to-inventory-of-its-collections-is-great/full-article,"Video. 'Human remains africans "": the university of Strasbourg undertakes to a duty to inventory of its collections is great","VIDÉO. ""Restes humains africains"" : l'Université de Strasbourg s'engage à un devoir d'inventaire de ses collections Grand Est",,"The university of Strasbourg announced Monday 26 June she would do a precise list of ""collections of human remains africans"" stored in these reserves. The skeletal remains given particular collectés 20ᵉ at the beginning of the century, namibia and tanzania. More than a hundred years later, applications for refunds must revisit this past.","L'Université de Strasbourg a annoncé lundi 26 juin qu'elle allait faire un inventaire précis des ""collections de restes humains africains"" stockés dans ces réserves. Des ossements notamment, collectés au début du 20ᵉ siècle en Namibie et en Tanzanie. Plus de cent ans plus tard, des demandes de restitutions obligent à revisiter ce passé.",Conflict,France; United Republic of Tanzania,"Strasbourg in Grand Est, France; Namibia; Moshi in Kilimanjaro, United Republic of Tanzania; United Republic of Tanzania",Mathieu Schneider,,francetvinfo,francetvinfo,France,General News,TVRadio,413680672,francetvinfo-c0f61427d018b9c9eea5b36e98df311b
2023-06-27T17:59:16.162Z,French,https://information.tv5monde.com/afrique/ou-se-trouvent-les-principales-activites-de-wagner-en-afrique-2651099,https://portal.who.int/eios/#/items/413680455/where-are-the-main-activities-of-wagner-in-africa/full-article,Where are the main activities of Wagner in africa?,Où se trouvent les principales activités de Wagner en Afrique ?,,"In Centrafrique a military presence indispensable to president Touadéra. Hundreds of mercenaries of Wagner landed in Centrafrique in 2018, officially in Moscow to train the army. The regime of Faustin Archange Touadera blamed France, the former colonial power,....","En Centrafrique une présence militaire indispensable au président Touadéra. Des centaines de mercenaires de Wagner ont débarqué en Centrafrique en 2018, officiellement selon Moscou pour entraîner l'armée. Le régime de Faustin-Archange Touadéra reprochait à la France, l'ancienne puissance coloniale,....",Conflict; Society,Botswana; Burundi; Central African Republic; Congo; Democratic Republic of the Congo; France; Guinea; Libya; Mali; Russian Federation; Sudan; Zimbabwe,"Moscow in Moscow, Russian Federation; Zimbabwe; Sudan; South Sudan; Botswana; Burundi; Ouagadougou in Centre, Burkina Faso; Bangui in Central African Republic; Chad; Comoros; Congo; Democratic Republic of the Congo; Paris in Paris, Paris, Île-de-France, France; Guinea; Bissau in Bissau, Guinea-Bissau; Tripoli in Tripoli, Tripoli, Libya; Madagascar; Mali; Mozambique; Nigeria; Saudi Arabia; Washington in City of Washington, Washington, Washington, D.C., United States of America",Evgueni Prigojine; Katiba Macina; Faustin Archange Touadera; Ibrahim Traore; Khalifa Haftar,United Nations; Office of the United Nations High Commissioner for Human Rights; Jeune Afrique; Human Rights Watch,tv5,TV5,France,General News,TVRadio,413680455,tv5-a9c0861b52c5b8576cb5c945eb781a7d
2023-06-27T18:00:28.720Z,Hungarian,https://www.vg.hu/kozelet/2023/06/szazak-haltak-ehen-etiopiaban-miutan-lealltak-a-segelyek,https://portal.who.int/eios/#/items/413680597/szzak-haltak-hen-etipiban-miutn-lelltak-a-seglyek/full-article,"Százak haltak éhen Etiópiában, miután leálltak a segélyek",,,,"Az észak-etiópiai Tigré tartományban március óta legalább hétszázan éhen haltak, miután az ENSZ és az Egyesült Államok felfüggesztette a térségbe szánt élelmiszersegélyek szállítását – közölték a helyi hatóságok kedden. Először márciusban még csak Tigrébe, júniusban azonban már az egész országba....",Conflict; Food Security And Food Aid,Ethiopia,"Ethiopia; Washington in City of Washington, Washington, Washington, D.C., United States of America",Robert Jaeger,World Food Program,vg-online,Vil�ggazdas�g Online,Hungary,General News,webnews,413680597,vg-online-e9f1ad21dbeef864a4de2602b7c0dbb4
2023-06-27T17:59:13.777Z,English,https://nationaldailyng.com/asari-nigerian-army-navy-on-oil-theft-and-shame-of-a-failed-state/,https://portal.who.int/eios/#/items/413680437/asari-nigerian-armynavy-on-oil-theft-and-shame-of-a-failed-state/full-article,"Asari, Nigerian Army/Navy on Oil Theft and Shame of a Failed State",,Asari Dokubo accused the Nigerian Navy and Army of being army of thieves responsible for 99 percent of crude oil theft from the Niger Delta. The Army and Navy could do thus far was to dish out very dumb responses. Asari maximally used the State House to advertise his security/insecurity business and do a very negative review of the enemy.,,"Walahi, there was a country called Nigeria and without doubt, the past was another country that died eight years ago. How can anyone explain that ludicrousness is now enthroned as the acceptable norms in the affairs of our nation. All aspects of our national life has been so corrupted that even the....",Vomiting,Niger; Nigeria,"Abuja in FCT, Nigeria; Kaduna in Kaduna State, Nigeria",Mujahid Dokubo Asari; Also Read,Nigerian Army; Armed Forces; Nigerian military; State House; Nigerian government,nationaldailyng,nationaldailyng,Nigeria,General News,webnews,413680437,nationaldailyng-d14cf346cd9ac50d0ddec29fefbc4810
2023-06-27T17:59:19.068Z,English,https://www.precisionvaccinations.com/vaccines/ervebo-ebola-vaccine,https://portal.who.int/eios/#/items/413680481/ervebo-ebola-vaccine/full-article,ERVEBO Ebola Vaccine,,"As of March 8, 2022, the U.S. CDC stated, 'The correlate of protection, or the specific immune response to the ERVEBO vaccine that closely relates to protection against infection with EBOV, is unknown and still being studied' Ervebo Efficacy The CDC evaluated vaccine efficacy in a two-part phase 3, open-label, cluster-randomized, controlled ring vaccination trial in Guinea during the 2014–2016 Ebola outbreak.",,"As of March 8, 2022, the U.S. CDC stated, 'The correlate of protection, or the specific immune response to the ERVEBO vaccine that closely relates to protection against infection with EBOV, is unknown and still being studied. It is also unknown whether it is effective when administered concurrently....",Adverse Events Following Immunization; Ebola; Epidemic; Pregnant women; Supply of medicine and healthcare services; Unknown disease; Vaccination,Burundi; Democratic Republic of the Congo; Guinea; United States of America,"Guinea; Zambia; Burundi; Congo; University in Hillsborough, Florida, United States of America; Ghana; United States of America; Democratic Republic of the Congo",Wilbur Chen; Caitlin Cossaboom,UNICEF; World Health Organization; Intelligence Service; Maryland school,precisionvaccinations,Precision Vaccinations,United States of America,Medical,webnews,413680481,precisionvaccinations-1c9149b89befda8ccb365ac56e0a7fe5
2023-06-27T17:56:13.542Z,Turkish,https://www.haberler.com/yerel/nilufer-belediyesi-nin-bitki-isleme-tesisi-projesi-15117527-haberi/,https://portal.who.int/eios/#/items/413680308/nilferin-tbbi-aromatik-bitki-ileme-tesisi-projesine-bebkadan-hibe/full-article,Nilüfer'in Tıbbi-Aromatik Bitki İşleme Tesisi Projesi'ne BEBKA'dan hibe,,,,"Nilüfer Belediyesi'nin ""Nilüfer Tıbbi ve Aromatik Bitki İşleme Tesisi"" Projesi, BEBKA 2022 Kırsal Kalkınma Mali Destek Programı çerçevesinde hibe almaya hak kazandı. Projeyle bölgede tıbbi ve aromatik bitki yetiştiriciliğinin teşvik edilmesi, üreticinin ürünlerine katma değer sağlanması ve pazarlama....",Ecology,Mali; Türkiye,"Nilufer in Bursa, Türkiye; Bilecik in Bilecik, Türkiye; Bursa in Bursa, Türkiye; Eskişehir in Eskişehir, Türkiye",Nilufer Belediyesi; Mali Destek,,haberler,Samanyolu Haber,Türkiye,General News,webnews,413680308,haberler-57f2ab953358a352f7277635a294e21f
2023-06-27T17:55:11.301Z,English,https://journals.plos.org/plosone/article?id=10.1371/journal.pone.0287549,https://portal.who.int/eios/#/items/413680244/the-effects-of-pulmonary-rehabilitation-on-inflammatory-biomarkers-in-patients-with-chronic-obstructive-pulmonary-disease-protocol-for-a-systematic-re/full-article,The effects of pulmonary rehabilitation on inflammatory biomarkers in patients with chronic obstructive pulmonary disease: Protocol for a systematic review and meta-analysis,,"The effects of pulmonary rehabilitation on inflammatory biomarkers in patients with chronic obstructive pulmonary disease: Protocol for a systematic review and meta-analysis. Five databases (AMED, CINAHL, Ovid MEDLINE, MEDLINE (Pubmed), EMBASE) will be searched from their inception to identify primary literature evaluating the effects of PR on systemic inflammation. Two reviewers will independently screen titles, abstracts, and full texts for eligibility.",,"Materials and methods Using the search terms “chronic obstructive pulmonary disease”, “pulmonary rehabilitation”, and “inflammatory biomarkers” and their synonyms, five databases (AMED, CINAHL, Ovid MEDLINE, MEDLINE (Pubmed), EMBASE) will be searched from their inception to identify primary....",Sodium; Supply of medicine and healthcare services,Uganda,Uganda,Creative Commons,Microsoft; Gulu University,plos-plosone,plosone,The United Kingdom,Medical,Medical,413680244,plos-plosone-56a44bbfb261dd18bf199272c6ae53b3
2023-06-27T17:52:13.650Z,English,https://www.marketscreener.com/quote/stock/MERCK-CO-INC-13611/news/New-scheme-aims-to-get-vaccines-to-outbreaks-faster-Gavi-44205210/,https://portal.who.int/eios/#/items/413680010/new-scheme-aims-to-get-vaccines-to-outbreaks-faster-gavi/full-article,New scheme aims to get vaccines to outbreaks faster - Gavi,,"Three global health bodies are teaming up to investigate stockpiling experimental vaccines. Initiative will focus initially on Marburg and the Sudan strain of Ebola. There are no existing vaccines or proven treatments available for either of the infections. If successful, the scheme could be a pilot for other deadly diseases.",,"LONDON, June 27 (Reuters) - Three global health bodies are teaming up to investigate stockpiling experimental vaccines for rare infectious diseases so the shots can be tested more quickly when outbreaks happen, a top official from vaccine alliance Gavi told Reuters.",Communicabledisease; Ebola; Epidemic; Hemorrhagic fever; Marburg Hemorrhagic Fever; Vaccination,Equatorial Guinea; India; Sudan,Sudan; Equatorial Guinea; India; Uganda; United Republic of Tanzania,Jennifer Rigby; Mark Potter; Aurelia Nguyen,Oxford University; Serum Institute; World Health Organization,4-traders,4-traders,France,Financial News,webnews,413680010,4-traders-cd9ff2cc5b347011bf3f35634fd7f46f
2023-06-27T17:50:13.210Z,English,https://gphin.canada.ca/cepr/showarticle.jsp?docId=1014153361,https://portal.who.int/eios/#/items/413679850/anthrax-outbreak-committee-bans-slaughtering-movement-of-animals-in-upper-east-region/full-article,"Anthrax Outbreak: Committee Bans Slaughtering, Movement Of Animals In Upper East Region",,"The initial ban on the movement of animals including cattle, sheep, goats, pigs, and donkeys remains in force. Animals from neighbouring countries to the Upper East Region (Burkina Faso, Togo, and Niger) are allowed to pass through the region. Community members are being advised to avoid eating sick or dead animals.",,"The Regional Public Health Emergency Management Committee in the Upper East Region has reinforced restrictions on movement of animals in the area.

This was after extensive deliberations on June 26 on the ongoing anthrax outbreak situation in the region when the committee unanimously agreed to continue imposing certain restrictions.",Anthrax; Travel Restrictions; Vaccination,Burkina Faso; Ghana,"Upper East Region in Upper East Region, Ghana; Burkina Faso; Togo; Niger",,Emergency,gphin,gphin,Canada,Medical,wire,413679850,gphin-0fd4dc015d7857267a2fc7abee2a3531
2023-06-27T17:48:09.294Z,English,https://www.premiumtimesng.com/sports/football/607030-nigerian-football-star-appeals-against-rape-conviction-in-denmark.html,https://portal.who.int/eios/#/items/413679669/nigerian-football-star-appeals-against-rape-conviction-in-denmark/full-article,Nigerian football star appeals against rape conviction in Denmark,,"Nigeria's rising football star, Akin Amoo, was found guilty of three counts of rape and attempted rape last Friday. His legal counsel promptly filed an appeal against the verdict. If his appeal fails, he faces the prospect of spending at least a year behind bars. His brother, Sunday, insists Amoo is innocent and merely a victim of blackmail.",,", one of Nigeria’s rising football stars, is fighting to salvage his reputation and career in Denmark following a recent conviction on three counts of rape and attempted rape. Last Friday, the Copenhagen District Court found Mr Amoo guilty of the three charges brought against him.",Travel Restrictions,Denmark; Nigeria; Sweden,"Nigeria; Sweden; Copenhagen in Capital Region, Denmark",Obafemi Awolowo; Ile Ife,Ekstra Bladet; Premium Times; Nigeria national football team,premiumtimesng,Premium Times Nigeria,Nigeria,General News,webnews,413679669,premiumtimesng-4cd3379db1c0545e9fee762dabc6a490
2023-06-27T17:48:09.420Z,English,https://www.premiumtimesng.com/foreign/west-africa-foreign/607033-breaking-president-bio-defeats-apcs-kamara-declared-winner-of-sierra-leone-presidential-election.html,https://portal.who.int/eios/#/items/413679670/breaking-president-bio-defeats-apcs-kamara-declared-winner-of-sierra-leone-presidential-election/full-article,"BREAKING: President Bio defeats APC’s Kamara, declared winner of Sierra Leone presidential election",,"President Julius Bio of Sierra Leone was on Tuesday declared the winner of the presidential election in the West African country. He secured victory by polling over 56 per cent of the votes to avoid a run-off against main rival Samura Kamara, who polled about 41 per cent. The president, 59, was running for re-election after a first term of five years characterised by inflation, high cost of living and poor currency.",,"President Julius Bio of Sierra Leone was on Tuesday declared the winner of the presidential election in the West African country. Mr Bio secured victory by polling over 56 per cent of the votes to avoid a run-off against main rival Samura Kamara, who polled about 41 per cent.",Teargas,Sierra Leone,"Freetown in Western Area, Sierra Leone",Julius Bio; Samura Kamara,EU; Premium Times; University of Ilorin; APC party; Tautas Partija; Election Observation Mission,premiumtimesng,Premium Times Nigeria,Nigeria,General News,webnews,413679670,premiumtimesng-936cfb2f21a4d624a43acf22c50dec29
2023-06-27T17:48:14.996Z,English,https://www.enca.com/news/tornado-rips-through-inanda,https://portal.who.int/eios/#/items/413679739/tornado-rips-through-inanda/full-article,Tornado rips through Inanda,,Two people treated for minor injuries. They had been caught inside a container that overturned during the tornado. Damage to roofs and power cables is extensive but there's no indication yet on the extent of the wreckage in northern KwaZulu-Natal. WARNING: GRAPHIC CONTENT.,,"Courtesy #DStv403 DURBAN - A tornado has torn through parts of northern KwaZulu-Natal.

Structures in Inanda have been damaged. Emergency services have treated two people for minor injuries before transporting them to hospital. They had been caught inside a container that overturned during the tornado.",Cyclonic storm; Natural Disasters; Tornado,South Africa,,,Emergency,enca,eNCA,South Africa,General News,webnews,413679739,enca-a10f82a8c5e7f22068d36ed6e5311678
2023-06-27T17:45:08.802Z,Russian,https://www.mk.ru/social/2023/06/27/v-rossii-nachalas-epidemiya-transgendernosti-my-imeem-delo-s-sektoy.html,https://portal.who.int/eios/#/items/413679462/in-russia-began-epidemichas-transam-gender-haus-would-be-red-list-cult-against-the-backdrop-of-the-ongoing-political-developments-suddenly-pushed-to-t/full-article,"""In russia began epidemichas transam gender-haus would be: red-list cult"" Against the backdrop of the ongoing political developments suddenly pushed to the back burner mega-trial bill on the total prohibition of sex change in russia, who is here - there must take in the state duma. And if, at the beginning of the speech was that simply does not allow our citizens to change their documents to another gender-haus without surgical correction, now, apparently, the case over the fact that russia totally prohibit the sex-change operations.","""В России началась эпидемия трансгендерности: мы имеем дело с сектой"" На фоне происходящих политических событий внезапно отошел на задний план громкий законопроект о полном запрете смены пола в России, который вот-вот должны принять в Государственной думе. И если в самом начале речь шла о том, чтобы просто не разрешать нашим гражданам менять свои документы на другой гендер без хирургической коррекции, то теперь, судя по всему, дело закончится тем, что в России тотально запретят операции по смене",,"— for the three decades of work to papa turned around 600 people, 130 he gave permission to replace sex — tells ol'ga Бухановская. — no one came and said then that he wants to “return” back. As, by the way, very often happens today, especially in the west — when people changed their sex, but soon realised that rzgndit.","— За три десятка лет работы к папе обратились около 600 человек, 130 он дал разрешение на смену пола, — рассказывает Ольга Бухановская. — Ни один из них не пришел и не сказал потом, что хочет «вернуться» обратно. Как, кстати, очень часто происходит сегодня, особенно на Западе — когда человек сменил пол, а вскоре понял, что передумал.",Adolescents; Epidemic; Suicide,Iran (Islamic Republic of); Russian Federation; South Sudan,Juba in South Sudan; Russian Federation,у Александра,,mk.ru,Moskovsky komsomolets,Russian Federation,General News,webnews,413679462,mk.ru-6847c27b56bbae49f71ad33246c2e47e
2023-06-27T18:09:13.820Z,Hungarian,https://www.penzcentrum.hu/szorakozas/20230627/hihetetlen-amit-pannonhalmara-terveznek-ilyet-garantaltan-nem-latott-meg-magyarorszag-1138482?utm_source=hirkereso_es_kapu&utm_medium=penzcentrum_linkek&utm_campaign=hiraggregator,https://portal.who.int/eios/#/items/413681427/hihetetlen-amit-pannonhalmra-terveznek-ilyet-garantltan-nem-ltott/full-article,"Hihetetlen, amit Pannonhalmára terveznek: ilyet garantáltan nem látott...",,,,"Idén a méheké lesz a főszerep a Pannonhalma CAMPUS-on. A rendezvény keretein belül egy terápiás épületet is felépítenek majd, amelynek tervezésére pályázatot hirdettek. A Pannonhalma és Térsége Fejlesztéséért Alapítvány a program megvalósítása érdekében közösségi finanszírozási kampányt indít a....",Humanitarian Aid,Botswana; Zimbabwe,Botswana; Zimbabwe,,,hirkereso,hirkereso,Hungary,General News,webnews,413681427,hirkereso-0f60f41759c840718ea8a393d80dbbdc
2023-06-27T18:05:12.293Z,English,https://www.thesouthafrican.com/news/watch-viral-video-tornado-leaves-a-trail-of-destruction-in-kzn-breaking-news-27-june-2023-latest/,https://portal.who.int/eios/#/items/413681042/watch-tornado-leaves-a-trail-of-destruction-in-kzn/full-article,Watch: Tornado leaves a trail of destruction in KZN,,"The weather services warned that significant snow is expected from Tuesday in several parts of the country. Please WhatsApp your photos and videos to 060 011 0211. Remember to include your name, surname, and as many details as you have. You are, of course, welcome to send anonymous tips and information.",,"DID YOU SEE THE TORNADO? PLEASE SEND US YOUR SNOW PHOTOS AND VIDEOS. Please WhatsApp your photos and videos to 060 011 0211 . Please remember to include your name, surname, and as many details and information as you have. You are, of course, welcome to send anonymous tips and information.",Natural Disasters,South Africa; The United Kingdom,"South Africa; Croydon in Greater London, England, The United Kingdom",Also Read,África United; Pty Ltd,newsnow-co-uk,migration NGO - News Now,The United Kingdom,General News,webnews,413681042,newsnow-co-uk-ac00d0524f3c8b312163bbdc975002f1